ISO-10303-21;
HEADER;
FILE_DESCRIPTION(('Open CASCADE Model'),'2;1');
FILE_NAME('Open CASCADE Shape Model','2026-10-09T10:52:38',('Author'),(
    'Open CASCADE'),'Open CASCADE STEP processor 7.9','Open CASCADE 7.9'
  ,'Unknown');
FILE_SCHEMA(('AUTOMOTIVE_DESIGN { 1 0 10303 214 1 1 1 1 }'));
ENDSEC;
DATA;
#1 = APPLICATION_PROTOCOL_DEFINITION('international standard',
  'automotive_design',2000,#2);
#2 = APPLICATION_CONTEXT(
  'core data for automotive mechanical design processes');
#3 = SHAPE_DEFINITION_REPRESENTATION(#4,#10);
#4 = PRODUCT_DEFINITION_SHAPE('','',#5);
#5 = PRODUCT_DEFINITION('design','',#6,#9);
#6 = PRODUCT_DEFINITION_FORMATION('','',#7);
#7 = PRODUCT('Open CASCADE STEP translator 7.9 9',
  'Open CASCADE STEP translator 7.9 9','',(#8));
#8 = PRODUCT_CONTEXT('',#2,'mechanical');
#9 = PRODUCT_DEFINITION_CONTEXT('part definition',#2,'design');
#10 = ADVANCED_BREP_SHAPE_REPRESENTATION('',(#11,#15),#2989);
#11 = AXIS2_PLACEMENT_3D('',#12,#13,#14);
#12 = CARTESIAN_POINT('',(0.,0.,0.));
#13 = DIRECTION('',(0.,0.,1.));
#14 = DIRECTION('',(1.,0.,-0.));
#15 = MANIFOLD_SOLID_BREP('',#16);
#16 = CLOSED_SHELL('',(#17,#289,#471,#615,#806,#939,#1146,#1340,#1418,
    #1551,#1606,#1636,#1691,#1744,#1898,#2175,#2224,#2320,#2428,#2586,
    #2634,#2661,#2688,#2695,#2849,#2906,#2946,#2978));
#17 = ADVANCED_FACE('',(#18),#32,.F.);
#18 = FACE_BOUND('',#19,.F.);
#19 = EDGE_LOOP('',(#20,#55,#83,#112,#136,#159,#188,#212,#235,#263));
#20 = ORIENTED_EDGE('',*,*,#21,.F.);
#21 = EDGE_CURVE('',#22,#24,#26,.T.);
#22 = VERTEX_POINT('',#23);
#23 = CARTESIAN_POINT('',(-24.5,-1.99999995,9.999999406318E-08));
#24 = VERTEX_POINT('',#25);
#25 = CARTESIAN_POINT('',(-24.5,2.00000005,9.999999406318E-08));
#26 = SURFACE_CURVE('',#27,(#31,#43),.PCURVE_S1.);
#27 = LINE('',#28,#29);
#28 = CARTESIAN_POINT('',(-24.5,-2.99999995,9.999999406318E-08));
#29 = VECTOR('',#30,1.);
#30 = DIRECTION('',(0.,1.,0.));
#31 = PCURVE('',#32,#37);
#32 = PLANE('',#33);
#33 = AXIS2_PLACEMENT_3D('',#34,#35,#36);
#34 = CARTESIAN_POINT('',(24.5,-2.99999995,9.999999406318E-08));
#35 = DIRECTION('',(1.110223024625E-16,0.,1.));
#36 = DIRECTION('',(-1.,0.,1.110223024625E-16));
#37 = DEFINITIONAL_REPRESENTATION('',(#38),#42);
#38 = LINE('',#39,#40);
#39 = CARTESIAN_POINT('',(49.,0.));
#40 = VECTOR('',#41,1.);
#41 = DIRECTION('',(0.,-1.));
#42 = ( GEOMETRIC_REPRESENTATION_CONTEXT(2) 
PARAMETRIC_REPRESENTATION_CONTEXT() REPRESENTATION_CONTEXT('2D SPACE',''
  ) );
#43 = PCURVE('',#44,#49);
#44 = PLANE('',#45);
#45 = AXIS2_PLACEMENT_3D('',#46,#47,#48);
#46 = CARTESIAN_POINT('',(-24.5,-2.99999995,9.999999406318E-08));
#47 = DIRECTION('',(-1.,0.,1.110223024625E-16));
#48 = DIRECTION('',(1.110223024625E-16,0.,1.));
#49 = DEFINITIONAL_REPRESENTATION('',(#50),#54);
#50 = LINE('',#51,#52);
#51 = CARTESIAN_POINT('',(0.,0.));
#52 = VECTOR('',#53,1.);
#53 = DIRECTION('',(0.,1.));
#54 = ( GEOMETRIC_REPRESENTATION_CONTEXT(2) 
PARAMETRIC_REPRESENTATION_CONTEXT() REPRESENTATION_CONTEXT('2D SPACE',''
  ) );
#55 = ORIENTED_EDGE('',*,*,#56,.F.);
#56 = EDGE_CURVE('',#57,#22,#59,.T.);
#57 = VERTEX_POINT('',#58);
#58 = CARTESIAN_POINT('',(-1.874772708487,-1.99999995,9.999999406318E-08
    ));
#59 = SURFACE_CURVE('',#60,(#64,#71),.PCURVE_S1.);
#60 = LINE('',#61,#62);
#61 = CARTESIAN_POINT('',(24.5,-1.99999995,9.999999406318E-08));
#62 = VECTOR('',#63,1.);
#63 = DIRECTION('',(-1.,0.,1.110223024625E-16));
#64 = PCURVE('',#32,#65);
#65 = DEFINITIONAL_REPRESENTATION('',(#66),#70);
#66 = LINE('',#67,#68);
#67 = CARTESIAN_POINT('',(0.,-1.));
#68 = VECTOR('',#69,1.);
#69 = DIRECTION('',(1.,0.));
#70 = ( GEOMETRIC_REPRESENTATION_CONTEXT(2) 
PARAMETRIC_REPRESENTATION_CONTEXT() REPRESENTATION_CONTEXT('2D SPACE',''
  ) );
#71 = PCURVE('',#72,#77);
#72 = CYLINDRICAL_SURFACE('',#73,1.);
#73 = AXIS2_PLACEMENT_3D('',#74,#75,#76);
#74 = CARTESIAN_POINT('',(24.5,-1.99999995,1.0000001));
#75 = DIRECTION('',(-1.,0.,1.110223024625E-16));
#76 = DIRECTION('',(-1.110223024625E-16,0.,-1.));
#77 = DEFINITIONAL_REPRESENTATION('',(#78),#82);
#78 = LINE('',#79,#80);
#79 = CARTESIAN_POINT('',(0.,0.));
#80 = VECTOR('',#81,1.);
#81 = DIRECTION('',(0.,1.));
#82 = ( GEOMETRIC_REPRESENTATION_CONTEXT(2) 
PARAMETRIC_REPRESENTATION_CONTEXT() REPRESENTATION_CONTEXT('2D SPACE',''
  ) );
#83 = ORIENTED_EDGE('',*,*,#84,.F.);
#84 = EDGE_CURVE('',#85,#57,#87,.T.);
#85 = VERTEX_POINT('',#86);
#86 = CARTESIAN_POINT('',(-2.2,-0.99999995,9.999999406318E-08));
#87 = SURFACE_CURVE('',#88,(#93,#100),.PCURVE_S1.);
#88 = CIRCLE('',#89,1.7);
#89 = AXIS2_PLACEMENT_3D('',#90,#91,#92);
#90 = CARTESIAN_POINT('',(-0.5,-0.99999995,9.999999406318E-08));
#91 = DIRECTION('',(1.110223024625E-16,0.,1.));
#92 = DIRECTION('',(-1.,0.,1.110223024625E-16));
#93 = PCURVE('',#32,#94);
#94 = DEFINITIONAL_REPRESENTATION('',(#95),#99);
#95 = CIRCLE('',#96,1.7);
#96 = AXIS2_PLACEMENT_2D('',#97,#98);
#97 = CARTESIAN_POINT('',(25.,-2.));
#98 = DIRECTION('',(1.,0.));
#99 = ( GEOMETRIC_REPRESENTATION_CONTEXT(2) 
PARAMETRIC_REPRESENTATION_CONTEXT() REPRESENTATION_CONTEXT('2D SPACE',''
  ) );
#100 = PCURVE('',#101,#106);
#101 = CYLINDRICAL_SURFACE('',#102,1.7);
#102 = AXIS2_PLACEMENT_3D('',#103,#104,#105);
#103 = CARTESIAN_POINT('',(-0.5,-0.99999995,-0.9999999));
#104 = DIRECTION('',(1.110223024625E-16,0.,1.));
#105 = DIRECTION('',(-1.,0.,1.110223024625E-16));
#106 = DEFINITIONAL_REPRESENTATION('',(#107),#111);
#107 = LINE('',#108,#109);
#108 = CARTESIAN_POINT('',(0.,1.));
#109 = VECTOR('',#110,1.);
#110 = DIRECTION('',(1.,0.));
#111 = ( GEOMETRIC_REPRESENTATION_CONTEXT(2) 
PARAMETRIC_REPRESENTATION_CONTEXT() REPRESENTATION_CONTEXT('2D SPACE',''
  ) );
#112 = ORIENTED_EDGE('',*,*,#113,.F.);
#113 = EDGE_CURVE('',#114,#85,#116,.T.);
#114 = VERTEX_POINT('',#115);
#115 = CARTESIAN_POINT('',(0.874772708487,-1.99999995,9.999999406318E-08
    ));
#116 = SURFACE_CURVE('',#117,(#122,#129),.PCURVE_S1.);
#117 = CIRCLE('',#118,1.7);
#118 = AXIS2_PLACEMENT_3D('',#119,#120,#121);
#119 = CARTESIAN_POINT('',(-0.5,-0.99999995,9.999999406318E-08));
#120 = DIRECTION('',(1.110223024625E-16,0.,1.));
#121 = DIRECTION('',(-1.,0.,1.110223024625E-16));
#122 = PCURVE('',#32,#123);
#123 = DEFINITIONAL_REPRESENTATION('',(#124),#128);
#124 = CIRCLE('',#125,1.7);
#125 = AXIS2_PLACEMENT_2D('',#126,#127);
#126 = CARTESIAN_POINT('',(25.,-2.));
#127 = DIRECTION('',(1.,0.));
#128 = ( GEOMETRIC_REPRESENTATION_CONTEXT(2) 
PARAMETRIC_REPRESENTATION_CONTEXT() REPRESENTATION_CONTEXT('2D SPACE',''
  ) );
#129 = PCURVE('',#101,#130);
#130 = DEFINITIONAL_REPRESENTATION('',(#131),#135);
#131 = LINE('',#132,#133);
#132 = CARTESIAN_POINT('',(0.,1.));
#133 = VECTOR('',#134,1.);
#134 = DIRECTION('',(1.,0.));
#135 = ( GEOMETRIC_REPRESENTATION_CONTEXT(2) 
PARAMETRIC_REPRESENTATION_CONTEXT() REPRESENTATION_CONTEXT('2D SPACE',''
  ) );
#136 = ORIENTED_EDGE('',*,*,#137,.F.);
#137 = EDGE_CURVE('',#138,#114,#140,.T.);
#138 = VERTEX_POINT('',#139);
#139 = CARTESIAN_POINT('',(6.125227291513,-1.99999995,9.999999406318E-08
    ));
#140 = SURFACE_CURVE('',#141,(#145,#152),.PCURVE_S1.);
#141 = LINE('',#142,#143);
#142 = CARTESIAN_POINT('',(24.5,-1.99999995,9.999999406318E-08));
#143 = VECTOR('',#144,1.);
#144 = DIRECTION('',(-1.,0.,1.110223024625E-16));
#145 = PCURVE('',#32,#146);
#146 = DEFINITIONAL_REPRESENTATION('',(#147),#151);
#147 = LINE('',#148,#149);
#148 = CARTESIAN_POINT('',(0.,-1.));
#149 = VECTOR('',#150,1.);
#150 = DIRECTION('',(1.,0.));
#151 = ( GEOMETRIC_REPRESENTATION_CONTEXT(2) 
PARAMETRIC_REPRESENTATION_CONTEXT() REPRESENTATION_CONTEXT('2D SPACE',''
  ) );
#152 = PCURVE('',#72,#153);
#153 = DEFINITIONAL_REPRESENTATION('',(#154),#158);
#154 = LINE('',#155,#156);
#155 = CARTESIAN_POINT('',(0.,0.));
#156 = VECTOR('',#157,1.);
#157 = DIRECTION('',(0.,1.));
#158 = ( GEOMETRIC_REPRESENTATION_CONTEXT(2) 
PARAMETRIC_REPRESENTATION_CONTEXT() REPRESENTATION_CONTEXT('2D SPACE',''
  ) );
#159 = ORIENTED_EDGE('',*,*,#160,.F.);
#160 = EDGE_CURVE('',#161,#138,#163,.T.);
#161 = VERTEX_POINT('',#162);
#162 = CARTESIAN_POINT('',(5.8,-0.99999995,9.999999406318E-08));
#163 = SURFACE_CURVE('',#164,(#169,#176),.PCURVE_S1.);
#164 = CIRCLE('',#165,1.7);
#165 = AXIS2_PLACEMENT_3D('',#166,#167,#168);
#166 = CARTESIAN_POINT('',(7.5,-0.99999995,9.999999406318E-08));
#167 = DIRECTION('',(1.110223024625E-16,0.,1.));
#168 = DIRECTION('',(-1.,0.,1.110223024625E-16));
#169 = PCURVE('',#32,#170);
#170 = DEFINITIONAL_REPRESENTATION('',(#171),#175);
#171 = CIRCLE('',#172,1.7);
#172 = AXIS2_PLACEMENT_2D('',#173,#174);
#173 = CARTESIAN_POINT('',(17.,-2.));
#174 = DIRECTION('',(1.,0.));
#175 = ( GEOMETRIC_REPRESENTATION_CONTEXT(2) 
PARAMETRIC_REPRESENTATION_CONTEXT() REPRESENTATION_CONTEXT('2D SPACE',''
  ) );
#176 = PCURVE('',#177,#182);
#177 = CYLINDRICAL_SURFACE('',#178,1.7);
#178 = AXIS2_PLACEMENT_3D('',#179,#180,#181);
#179 = CARTESIAN_POINT('',(7.5,-0.99999995,-0.9999999));
#180 = DIRECTION('',(1.110223024625E-16,0.,1.));
#181 = DIRECTION('',(-1.,0.,1.110223024625E-16));
#182 = DEFINITIONAL_REPRESENTATION('',(#183),#187);
#183 = LINE('',#184,#185);
#184 = CARTESIAN_POINT('',(0.,1.));
#185 = VECTOR('',#186,1.);
#186 = DIRECTION('',(1.,0.));
#187 = ( GEOMETRIC_REPRESENTATION_CONTEXT(2) 
PARAMETRIC_REPRESENTATION_CONTEXT() REPRESENTATION_CONTEXT('2D SPACE',''
  ) );
#188 = ORIENTED_EDGE('',*,*,#189,.F.);
#189 = EDGE_CURVE('',#190,#161,#192,.T.);
#190 = VERTEX_POINT('',#191);
#191 = CARTESIAN_POINT('',(8.874772708487,-1.99999995,9.999999406318E-08
    ));
#192 = SURFACE_CURVE('',#193,(#198,#205),.PCURVE_S1.);
#193 = CIRCLE('',#194,1.7);
#194 = AXIS2_PLACEMENT_3D('',#195,#196,#197);
#195 = CARTESIAN_POINT('',(7.5,-0.99999995,9.999999406318E-08));
#196 = DIRECTION('',(1.110223024625E-16,0.,1.));
#197 = DIRECTION('',(-1.,0.,1.110223024625E-16));
#198 = PCURVE('',#32,#199);
#199 = DEFINITIONAL_REPRESENTATION('',(#200),#204);
#200 = CIRCLE('',#201,1.7);
#201 = AXIS2_PLACEMENT_2D('',#202,#203);
#202 = CARTESIAN_POINT('',(17.,-2.));
#203 = DIRECTION('',(1.,0.));
#204 = ( GEOMETRIC_REPRESENTATION_CONTEXT(2) 
PARAMETRIC_REPRESENTATION_CONTEXT() REPRESENTATION_CONTEXT('2D SPACE',''
  ) );
#205 = PCURVE('',#177,#206);
#206 = DEFINITIONAL_REPRESENTATION('',(#207),#211);
#207 = LINE('',#208,#209);
#208 = CARTESIAN_POINT('',(0.,1.));
#209 = VECTOR('',#210,1.);
#210 = DIRECTION('',(1.,0.));
#211 = ( GEOMETRIC_REPRESENTATION_CONTEXT(2) 
PARAMETRIC_REPRESENTATION_CONTEXT() REPRESENTATION_CONTEXT('2D SPACE',''
  ) );
#212 = ORIENTED_EDGE('',*,*,#213,.F.);
#213 = EDGE_CURVE('',#214,#190,#216,.T.);
#214 = VERTEX_POINT('',#215);
#215 = CARTESIAN_POINT('',(24.5,-1.99999995,9.999999406318E-08));
#216 = SURFACE_CURVE('',#217,(#221,#228),.PCURVE_S1.);
#217 = LINE('',#218,#219);
#218 = CARTESIAN_POINT('',(24.5,-1.99999995,9.999999406318E-08));
#219 = VECTOR('',#220,1.);
#220 = DIRECTION('',(-1.,0.,1.110223024625E-16));
#221 = PCURVE('',#32,#222);
#222 = DEFINITIONAL_REPRESENTATION('',(#223),#227);
#223 = LINE('',#224,#225);
#224 = CARTESIAN_POINT('',(0.,-1.));
#225 = VECTOR('',#226,1.);
#226 = DIRECTION('',(1.,0.));
#227 = ( GEOMETRIC_REPRESENTATION_CONTEXT(2) 
PARAMETRIC_REPRESENTATION_CONTEXT() REPRESENTATION_CONTEXT('2D SPACE',''
  ) );
#228 = PCURVE('',#72,#229);
#229 = DEFINITIONAL_REPRESENTATION('',(#230),#234);
#230 = LINE('',#231,#232);
#231 = CARTESIAN_POINT('',(0.,0.));
#232 = VECTOR('',#233,1.);
#233 = DIRECTION('',(0.,1.));
#234 = ( GEOMETRIC_REPRESENTATION_CONTEXT(2) 
PARAMETRIC_REPRESENTATION_CONTEXT() REPRESENTATION_CONTEXT('2D SPACE',''
  ) );
#235 = ORIENTED_EDGE('',*,*,#236,.T.);
#236 = EDGE_CURVE('',#214,#237,#239,.T.);
#237 = VERTEX_POINT('',#238);
#238 = CARTESIAN_POINT('',(24.5,2.00000005,9.999999406318E-08));
#239 = SURFACE_CURVE('',#240,(#244,#251),.PCURVE_S1.);
#240 = LINE('',#241,#242);
#241 = CARTESIAN_POINT('',(24.5,-2.99999995,9.999999406318E-08));
#242 = VECTOR('',#243,1.);
#243 = DIRECTION('',(0.,1.,0.));
#244 = PCURVE('',#32,#245);
#245 = DEFINITIONAL_REPRESENTATION('',(#246),#250);
#246 = LINE('',#247,#248);
#247 = CARTESIAN_POINT('',(0.,0.));
#248 = VECTOR('',#249,1.);
#249 = DIRECTION('',(0.,-1.));
#250 = ( GEOMETRIC_REPRESENTATION_CONTEXT(2) 
PARAMETRIC_REPRESENTATION_CONTEXT() REPRESENTATION_CONTEXT('2D SPACE',''
  ) );
#251 = PCURVE('',#252,#257);
#252 = PLANE('',#253);
#253 = AXIS2_PLACEMENT_3D('',#254,#255,#256);
#254 = CARTESIAN_POINT('',(24.5,-2.99999995,9.999999406318E-08));
#255 = DIRECTION('',(-1.,0.,1.110223024625E-16));
#256 = DIRECTION('',(1.110223024625E-16,0.,1.));
#257 = DEFINITIONAL_REPRESENTATION('',(#258),#262);
#258 = LINE('',#259,#260);
#259 = CARTESIAN_POINT('',(0.,0.));
#260 = VECTOR('',#261,1.);
#261 = DIRECTION('',(0.,1.));
#262 = ( GEOMETRIC_REPRESENTATION_CONTEXT(2) 
PARAMETRIC_REPRESENTATION_CONTEXT() REPRESENTATION_CONTEXT('2D SPACE',''
  ) );
#263 = ORIENTED_EDGE('',*,*,#264,.T.);
#264 = EDGE_CURVE('',#237,#24,#265,.T.);
#265 = SURFACE_CURVE('',#266,(#270,#277),.PCURVE_S1.);
#266 = LINE('',#267,#268);
#267 = CARTESIAN_POINT('',(24.5,2.00000005,9.999999406318E-08));
#268 = VECTOR('',#269,1.);
#269 = DIRECTION('',(-1.,0.,1.110223024625E-16));
#270 = PCURVE('',#32,#271);
#271 = DEFINITIONAL_REPRESENTATION('',(#272),#276);
#272 = LINE('',#273,#274);
#273 = CARTESIAN_POINT('',(0.,-5.));
#274 = VECTOR('',#275,1.);
#275 = DIRECTION('',(1.,0.));
#276 = ( GEOMETRIC_REPRESENTATION_CONTEXT(2) 
PARAMETRIC_REPRESENTATION_CONTEXT() REPRESENTATION_CONTEXT('2D SPACE',''
  ) );
#277 = PCURVE('',#278,#283);
#278 = CYLINDRICAL_SURFACE('',#279,1.);
#279 = AXIS2_PLACEMENT_3D('',#280,#281,#282);
#280 = CARTESIAN_POINT('',(24.5,2.00000005,1.0000001));
#281 = DIRECTION('',(-1.,0.,1.110223024625E-16));
#282 = DIRECTION('',(-1.110223024625E-16,0.,-1.));
#283 = DEFINITIONAL_REPRESENTATION('',(#284),#288);
#284 = LINE('',#285,#286);
#285 = CARTESIAN_POINT('',(-0.,0.));
#286 = VECTOR('',#287,1.);
#287 = DIRECTION('',(-0.,1.));
#288 = ( GEOMETRIC_REPRESENTATION_CONTEXT(2) 
PARAMETRIC_REPRESENTATION_CONTEXT() REPRESENTATION_CONTEXT('2D SPACE',''
  ) );
#289 = ADVANCED_FACE('',(#290),#101,.F.);
#290 = FACE_BOUND('',#291,.F.);
#291 = EDGE_LOOP('',(#292,#321,#342,#343,#469,#470));
#292 = ORIENTED_EDGE('',*,*,#293,.F.);
#293 = EDGE_CURVE('',#294,#294,#296,.T.);
#294 = VERTEX_POINT('',#295);
#295 = CARTESIAN_POINT('',(-2.2,-0.99999995,2.3500001));
#296 = SURFACE_CURVE('',#297,(#302,#309),.PCURVE_S1.);
#297 = CIRCLE('',#298,1.7);
#298 = AXIS2_PLACEMENT_3D('',#299,#300,#301);
#299 = CARTESIAN_POINT('',(-0.5,-0.99999995,2.3500001));
#300 = DIRECTION('',(1.110223024625E-16,0.,1.));
#301 = DIRECTION('',(-1.,0.,1.110223024625E-16));
#302 = PCURVE('',#101,#303);
#303 = DEFINITIONAL_REPRESENTATION('',(#304),#308);
#304 = LINE('',#305,#306);
#305 = CARTESIAN_POINT('',(0.,3.35));
#306 = VECTOR('',#307,1.);
#307 = DIRECTION('',(1.,0.));
#308 = ( GEOMETRIC_REPRESENTATION_CONTEXT(2) 
PARAMETRIC_REPRESENTATION_CONTEXT() REPRESENTATION_CONTEXT('2D SPACE',''
  ) );
#309 = PCURVE('',#310,#315);
#310 = PLANE('',#311);
#311 = AXIS2_PLACEMENT_3D('',#312,#313,#314);
#312 = CARTESIAN_POINT('',(12.,-3.99999995,2.3500001));
#313 = DIRECTION('',(1.110223024625E-16,0.,1.));
#314 = DIRECTION('',(-1.,0.,1.110223024625E-16));
#315 = DEFINITIONAL_REPRESENTATION('',(#316),#320);
#316 = CIRCLE('',#317,1.7);
#317 = AXIS2_PLACEMENT_2D('',#318,#319);
#318 = CARTESIAN_POINT('',(12.5,-3.));
#319 = DIRECTION('',(1.,0.));
#320 = ( GEOMETRIC_REPRESENTATION_CONTEXT(2) 
PARAMETRIC_REPRESENTATION_CONTEXT() REPRESENTATION_CONTEXT('2D SPACE',''
  ) );
#321 = ORIENTED_EDGE('',*,*,#322,.F.);
#322 = EDGE_CURVE('',#85,#294,#323,.T.);
#323 = SEAM_CURVE('',#324,(#328,#335),.PCURVE_S1.);
#324 = LINE('',#325,#326);
#325 = CARTESIAN_POINT('',(-2.2,-0.99999995,-0.9999999));
#326 = VECTOR('',#327,1.);
#327 = DIRECTION('',(1.110223024625E-16,0.,1.));
#328 = PCURVE('',#101,#329);
#329 = DEFINITIONAL_REPRESENTATION('',(#330),#334);
#330 = LINE('',#331,#332);
#331 = CARTESIAN_POINT('',(6.28318530718,-0.));
#332 = VECTOR('',#333,1.);
#333 = DIRECTION('',(0.,1.));
#334 = ( GEOMETRIC_REPRESENTATION_CONTEXT(2) 
PARAMETRIC_REPRESENTATION_CONTEXT() REPRESENTATION_CONTEXT('2D SPACE',''
  ) );
#335 = PCURVE('',#101,#336);
#336 = DEFINITIONAL_REPRESENTATION('',(#337),#341);
#337 = LINE('',#338,#339);
#338 = CARTESIAN_POINT('',(0.,-0.));
#339 = VECTOR('',#340,1.);
#340 = DIRECTION('',(0.,1.));
#341 = ( GEOMETRIC_REPRESENTATION_CONTEXT(2) 
PARAMETRIC_REPRESENTATION_CONTEXT() REPRESENTATION_CONTEXT('2D SPACE',''
  ) );
#342 = ORIENTED_EDGE('',*,*,#84,.T.);
#343 = ORIENTED_EDGE('',*,*,#344,.T.);
#344 = EDGE_CURVE('',#57,#114,#345,.T.);
#345 = SURFACE_CURVE('',#346,(#385,#427),.PCURVE_S1.);
#346 = B_SPLINE_CURVE_WITH_KNOTS('',7,(#347,#348,#349,#350,#351,#352,
    #353,#354,#355,#356,#357,#358,#359,#360,#361,#362,#363,#364,#365,
    #366,#367,#368,#369,#370,#371,#372,#373,#374,#375,#376,#377,#378,
    #379,#380,#381,#382,#383,#384),.UNSPECIFIED.,.F.,.F.,(8,6,6,6,6,6,8)
  ,(0.,0.237381630604,0.383563515376,0.499993907703,0.617099055775,
    0.762747414782,1.),.UNSPECIFIED.);
#347 = CARTESIAN_POINT('',(-1.874772708487,-1.99999995,
    9.999999406318E-08));
#348 = CARTESIAN_POINT('',(-1.809079542437,-2.090313121819,
    9.999999406318E-08));
#349 = CARTESIAN_POINT('',(-1.736946050639,-2.174929314008,
    9.51579712202E-03));
#350 = CARTESIAN_POINT('',(-1.659179705151,-2.253124115892,
    2.638762548469E-02));
#351 = CARTESIAN_POINT('',(-1.576579835299,-2.3245398063,
    4.876621334168E-02));
#352 = CARTESIAN_POINT('',(-1.489841730276,-2.388993795089,
    7.495223232274E-02));
#353 = CARTESIAN_POINT('',(-1.399529301663,-2.446414346232,
    0.103296512935));
#354 = CARTESIAN_POINT('',(-1.248519730625,-2.527740476787,
    0.149844049744));
#355 = CARTESIAN_POINT('',(-1.189609916367,-2.556135780678,
    0.167810744764));
#356 = CARTESIAN_POINT('',(-1.129381468375,-2.581917209533,
    0.185625201818));
#357 = CARTESIAN_POINT('',(-1.067879280253,-2.605044543749,
    0.202885962294));
#358 = CARTESIAN_POINT('',(-1.005138077031,-2.625466719112,
    0.219158345915));
#359 = CARTESIAN_POINT('',(-0.94116799506,-2.643120162415,0.23398306034)
  );
#360 = CARTESIAN_POINT('',(-0.823990447027,-2.669690907641,
    0.257195477322));
#361 = CARTESIAN_POINT('',(-0.771125439533,-2.679681484806,
    0.266302350523));
#362 = CARTESIAN_POINT('',(-0.71760141624,-2.687757813453,0.273930575023
    ));
#363 = CARTESIAN_POINT('',(-0.663605616962,-2.693857182451,
    0.279836079693));
#364 = CARTESIAN_POINT('',(-0.609274070251,-2.697945861178,
    0.283843874703));
#365 = CARTESIAN_POINT('',(-0.554709383298,-2.69999995,0.285857257146));
#366 = CARTESIAN_POINT('',(-0.444973556269,-2.69999995,0.285857257146));
#367 = CARTESIAN_POINT('',(-0.390095552689,-2.697921984224,
    0.283820471762));
#368 = CARTESIAN_POINT('',(-0.335454917904,-2.693786171053,
    0.279766471987));
#369 = CARTESIAN_POINT('',(-0.281155186195,-2.687616894498,
    0.273794154756));
#370 = CARTESIAN_POINT('',(-0.227334179865,-2.679448437623,
    0.266082287438));
#371 = CARTESIAN_POINT('',(-0.174182166686,-2.669344713189,
    0.256879998916));
#372 = CARTESIAN_POINT('',(-5.700581871182E-02,-2.642618130898,
    0.233561298787));
#373 = CARTESIAN_POINT('',(6.699455770342E-03,-2.624963521304,
    0.21875627386));
#374 = CARTESIAN_POINT('',(6.918381105262E-02,-2.604562059142,
    0.202523287982));
#375 = CARTESIAN_POINT('',(0.130437240887,-2.581476472199,0.185316204382
    ));
#376 = CARTESIAN_POINT('',(0.19042580902,-2.555757013223,0.167564393429)
  );
#377 = CARTESIAN_POINT('',(0.249105684988,-2.52744298659,0.149664470577)
  );
#378 = CARTESIAN_POINT('',(0.3998306929,-2.446222436113,0.103201913842)
  );
#379 = CARTESIAN_POINT('',(0.490082999395,-2.38881454902,
    7.487943744215E-02));
#380 = CARTESIAN_POINT('',(0.576764685596,-2.32438027205,
    4.871606476917E-02));
#381 = CARTESIAN_POINT('',(0.659311437729,-2.252991995696,
    2.635889307646E-02));
#382 = CARTESIAN_POINT('',(0.737028424296,-2.174832873914,
    9.504809107995E-03));
#383 = CARTESIAN_POINT('',(0.809117484421,-2.090260960215,
    9.999999406318E-08));
#384 = CARTESIAN_POINT('',(0.874772708487,-1.99999995,9.999999406318E-08
    ));
#385 = PCURVE('',#101,#386);
#386 = DEFINITIONAL_REPRESENTATION('',(#387),#426);
#387 = B_SPLINE_CURVE_WITH_KNOTS('',7,(#388,#389,#390,#391,#392,#393,
    #394,#395,#396,#397,#398,#399,#400,#401,#402,#403,#404,#405,#406,
    #407,#408,#409,#410,#411,#412,#413,#414,#415,#416,#417,#418,#419,
    #420,#421,#422,#423,#424,#425),.UNSPECIFIED.,.F.,.F.,(8,6,6,6,6,6,8)
  ,(0.,0.237381630604,0.383563515376,0.499993907703,0.617099055775,
    0.762747414782,1.),.UNSPECIFIED.);
#388 = CARTESIAN_POINT('',(0.628874925495,1.));
#389 = CARTESIAN_POINT('',(0.694568091545,1.));
#390 = CARTESIAN_POINT('',(0.759779650754,1.009515697122));
#391 = CARTESIAN_POINT('',(0.824348971219,1.026387525485));
#392 = CARTESIAN_POINT('',(0.888260555684,1.048766113342));
#393 = CARTESIAN_POINT('',(0.951557357347,1.074952132323));
#394 = CARTESIAN_POINT('',(1.014346284578,1.103296412935));
#395 = CARTESIAN_POINT('',(1.115238206704,1.149843949744));
#396 = CARTESIAN_POINT('',(1.153667893634,1.167810644764));
#397 = CARTESIAN_POINT('',(1.192144121859,1.185625101818));
#398 = CARTESIAN_POINT('',(1.230725352266,1.202885862294));
#399 = CARTESIAN_POINT('',(1.269474090227,1.219158245915));
#400 = CARTESIAN_POINT('',(1.308468372634,1.23398296034));
#401 = CARTESIAN_POINT('',(1.379146213469,1.257195377322));
#402 = CARTESIAN_POINT('',(1.410772945845,1.266302250523));
#403 = CARTESIAN_POINT('',(1.442579102332,1.273930475023));
#404 = CARTESIAN_POINT('',(1.47450321774,1.279835979693));
#405 = CARTESIAN_POINT('',(1.506517490309,1.283843774703));
#406 = CARTESIAN_POINT('',(1.53861433662,1.285857157146));
#407 = CARTESIAN_POINT('',(1.603164823107,1.285857157146));
#408 = CARTESIAN_POINT('',(1.635445972366,1.283820371762));
#409 = CARTESIAN_POINT('',(1.667643016756,1.279766371987));
#410 = CARTESIAN_POINT('',(1.699748718257,1.273794054756));
#411 = CARTESIAN_POINT('',(1.73173511351,1.266082187438));
#412 = CARTESIAN_POINT('',(1.763539768877,1.256879898917));
#413 = CARTESIAN_POINT('',(1.834237249843,1.233561198787));
#414 = CARTESIAN_POINT('',(1.873082071005,1.21875617386));
#415 = CARTESIAN_POINT('',(1.911684109405,1.202523187982));
#416 = CARTESIAN_POINT('',(1.950120522942,1.185316104382));
#417 = CARTESIAN_POINT('',(1.988453378545,1.167564293429));
#418 = CARTESIAN_POINT('',(2.026740889766,1.149664370577));
#419 = CARTESIAN_POINT('',(2.127455990069,1.103201813842));
#420 = CARTESIAN_POINT('',(2.19021136296,1.074879337442));
#421 = CARTESIAN_POINT('',(2.253475022326,1.048715964769));
#422 = CARTESIAN_POINT('',(2.317352918072,1.026358793076));
#423 = CARTESIAN_POINT('',(2.38188738184,1.009504709108));
#424 = CARTESIAN_POINT('',(2.447062504029,1.));
#425 = CARTESIAN_POINT('',(2.512717728095,1.));
#426 = ( GEOMETRIC_REPRESENTATION_CONTEXT(2) 
PARAMETRIC_REPRESENTATION_CONTEXT() REPRESENTATION_CONTEXT('2D SPACE',''
  ) );
#427 = PCURVE('',#72,#428);
#428 = DEFINITIONAL_REPRESENTATION('',(#429),#468);
#429 = B_SPLINE_CURVE_WITH_KNOTS('',7,(#430,#431,#432,#433,#434,#435,
    #436,#437,#438,#439,#440,#441,#442,#443,#444,#445,#446,#447,#448,
    #449,#450,#451,#452,#453,#454,#455,#456,#457,#458,#459,#460,#461,
    #462,#463,#464,#465,#466,#467),.UNSPECIFIED.,.F.,.F.,(8,6,6,6,6,6,8)
  ,(0.,0.237381630604,0.383563515376,0.499993907703,0.617099055775,
    0.762747414782,1.),.UNSPECIFIED.);
#430 = CARTESIAN_POINT('',(0.,26.374772708487));
#431 = CARTESIAN_POINT('',(9.031317181898E-02,26.309079542437));
#432 = CARTESIAN_POINT('',(0.174929489717,26.236946050639));
#433 = CARTESIAN_POINT('',(0.254326691948,26.159179705151));
#434 = CARTESIAN_POINT('',(0.328671597837,26.076579835299));
#435 = CARTESIAN_POINT('',(0.397937919856,25.989841730276));
#436 = CARTESIAN_POINT('',(0.461852772494,25.899529301663));
#437 = CARTESIAN_POINT('',(0.555557696026,25.748519730625));
#438 = CARTESIAN_POINT('',(0.589126849762,25.689609916367));
#439 = CARTESIAN_POINT('',(0.620425739278,25.629381468375));
#440 = CARTESIAN_POINT('',(0.649255624835,25.567879280253));
#441 = CARTESIAN_POINT('',(0.675353375485,25.505138077031));
#442 = CARTESIAN_POINT('',(0.698401526864,25.44116799506));
#443 = CARTESIAN_POINT('',(0.733683545005,25.323990447027));
#444 = CARTESIAN_POINT('',(0.747198846838,25.271125439533));
#445 = CARTESIAN_POINT('',(0.758306293938,25.21760141624));
#446 = CARTESIAN_POINT('',(0.766795715686,25.163605616962));
#447 = CARTESIAN_POINT('',(0.772521276438,25.109274070251));
#448 = CARTESIAN_POINT('',(0.775397496611,25.054709383298));
#449 = CARTESIAN_POINT('',(0.775397496611,24.944973556269));
#450 = CARTESIAN_POINT('',(0.772487845345,24.890095552689));
#451 = CARTESIAN_POINT('',(0.766696272002,24.835454917904));
#452 = CARTESIAN_POINT('',(0.758110168189,24.781155186195));
#453 = CARTESIAN_POINT('',(0.746878376281,24.727334179865));
#454 = CARTESIAN_POINT('',(0.73321527388,24.674182166685));
#455 = CARTESIAN_POINT('',(0.697745963531,24.557005818712));
#456 = CARTESIAN_POINT('',(0.674709598467,24.49330054423));
#457 = CARTESIAN_POINT('',(0.648652568536,24.430816188947));
#458 = CARTESIAN_POINT('',(0.619888057093,24.369562759113));
#459 = CARTESIAN_POINT('',(0.58867540824,24.30957419098));
#460 = CARTESIAN_POINT('',(0.555210301172,24.250894315012));
#461 = CARTESIAN_POINT('',(0.461639221248,24.1001693071));
#462 = CARTESIAN_POINT('',(0.397745296129,24.009917000605));
#463 = CARTESIAN_POINT('',(0.328505449587,23.923235314404));
#464 = CARTESIAN_POINT('',(0.254192493178,23.840688562271));
#465 = CARTESIAN_POINT('',(0.174833048359,23.762971575704));
#466 = CARTESIAN_POINT('',(9.026101021524E-02,23.690882515579));
#467 = CARTESIAN_POINT('',(0.,23.625227291513));
#468 = ( GEOMETRIC_REPRESENTATION_CONTEXT(2) 
PARAMETRIC_REPRESENTATION_CONTEXT() REPRESENTATION_CONTEXT('2D SPACE',''
  ) );
#469 = ORIENTED_EDGE('',*,*,#113,.T.);
#470 = ORIENTED_EDGE('',*,*,#322,.T.);
#471 = ADVANCED_FACE('',(#472,#586,#612),#310,.T.);
#472 = FACE_BOUND('',#473,.T.);
#473 = EDGE_LOOP('',(#474,#504,#532,#560));
#474 = ORIENTED_EDGE('',*,*,#475,.F.);
#475 = EDGE_CURVE('',#476,#478,#480,.T.);
#476 = VERTEX_POINT('',#477);
#477 = CARTESIAN_POINT('',(-5.,-2.99999995,2.3500001));
#478 = VERTEX_POINT('',#479);
#479 = CARTESIAN_POINT('',(-5.,1.00000005,2.3500001));
#480 = SURFACE_CURVE('',#481,(#485,#492),.PCURVE_S1.);
#481 = LINE('',#482,#483);
#482 = CARTESIAN_POINT('',(-5.,-3.99999995,2.3500001));
#483 = VECTOR('',#484,1.);
#484 = DIRECTION('',(0.,1.,0.));
#485 = PCURVE('',#310,#486);
#486 = DEFINITIONAL_REPRESENTATION('',(#487),#491);
#487 = LINE('',#488,#489);
#488 = CARTESIAN_POINT('',(17.,0.));
#489 = VECTOR('',#490,1.);
#490 = DIRECTION('',(0.,-1.));
#491 = ( GEOMETRIC_REPRESENTATION_CONTEXT(2) 
PARAMETRIC_REPRESENTATION_CONTEXT() REPRESENTATION_CONTEXT('2D SPACE',''
  ) );
#492 = PCURVE('',#493,#498);
#493 = PLANE('',#494);
#494 = AXIS2_PLACEMENT_3D('',#495,#496,#497);
#495 = CARTESIAN_POINT('',(-5.,-3.99999995,2.3500001));
#496 = DIRECTION('',(-1.,0.,1.110223024625E-16));
#497 = DIRECTION('',(1.110223024625E-16,0.,1.));
#498 = DEFINITIONAL_REPRESENTATION('',(#499),#503);
#499 = LINE('',#500,#501);
#500 = CARTESIAN_POINT('',(0.,0.));
#501 = VECTOR('',#502,1.);
#502 = DIRECTION('',(0.,1.));
#503 = ( GEOMETRIC_REPRESENTATION_CONTEXT(2) 
PARAMETRIC_REPRESENTATION_CONTEXT() REPRESENTATION_CONTEXT('2D SPACE',''
  ) );
#504 = ORIENTED_EDGE('',*,*,#505,.T.);
#505 = EDGE_CURVE('',#476,#506,#508,.T.);
#506 = VERTEX_POINT('',#507);
#507 = CARTESIAN_POINT('',(12.,-2.99999995,2.3500001));
#508 = SURFACE_CURVE('',#509,(#513,#520),.PCURVE_S1.);
#509 = LINE('',#510,#511);
#510 = CARTESIAN_POINT('',(18.25,-2.99999995,2.3500001));
#511 = VECTOR('',#512,1.);
#512 = DIRECTION('',(1.,0.,-1.110223024625E-16));
#513 = PCURVE('',#310,#514);
#514 = DEFINITIONAL_REPRESENTATION('',(#515),#519);
#515 = LINE('',#516,#517);
#516 = CARTESIAN_POINT('',(-6.25,-1.));
#517 = VECTOR('',#518,1.);
#518 = DIRECTION('',(-1.,0.));
#519 = ( GEOMETRIC_REPRESENTATION_CONTEXT(2) 
PARAMETRIC_REPRESENTATION_CONTEXT() REPRESENTATION_CONTEXT('2D SPACE',''
  ) );
#520 = PCURVE('',#521,#526);
#521 = PLANE('',#522);
#522 = AXIS2_PLACEMENT_3D('',#523,#524,#525);
#523 = CARTESIAN_POINT('',(24.5,-2.99999995,9.999999406318E-08));
#524 = DIRECTION('',(0.,1.,0.));
#525 = DIRECTION('',(-1.,0.,1.110223024625E-16));
#526 = DEFINITIONAL_REPRESENTATION('',(#527),#531);
#527 = LINE('',#528,#529);
#528 = CARTESIAN_POINT('',(6.25,2.35));
#529 = VECTOR('',#530,1.);
#530 = DIRECTION('',(-1.,0.));
#531 = ( GEOMETRIC_REPRESENTATION_CONTEXT(2) 
PARAMETRIC_REPRESENTATION_CONTEXT() REPRESENTATION_CONTEXT('2D SPACE',''
  ) );
#532 = ORIENTED_EDGE('',*,*,#533,.T.);
#533 = EDGE_CURVE('',#506,#534,#536,.T.);
#534 = VERTEX_POINT('',#535);
#535 = CARTESIAN_POINT('',(12.,1.00000005,2.3500001));
#536 = SURFACE_CURVE('',#537,(#541,#548),.PCURVE_S1.);
#537 = LINE('',#538,#539);
#538 = CARTESIAN_POINT('',(12.,-3.99999995,2.3500001));
#539 = VECTOR('',#540,1.);
#540 = DIRECTION('',(0.,1.,0.));
#541 = PCURVE('',#310,#542);
#542 = DEFINITIONAL_REPRESENTATION('',(#543),#547);
#543 = LINE('',#544,#545);
#544 = CARTESIAN_POINT('',(0.,0.));
#545 = VECTOR('',#546,1.);
#546 = DIRECTION('',(0.,-1.));
#547 = ( GEOMETRIC_REPRESENTATION_CONTEXT(2) 
PARAMETRIC_REPRESENTATION_CONTEXT() REPRESENTATION_CONTEXT('2D SPACE',''
  ) );
#548 = PCURVE('',#549,#554);
#549 = PLANE('',#550);
#550 = AXIS2_PLACEMENT_3D('',#551,#552,#553);
#551 = CARTESIAN_POINT('',(12.,-3.99999995,2.3500001));
#552 = DIRECTION('',(-1.,0.,1.110223024625E-16));
#553 = DIRECTION('',(1.110223024625E-16,0.,1.));
#554 = DEFINITIONAL_REPRESENTATION('',(#555),#559);
#555 = LINE('',#556,#557);
#556 = CARTESIAN_POINT('',(0.,0.));
#557 = VECTOR('',#558,1.);
#558 = DIRECTION('',(0.,1.));
#559 = ( GEOMETRIC_REPRESENTATION_CONTEXT(2) 
PARAMETRIC_REPRESENTATION_CONTEXT() REPRESENTATION_CONTEXT('2D SPACE',''
  ) );
#560 = ORIENTED_EDGE('',*,*,#561,.T.);
#561 = EDGE_CURVE('',#534,#478,#562,.T.);
#562 = SURFACE_CURVE('',#563,(#567,#574),.PCURVE_S1.);
#563 = LINE('',#564,#565);
#564 = CARTESIAN_POINT('',(12.,1.00000005,2.3500001));
#565 = VECTOR('',#566,1.);
#566 = DIRECTION('',(-1.,0.,1.110223024625E-16));
#567 = PCURVE('',#310,#568);
#568 = DEFINITIONAL_REPRESENTATION('',(#569),#573);
#569 = LINE('',#570,#571);
#570 = CARTESIAN_POINT('',(0.,-5.));
#571 = VECTOR('',#572,1.);
#572 = DIRECTION('',(1.,0.));
#573 = ( GEOMETRIC_REPRESENTATION_CONTEXT(2) 
PARAMETRIC_REPRESENTATION_CONTEXT() REPRESENTATION_CONTEXT('2D SPACE',''
  ) );
#574 = PCURVE('',#575,#580);
#575 = PLANE('',#576);
#576 = AXIS2_PLACEMENT_3D('',#577,#578,#579);
#577 = CARTESIAN_POINT('',(12.,1.00000005,2.3500001));
#578 = DIRECTION('',(0.,1.,0.));
#579 = DIRECTION('',(-1.,0.,1.110223024625E-16));
#580 = DEFINITIONAL_REPRESENTATION('',(#581),#585);
#581 = LINE('',#582,#583);
#582 = CARTESIAN_POINT('',(0.,0.));
#583 = VECTOR('',#584,1.);
#584 = DIRECTION('',(1.,0.));
#585 = ( GEOMETRIC_REPRESENTATION_CONTEXT(2) 
PARAMETRIC_REPRESENTATION_CONTEXT() REPRESENTATION_CONTEXT('2D SPACE',''
  ) );
#586 = FACE_BOUND('',#587,.T.);
#587 = EDGE_LOOP('',(#588));
#588 = ORIENTED_EDGE('',*,*,#589,.F.);
#589 = EDGE_CURVE('',#590,#590,#592,.T.);
#590 = VERTEX_POINT('',#591);
#591 = CARTESIAN_POINT('',(5.8,-0.99999995,2.3500001));
#592 = SURFACE_CURVE('',#593,(#598,#605),.PCURVE_S1.);
#593 = CIRCLE('',#594,1.7);
#594 = AXIS2_PLACEMENT_3D('',#595,#596,#597);
#595 = CARTESIAN_POINT('',(7.5,-0.99999995,2.3500001));
#596 = DIRECTION('',(1.110223024625E-16,0.,1.));
#597 = DIRECTION('',(-1.,0.,1.110223024625E-16));
#598 = PCURVE('',#310,#599);
#599 = DEFINITIONAL_REPRESENTATION('',(#600),#604);
#600 = CIRCLE('',#601,1.7);
#601 = AXIS2_PLACEMENT_2D('',#602,#603);
#602 = CARTESIAN_POINT('',(4.5,-3.));
#603 = DIRECTION('',(1.,0.));
#604 = ( GEOMETRIC_REPRESENTATION_CONTEXT(2) 
PARAMETRIC_REPRESENTATION_CONTEXT() REPRESENTATION_CONTEXT('2D SPACE',''
  ) );
#605 = PCURVE('',#177,#606);
#606 = DEFINITIONAL_REPRESENTATION('',(#607),#611);
#607 = LINE('',#608,#609);
#608 = CARTESIAN_POINT('',(0.,3.35));
#609 = VECTOR('',#610,1.);
#610 = DIRECTION('',(1.,0.));
#611 = ( GEOMETRIC_REPRESENTATION_CONTEXT(2) 
PARAMETRIC_REPRESENTATION_CONTEXT() REPRESENTATION_CONTEXT('2D SPACE',''
  ) );
#612 = FACE_BOUND('',#613,.T.);
#613 = EDGE_LOOP('',(#614));
#614 = ORIENTED_EDGE('',*,*,#293,.F.);
#615 = ADVANCED_FACE('',(#616,#731),#521,.F.);
#616 = FACE_BOUND('',#617,.F.);
#617 = EDGE_LOOP('',(#618,#653,#676,#705));
#618 = ORIENTED_EDGE('',*,*,#619,.T.);
#619 = EDGE_CURVE('',#620,#622,#624,.T.);
#620 = VERTEX_POINT('',#621);
#621 = CARTESIAN_POINT('',(20.875227291513,-2.99999995,7.0000001));
#622 = VERTEX_POINT('',#623);
#623 = CARTESIAN_POINT('',(20.875227291513,-2.99999995,1.0000001));
#624 = SURFACE_CURVE('',#625,(#630,#641),.PCURVE_S1.);
#625 = CIRCLE('',#626,3.3);
#626 = AXIS2_PLACEMENT_3D('',#627,#628,#629);
#627 = CARTESIAN_POINT('',(22.25,-2.99999995,4.0000001));
#628 = DIRECTION('',(-0.,-1.,0.));
#629 = DIRECTION('',(-0.41659779045,0.,0.909090909091));
#630 = PCURVE('',#521,#631);
#631 = DEFINITIONAL_REPRESENTATION('',(#632),#640);
#632 = ( BOUNDED_CURVE() B_SPLINE_CURVE(2,(#633,#634,#635,#636,#637,#638
,#639),.UNSPECIFIED.,.T.,.F.) B_SPLINE_CURVE_WITH_KNOTS((1,2,2,2,2,1),(
    -2.094395102393,0.,2.094395102393,4.188790204786,6.28318530718,
8.377580409573),.UNSPECIFIED.) CURVE() GEOMETRIC_REPRESENTATION_ITEM() 
RATIONAL_B_SPLINE_CURVE((1.,0.5,1.,0.5,1.,0.5,1.)) REPRESENTATION_ITEM(
  '') );
#633 = CARTESIAN_POINT('',(3.624772708487,7.));
#634 = CARTESIAN_POINT('',(8.820925131193,4.618823820042));
#635 = CARTESIAN_POINT('',(4.16068985711,1.309411910021));
#636 = CARTESIAN_POINT('',(-0.499545416973,-2.));
#637 = CARTESIAN_POINT('',(-1.035462565597,3.690588089979));
#638 = CARTESIAN_POINT('',(-1.57137971422,9.381176179958));
#639 = CARTESIAN_POINT('',(3.624772708487,7.));
#640 = ( GEOMETRIC_REPRESENTATION_CONTEXT(2) 
PARAMETRIC_REPRESENTATION_CONTEXT() REPRESENTATION_CONTEXT('2D SPACE',''
  ) );
#641 = PCURVE('',#642,#647);
#642 = CYLINDRICAL_SURFACE('',#643,3.3);
#643 = AXIS2_PLACEMENT_3D('',#644,#645,#646);
#644 = CARTESIAN_POINT('',(22.25,-3.99999995,4.0000001));
#645 = DIRECTION('',(0.,1.,0.));
#646 = DIRECTION('',(-1.,0.,1.110223024625E-16));
#647 = DEFINITIONAL_REPRESENTATION('',(#648),#652);
#648 = LINE('',#649,#650);
#649 = CARTESIAN_POINT('',(7.424281967823,1.));
#650 = VECTOR('',#651,1.);
#651 = DIRECTION('',(-1.,-0.));
#652 = ( GEOMETRIC_REPRESENTATION_CONTEXT(2) 
PARAMETRIC_REPRESENTATION_CONTEXT() REPRESENTATION_CONTEXT('2D SPACE',''
  ) );
#653 = ORIENTED_EDGE('',*,*,#654,.T.);
#654 = EDGE_CURVE('',#622,#655,#657,.T.);
#655 = VERTEX_POINT('',#656);
#656 = CARTESIAN_POINT('',(-16.12522729151,-2.99999995,1.0000001));
#657 = SURFACE_CURVE('',#658,(#662,#669),.PCURVE_S1.);
#658 = LINE('',#659,#660);
#659 = CARTESIAN_POINT('',(24.5,-2.99999995,1.0000001));
#660 = VECTOR('',#661,1.);
#661 = DIRECTION('',(-1.,0.,1.110223024625E-16));
#662 = PCURVE('',#521,#663);
#663 = DEFINITIONAL_REPRESENTATION('',(#664),#668);
#664 = LINE('',#665,#666);
#665 = CARTESIAN_POINT('',(1.110223024625E-16,1.));
#666 = VECTOR('',#667,1.);
#667 = DIRECTION('',(1.,0.));
#668 = ( GEOMETRIC_REPRESENTATION_CONTEXT(2) 
PARAMETRIC_REPRESENTATION_CONTEXT() REPRESENTATION_CONTEXT('2D SPACE',''
  ) );
#669 = PCURVE('',#72,#670);
#670 = DEFINITIONAL_REPRESENTATION('',(#671),#675);
#671 = LINE('',#672,#673);
#672 = CARTESIAN_POINT('',(1.570796326795,0.));
#673 = VECTOR('',#674,1.);
#674 = DIRECTION('',(0.,1.));
#675 = ( GEOMETRIC_REPRESENTATION_CONTEXT(2) 
PARAMETRIC_REPRESENTATION_CONTEXT() REPRESENTATION_CONTEXT('2D SPACE',''
  ) );
#676 = ORIENTED_EDGE('',*,*,#677,.F.);
#677 = EDGE_CURVE('',#678,#655,#680,.T.);
#678 = VERTEX_POINT('',#679);
#679 = CARTESIAN_POINT('',(-16.12522729151,-2.99999995,7.0000001));
#680 = SURFACE_CURVE('',#681,(#686,#693),.PCURVE_S1.);
#681 = CIRCLE('',#682,3.3);
#682 = AXIS2_PLACEMENT_3D('',#683,#684,#685);
#683 = CARTESIAN_POINT('',(-17.5,-2.99999995,4.0000001));
#684 = DIRECTION('',(0.,1.,-0.));
#685 = DIRECTION('',(-1.,0.,1.110223024625E-16));
#686 = PCURVE('',#521,#687);
#687 = DEFINITIONAL_REPRESENTATION('',(#688),#692);
#688 = CIRCLE('',#689,3.3);
#689 = AXIS2_PLACEMENT_2D('',#690,#691);
#690 = CARTESIAN_POINT('',(42.,4.));
#691 = DIRECTION('',(1.,0.));
#692 = ( GEOMETRIC_REPRESENTATION_CONTEXT(2) 
PARAMETRIC_REPRESENTATION_CONTEXT() REPRESENTATION_CONTEXT('2D SPACE',''
  ) );
#693 = PCURVE('',#694,#699);
#694 = CYLINDRICAL_SURFACE('',#695,3.3);
#695 = AXIS2_PLACEMENT_3D('',#696,#697,#698);
#696 = CARTESIAN_POINT('',(-17.5,-3.99999995,4.0000001));
#697 = DIRECTION('',(0.,1.,0.));
#698 = DIRECTION('',(-1.,0.,1.110223024625E-16));
#699 = DEFINITIONAL_REPRESENTATION('',(#700),#704);
#700 = LINE('',#701,#702);
#701 = CARTESIAN_POINT('',(0.,1.));
#702 = VECTOR('',#703,1.);
#703 = DIRECTION('',(1.,0.));
#704 = ( GEOMETRIC_REPRESENTATION_CONTEXT(2) 
PARAMETRIC_REPRESENTATION_CONTEXT() REPRESENTATION_CONTEXT('2D SPACE',''
  ) );
#705 = ORIENTED_EDGE('',*,*,#706,.F.);
#706 = EDGE_CURVE('',#620,#678,#707,.T.);
#707 = SURFACE_CURVE('',#708,(#712,#719),.PCURVE_S1.);
#708 = LINE('',#709,#710);
#709 = CARTESIAN_POINT('',(24.5,-2.99999995,7.0000001));
#710 = VECTOR('',#711,1.);
#711 = DIRECTION('',(-1.,0.,1.110223024625E-16));
#712 = PCURVE('',#521,#713);
#713 = DEFINITIONAL_REPRESENTATION('',(#714),#718);
#714 = LINE('',#715,#716);
#715 = CARTESIAN_POINT('',(7.771561172376E-16,7.));
#716 = VECTOR('',#717,1.);
#717 = DIRECTION('',(1.,0.));
#718 = ( GEOMETRIC_REPRESENTATION_CONTEXT(2) 
PARAMETRIC_REPRESENTATION_CONTEXT() REPRESENTATION_CONTEXT('2D SPACE',''
  ) );
#719 = PCURVE('',#720,#725);
#720 = CYLINDRICAL_SURFACE('',#721,1.);
#721 = AXIS2_PLACEMENT_3D('',#722,#723,#724);
#722 = CARTESIAN_POINT('',(24.5,-1.99999995,7.0000001));
#723 = DIRECTION('',(-1.,0.,1.110223024625E-16));
#724 = DIRECTION('',(1.110223024625E-16,0.,1.));
#725 = DEFINITIONAL_REPRESENTATION('',(#726),#730);
#726 = LINE('',#727,#728);
#727 = CARTESIAN_POINT('',(-1.570796326795,0.));
#728 = VECTOR('',#729,1.);
#729 = DIRECTION('',(-0.,1.));
#730 = ( GEOMETRIC_REPRESENTATION_CONTEXT(2) 
PARAMETRIC_REPRESENTATION_CONTEXT() REPRESENTATION_CONTEXT('2D SPACE',''
  ) );
#731 = FACE_BOUND('',#732,.F.);
#732 = EDGE_LOOP('',(#733,#756,#757,#780));
#733 = ORIENTED_EDGE('',*,*,#734,.F.);
#734 = EDGE_CURVE('',#476,#735,#737,.T.);
#735 = VERTEX_POINT('',#736);
#736 = CARTESIAN_POINT('',(-5.,-2.99999995,5.6500001));
#737 = SURFACE_CURVE('',#738,(#742,#749),.PCURVE_S1.);
#738 = LINE('',#739,#740);
#739 = CARTESIAN_POINT('',(-5.,-2.99999995,1.1750001));
#740 = VECTOR('',#741,1.);
#741 = DIRECTION('',(1.110223024625E-16,0.,1.));
#742 = PCURVE('',#521,#743);
#743 = DEFINITIONAL_REPRESENTATION('',(#744),#748);
#744 = LINE('',#745,#746);
#745 = CARTESIAN_POINT('',(29.5,1.175));
#746 = VECTOR('',#747,1.);
#747 = DIRECTION('',(0.,1.));
#748 = ( GEOMETRIC_REPRESENTATION_CONTEXT(2) 
PARAMETRIC_REPRESENTATION_CONTEXT() REPRESENTATION_CONTEXT('2D SPACE',''
  ) );
#749 = PCURVE('',#493,#750);
#750 = DEFINITIONAL_REPRESENTATION('',(#751),#755);
#751 = LINE('',#752,#753);
#752 = CARTESIAN_POINT('',(-1.175,1.));
#753 = VECTOR('',#754,1.);
#754 = DIRECTION('',(1.,0.));
#755 = ( GEOMETRIC_REPRESENTATION_CONTEXT(2) 
PARAMETRIC_REPRESENTATION_CONTEXT() REPRESENTATION_CONTEXT('2D SPACE',''
  ) );
#756 = ORIENTED_EDGE('',*,*,#505,.T.);
#757 = ORIENTED_EDGE('',*,*,#758,.T.);
#758 = EDGE_CURVE('',#506,#759,#761,.T.);
#759 = VERTEX_POINT('',#760);
#760 = CARTESIAN_POINT('',(12.,-2.99999995,5.6500001));
#761 = SURFACE_CURVE('',#762,(#766,#773),.PCURVE_S1.);
#762 = LINE('',#763,#764);
#763 = CARTESIAN_POINT('',(12.,-2.99999995,1.1750001));
#764 = VECTOR('',#765,1.);
#765 = DIRECTION('',(1.110223024625E-16,0.,1.));
#766 = PCURVE('',#521,#767);
#767 = DEFINITIONAL_REPRESENTATION('',(#768),#772);
#768 = LINE('',#769,#770);
#769 = CARTESIAN_POINT('',(12.5,1.175));
#770 = VECTOR('',#771,1.);
#771 = DIRECTION('',(0.,1.));
#772 = ( GEOMETRIC_REPRESENTATION_CONTEXT(2) 
PARAMETRIC_REPRESENTATION_CONTEXT() REPRESENTATION_CONTEXT('2D SPACE',''
  ) );
#773 = PCURVE('',#549,#774);
#774 = DEFINITIONAL_REPRESENTATION('',(#775),#779);
#775 = LINE('',#776,#777);
#776 = CARTESIAN_POINT('',(-1.175,1.));
#777 = VECTOR('',#778,1.);
#778 = DIRECTION('',(1.,0.));
#779 = ( GEOMETRIC_REPRESENTATION_CONTEXT(2) 
PARAMETRIC_REPRESENTATION_CONTEXT() REPRESENTATION_CONTEXT('2D SPACE',''
  ) );
#780 = ORIENTED_EDGE('',*,*,#781,.F.);
#781 = EDGE_CURVE('',#735,#759,#782,.T.);
#782 = SURFACE_CURVE('',#783,(#787,#794),.PCURVE_S1.);
#783 = LINE('',#784,#785);
#784 = CARTESIAN_POINT('',(18.25,-2.99999995,5.6500001));
#785 = VECTOR('',#786,1.);
#786 = DIRECTION('',(1.,0.,-1.110223024625E-16));
#787 = PCURVE('',#521,#788);
#788 = DEFINITIONAL_REPRESENTATION('',(#789),#793);
#789 = LINE('',#790,#791);
#790 = CARTESIAN_POINT('',(6.25,5.65));
#791 = VECTOR('',#792,1.);
#792 = DIRECTION('',(-1.,0.));
#793 = ( GEOMETRIC_REPRESENTATION_CONTEXT(2) 
PARAMETRIC_REPRESENTATION_CONTEXT() REPRESENTATION_CONTEXT('2D SPACE',''
  ) );
#794 = PCURVE('',#795,#800);
#795 = PLANE('',#796);
#796 = AXIS2_PLACEMENT_3D('',#797,#798,#799);
#797 = CARTESIAN_POINT('',(12.,-3.99999995,5.6500001));
#798 = DIRECTION('',(1.110223024625E-16,0.,1.));
#799 = DIRECTION('',(-1.,0.,1.110223024625E-16));
#800 = DEFINITIONAL_REPRESENTATION('',(#801),#805);
#801 = LINE('',#802,#803);
#802 = CARTESIAN_POINT('',(-6.25,-1.));
#803 = VECTOR('',#804,1.);
#804 = DIRECTION('',(-1.,0.));
#805 = ( GEOMETRIC_REPRESENTATION_CONTEXT(2) 
PARAMETRIC_REPRESENTATION_CONTEXT() REPRESENTATION_CONTEXT('2D SPACE',''
  ) );
#806 = ADVANCED_FACE('',(#807,#877,#908),#795,.F.);
#807 = FACE_BOUND('',#808,.F.);
#808 = EDGE_LOOP('',(#809,#832,#833,#856));
#809 = ORIENTED_EDGE('',*,*,#810,.F.);
#810 = EDGE_CURVE('',#735,#811,#813,.T.);
#811 = VERTEX_POINT('',#812);
#812 = CARTESIAN_POINT('',(-5.,1.00000005,5.6500001));
#813 = SURFACE_CURVE('',#814,(#818,#825),.PCURVE_S1.);
#814 = LINE('',#815,#816);
#815 = CARTESIAN_POINT('',(-5.,-3.99999995,5.6500001));
#816 = VECTOR('',#817,1.);
#817 = DIRECTION('',(0.,1.,0.));
#818 = PCURVE('',#795,#819);
#819 = DEFINITIONAL_REPRESENTATION('',(#820),#824);
#820 = LINE('',#821,#822);
#821 = CARTESIAN_POINT('',(17.,0.));
#822 = VECTOR('',#823,1.);
#823 = DIRECTION('',(0.,-1.));
#824 = ( GEOMETRIC_REPRESENTATION_CONTEXT(2) 
PARAMETRIC_REPRESENTATION_CONTEXT() REPRESENTATION_CONTEXT('2D SPACE',''
  ) );
#825 = PCURVE('',#493,#826);
#826 = DEFINITIONAL_REPRESENTATION('',(#827),#831);
#827 = LINE('',#828,#829);
#828 = CARTESIAN_POINT('',(3.3,0.));
#829 = VECTOR('',#830,1.);
#830 = DIRECTION('',(0.,1.));
#831 = ( GEOMETRIC_REPRESENTATION_CONTEXT(2) 
PARAMETRIC_REPRESENTATION_CONTEXT() REPRESENTATION_CONTEXT('2D SPACE',''
  ) );
#832 = ORIENTED_EDGE('',*,*,#781,.T.);
#833 = ORIENTED_EDGE('',*,*,#834,.T.);
#834 = EDGE_CURVE('',#759,#835,#837,.T.);
#835 = VERTEX_POINT('',#836);
#836 = CARTESIAN_POINT('',(12.,1.00000005,5.6500001));
#837 = SURFACE_CURVE('',#838,(#842,#849),.PCURVE_S1.);
#838 = LINE('',#839,#840);
#839 = CARTESIAN_POINT('',(12.,-3.99999995,5.6500001));
#840 = VECTOR('',#841,1.);
#841 = DIRECTION('',(0.,1.,0.));
#842 = PCURVE('',#795,#843);
#843 = DEFINITIONAL_REPRESENTATION('',(#844),#848);
#844 = LINE('',#845,#846);
#845 = CARTESIAN_POINT('',(0.,0.));
#846 = VECTOR('',#847,1.);
#847 = DIRECTION('',(0.,-1.));
#848 = ( GEOMETRIC_REPRESENTATION_CONTEXT(2) 
PARAMETRIC_REPRESENTATION_CONTEXT() REPRESENTATION_CONTEXT('2D SPACE',''
  ) );
#849 = PCURVE('',#549,#850);
#850 = DEFINITIONAL_REPRESENTATION('',(#851),#855);
#851 = LINE('',#852,#853);
#852 = CARTESIAN_POINT('',(3.3,0.));
#853 = VECTOR('',#854,1.);
#854 = DIRECTION('',(0.,1.));
#855 = ( GEOMETRIC_REPRESENTATION_CONTEXT(2) 
PARAMETRIC_REPRESENTATION_CONTEXT() REPRESENTATION_CONTEXT('2D SPACE',''
  ) );
#856 = ORIENTED_EDGE('',*,*,#857,.T.);
#857 = EDGE_CURVE('',#835,#811,#858,.T.);
#858 = SURFACE_CURVE('',#859,(#863,#870),.PCURVE_S1.);
#859 = LINE('',#860,#861);
#860 = CARTESIAN_POINT('',(12.,1.00000005,5.6500001));
#861 = VECTOR('',#862,1.);
#862 = DIRECTION('',(-1.,0.,1.110223024625E-16));
#863 = PCURVE('',#795,#864);
#864 = DEFINITIONAL_REPRESENTATION('',(#865),#869);
#865 = LINE('',#866,#867);
#866 = CARTESIAN_POINT('',(0.,-5.));
#867 = VECTOR('',#868,1.);
#868 = DIRECTION('',(1.,0.));
#869 = ( GEOMETRIC_REPRESENTATION_CONTEXT(2) 
PARAMETRIC_REPRESENTATION_CONTEXT() REPRESENTATION_CONTEXT('2D SPACE',''
  ) );
#870 = PCURVE('',#575,#871);
#871 = DEFINITIONAL_REPRESENTATION('',(#872),#876);
#872 = LINE('',#873,#874);
#873 = CARTESIAN_POINT('',(3.663735981263E-16,3.3));
#874 = VECTOR('',#875,1.);
#875 = DIRECTION('',(1.,0.));
#876 = ( GEOMETRIC_REPRESENTATION_CONTEXT(2) 
PARAMETRIC_REPRESENTATION_CONTEXT() REPRESENTATION_CONTEXT('2D SPACE',''
  ) );
#877 = FACE_BOUND('',#878,.F.);
#878 = EDGE_LOOP('',(#879));
#879 = ORIENTED_EDGE('',*,*,#880,.F.);
#880 = EDGE_CURVE('',#881,#881,#883,.T.);
#881 = VERTEX_POINT('',#882);
#882 = CARTESIAN_POINT('',(5.8,-0.99999995,5.6500001));
#883 = SURFACE_CURVE('',#884,(#889,#896),.PCURVE_S1.);
#884 = CIRCLE('',#885,1.7);
#885 = AXIS2_PLACEMENT_3D('',#886,#887,#888);
#886 = CARTESIAN_POINT('',(7.5,-0.99999995,5.6500001));
#887 = DIRECTION('',(1.110223024625E-16,0.,1.));
#888 = DIRECTION('',(-1.,0.,1.110223024625E-16));
#889 = PCURVE('',#795,#890);
#890 = DEFINITIONAL_REPRESENTATION('',(#891),#895);
#891 = CIRCLE('',#892,1.7);
#892 = AXIS2_PLACEMENT_2D('',#893,#894);
#893 = CARTESIAN_POINT('',(4.5,-3.));
#894 = DIRECTION('',(1.,0.));
#895 = ( GEOMETRIC_REPRESENTATION_CONTEXT(2) 
PARAMETRIC_REPRESENTATION_CONTEXT() REPRESENTATION_CONTEXT('2D SPACE',''
  ) );
#896 = PCURVE('',#897,#902);
#897 = CYLINDRICAL_SURFACE('',#898,1.7);
#898 = AXIS2_PLACEMENT_3D('',#899,#900,#901);
#899 = CARTESIAN_POINT('',(7.5,-0.99999995,-0.9999999));
#900 = DIRECTION('',(1.110223024625E-16,0.,1.));
#901 = DIRECTION('',(-1.,0.,1.110223024625E-16));
#902 = DEFINITIONAL_REPRESENTATION('',(#903),#907);
#903 = LINE('',#904,#905);
#904 = CARTESIAN_POINT('',(0.,6.65));
#905 = VECTOR('',#906,1.);
#906 = DIRECTION('',(1.,0.));
#907 = ( GEOMETRIC_REPRESENTATION_CONTEXT(2) 
PARAMETRIC_REPRESENTATION_CONTEXT() REPRESENTATION_CONTEXT('2D SPACE',''
  ) );
#908 = FACE_BOUND('',#909,.F.);
#909 = EDGE_LOOP('',(#910));
#910 = ORIENTED_EDGE('',*,*,#911,.F.);
#911 = EDGE_CURVE('',#912,#912,#914,.T.);
#912 = VERTEX_POINT('',#913);
#913 = CARTESIAN_POINT('',(-2.2,-0.99999995,5.6500001));
#914 = SURFACE_CURVE('',#915,(#920,#927),.PCURVE_S1.);
#915 = CIRCLE('',#916,1.7);
#916 = AXIS2_PLACEMENT_3D('',#917,#918,#919);
#917 = CARTESIAN_POINT('',(-0.5,-0.99999995,5.6500001));
#918 = DIRECTION('',(1.110223024625E-16,0.,1.));
#919 = DIRECTION('',(-1.,0.,1.110223024625E-16));
#920 = PCURVE('',#795,#921);
#921 = DEFINITIONAL_REPRESENTATION('',(#922),#926);
#922 = CIRCLE('',#923,1.7);
#923 = AXIS2_PLACEMENT_2D('',#924,#925);
#924 = CARTESIAN_POINT('',(12.5,-3.));
#925 = DIRECTION('',(1.,0.));
#926 = ( GEOMETRIC_REPRESENTATION_CONTEXT(2) 
PARAMETRIC_REPRESENTATION_CONTEXT() REPRESENTATION_CONTEXT('2D SPACE',''
  ) );
#927 = PCURVE('',#928,#933);
#928 = CYLINDRICAL_SURFACE('',#929,1.7);
#929 = AXIS2_PLACEMENT_3D('',#930,#931,#932);
#930 = CARTESIAN_POINT('',(-0.5,-0.99999995,-0.9999999));
#931 = DIRECTION('',(1.110223024625E-16,0.,1.));
#932 = DIRECTION('',(-1.,0.,1.110223024625E-16));
#933 = DEFINITIONAL_REPRESENTATION('',(#934),#938);
#934 = LINE('',#935,#936);
#935 = CARTESIAN_POINT('',(0.,6.65));
#936 = VECTOR('',#937,1.);
#937 = DIRECTION('',(1.,0.));
#938 = ( GEOMETRIC_REPRESENTATION_CONTEXT(2) 
PARAMETRIC_REPRESENTATION_CONTEXT() REPRESENTATION_CONTEXT('2D SPACE',''
  ) );
#939 = ADVANCED_FACE('',(#940),#928,.F.);
#940 = FACE_BOUND('',#941,.F.);
#941 = EDGE_LOOP('',(#942,#973,#994,#995,#996,#1020));
#942 = ORIENTED_EDGE('',*,*,#943,.F.);
#943 = EDGE_CURVE('',#944,#946,#948,.T.);
#944 = VERTEX_POINT('',#945);
#945 = CARTESIAN_POINT('',(-2.2,-0.99999995,8.0000001));
#946 = VERTEX_POINT('',#947);
#947 = CARTESIAN_POINT('',(-1.874772708487,-1.99999995,8.0000001));
#948 = SURFACE_CURVE('',#949,(#954,#961),.PCURVE_S1.);
#949 = CIRCLE('',#950,1.7);
#950 = AXIS2_PLACEMENT_3D('',#951,#952,#953);
#951 = CARTESIAN_POINT('',(-0.5,-0.99999995,8.0000001));
#952 = DIRECTION('',(1.110223024625E-16,0.,1.));
#953 = DIRECTION('',(-1.,0.,1.110223024625E-16));
#954 = PCURVE('',#928,#955);
#955 = DEFINITIONAL_REPRESENTATION('',(#956),#960);
#956 = LINE('',#957,#958);
#957 = CARTESIAN_POINT('',(0.,9.));
#958 = VECTOR('',#959,1.);
#959 = DIRECTION('',(1.,0.));
#960 = ( GEOMETRIC_REPRESENTATION_CONTEXT(2) 
PARAMETRIC_REPRESENTATION_CONTEXT() REPRESENTATION_CONTEXT('2D SPACE',''
  ) );
#961 = PCURVE('',#962,#967);
#962 = PLANE('',#963);
#963 = AXIS2_PLACEMENT_3D('',#964,#965,#966);
#964 = CARTESIAN_POINT('',(24.5,-2.99999995,8.0000001));
#965 = DIRECTION('',(1.110223024625E-16,0.,1.));
#966 = DIRECTION('',(-1.,0.,1.110223024625E-16));
#967 = DEFINITIONAL_REPRESENTATION('',(#968),#972);
#968 = CIRCLE('',#969,1.7);
#969 = AXIS2_PLACEMENT_2D('',#970,#971);
#970 = CARTESIAN_POINT('',(25.,-2.));
#971 = DIRECTION('',(1.,0.));
#972 = ( GEOMETRIC_REPRESENTATION_CONTEXT(2) 
PARAMETRIC_REPRESENTATION_CONTEXT() REPRESENTATION_CONTEXT('2D SPACE',''
  ) );
#973 = ORIENTED_EDGE('',*,*,#974,.F.);
#974 = EDGE_CURVE('',#912,#944,#975,.T.);
#975 = SEAM_CURVE('',#976,(#980,#987),.PCURVE_S1.);
#976 = LINE('',#977,#978);
#977 = CARTESIAN_POINT('',(-2.2,-0.99999995,-0.9999999));
#978 = VECTOR('',#979,1.);
#979 = DIRECTION('',(1.110223024625E-16,0.,1.));
#980 = PCURVE('',#928,#981);
#981 = DEFINITIONAL_REPRESENTATION('',(#982),#986);
#982 = LINE('',#983,#984);
#983 = CARTESIAN_POINT('',(6.28318530718,-0.));
#984 = VECTOR('',#985,1.);
#985 = DIRECTION('',(0.,1.));
#986 = ( GEOMETRIC_REPRESENTATION_CONTEXT(2) 
PARAMETRIC_REPRESENTATION_CONTEXT() REPRESENTATION_CONTEXT('2D SPACE',''
  ) );
#987 = PCURVE('',#928,#988);
#988 = DEFINITIONAL_REPRESENTATION('',(#989),#993);
#989 = LINE('',#990,#991);
#990 = CARTESIAN_POINT('',(0.,-0.));
#991 = VECTOR('',#992,1.);
#992 = DIRECTION('',(0.,1.));
#993 = ( GEOMETRIC_REPRESENTATION_CONTEXT(2) 
PARAMETRIC_REPRESENTATION_CONTEXT() REPRESENTATION_CONTEXT('2D SPACE',''
  ) );
#994 = ORIENTED_EDGE('',*,*,#911,.T.);
#995 = ORIENTED_EDGE('',*,*,#974,.T.);
#996 = ORIENTED_EDGE('',*,*,#997,.F.);
#997 = EDGE_CURVE('',#998,#944,#1000,.T.);
#998 = VERTEX_POINT('',#999);
#999 = CARTESIAN_POINT('',(0.874772708487,-1.99999995,8.0000001));
#1000 = SURFACE_CURVE('',#1001,(#1006,#1013),.PCURVE_S1.);
#1001 = CIRCLE('',#1002,1.7);
#1002 = AXIS2_PLACEMENT_3D('',#1003,#1004,#1005);
#1003 = CARTESIAN_POINT('',(-0.5,-0.99999995,8.0000001));
#1004 = DIRECTION('',(1.110223024625E-16,0.,1.));
#1005 = DIRECTION('',(-1.,0.,1.110223024625E-16));
#1006 = PCURVE('',#928,#1007);
#1007 = DEFINITIONAL_REPRESENTATION('',(#1008),#1012);
#1008 = LINE('',#1009,#1010);
#1009 = CARTESIAN_POINT('',(0.,9.));
#1010 = VECTOR('',#1011,1.);
#1011 = DIRECTION('',(1.,0.));
#1012 = ( GEOMETRIC_REPRESENTATION_CONTEXT(2) 
PARAMETRIC_REPRESENTATION_CONTEXT() REPRESENTATION_CONTEXT('2D SPACE',''
  ) );
#1013 = PCURVE('',#962,#1014);
#1014 = DEFINITIONAL_REPRESENTATION('',(#1015),#1019);
#1015 = CIRCLE('',#1016,1.7);
#1016 = AXIS2_PLACEMENT_2D('',#1017,#1018);
#1017 = CARTESIAN_POINT('',(25.,-2.));
#1018 = DIRECTION('',(1.,0.));
#1019 = ( GEOMETRIC_REPRESENTATION_CONTEXT(2) 
PARAMETRIC_REPRESENTATION_CONTEXT() REPRESENTATION_CONTEXT('2D SPACE',''
  ) );
#1020 = ORIENTED_EDGE('',*,*,#1021,.F.);
#1021 = EDGE_CURVE('',#946,#998,#1022,.T.);
#1022 = SURFACE_CURVE('',#1023,(#1062,#1104),.PCURVE_S1.);
#1023 = B_SPLINE_CURVE_WITH_KNOTS('',7,(#1024,#1025,#1026,#1027,#1028,
    #1029,#1030,#1031,#1032,#1033,#1034,#1035,#1036,#1037,#1038,#1039,
    #1040,#1041,#1042,#1043,#1044,#1045,#1046,#1047,#1048,#1049,#1050,
    #1051,#1052,#1053,#1054,#1055,#1056,#1057,#1058,#1059,#1060,#1061),
  .UNSPECIFIED.,.F.,.F.,(8,6,6,6,6,6,8),(0.,0.237381630602,
    0.383563515374,0.499993907701,0.617099055773,0.762747414781,1.),
  .UNSPECIFIED.);
#1024 = CARTESIAN_POINT('',(-1.874772708487,-1.99999995,8.0000001));
#1025 = CARTESIAN_POINT('',(-1.809079542437,-2.090313121819,8.0000001));
#1026 = CARTESIAN_POINT('',(-1.736946050639,-2.174929314008,
    7.990484402878));
#1027 = CARTESIAN_POINT('',(-1.659179705151,-2.253124115892,
    7.973612574515));
#1028 = CARTESIAN_POINT('',(-1.576579835298,-2.3245398063,7.951233986658
    ));
#1029 = CARTESIAN_POINT('',(-1.489841730276,-2.388993795088,
    7.925047967677));
#1030 = CARTESIAN_POINT('',(-1.399529301663,-2.446414346232,
    7.896703687065));
#1031 = CARTESIAN_POINT('',(-1.248519730625,-2.527740476787,
    7.850156150256));
#1032 = CARTESIAN_POINT('',(-1.189609916367,-2.556135780677,
    7.832189455236));
#1033 = CARTESIAN_POINT('',(-1.129381468374,-2.581917209533,
    7.814374998181));
#1034 = CARTESIAN_POINT('',(-1.067879280253,-2.605044543749,
    7.797114237706));
#1035 = CARTESIAN_POINT('',(-1.005138077031,-2.625466719112,
    7.780841854085));
#1036 = CARTESIAN_POINT('',(-0.94116799506,-2.643120162415,7.76601713966
    ));
#1037 = CARTESIAN_POINT('',(-0.823990447027,-2.669690907641,
    7.742804722678));
#1038 = CARTESIAN_POINT('',(-0.771125439533,-2.679681484806,
    7.733697849477));
#1039 = CARTESIAN_POINT('',(-0.71760141624,-2.687757813453,
    7.726069624977));
#1040 = CARTESIAN_POINT('',(-0.663605616962,-2.693857182451,
    7.720164120307));
#1041 = CARTESIAN_POINT('',(-0.609274070251,-2.697945861178,
    7.716156325297));
#1042 = CARTESIAN_POINT('',(-0.554709383297,-2.69999995,7.714142942854)
  );
#1043 = CARTESIAN_POINT('',(-0.444973556269,-2.69999995,7.714142942854)
  );
#1044 = CARTESIAN_POINT('',(-0.390095552689,-2.697921984224,
    7.716179728238));
#1045 = CARTESIAN_POINT('',(-0.335454917904,-2.693786171053,
    7.720233728013));
#1046 = CARTESIAN_POINT('',(-0.281155186195,-2.687616894498,
    7.726206045244));
#1047 = CARTESIAN_POINT('',(-0.227334179865,-2.679448437623,
    7.733917912562));
#1048 = CARTESIAN_POINT('',(-0.174182166686,-2.669344713189,
    7.743120201083));
#1049 = CARTESIAN_POINT('',(-5.700581871183E-02,-2.642618130898,
    7.766438901213));
#1050 = CARTESIAN_POINT('',(6.699455770281E-03,-2.624963521304,
    7.78124392614));
#1051 = CARTESIAN_POINT('',(6.918381105268E-02,-2.604562059142,
    7.797476912018));
#1052 = CARTESIAN_POINT('',(0.130437240887,-2.581476472199,
    7.814683995618));
#1053 = CARTESIAN_POINT('',(0.19042580902,-2.555757013223,7.832435806571
    ));
#1054 = CARTESIAN_POINT('',(0.249105684988,-2.52744298659,7.850335729423
    ));
#1055 = CARTESIAN_POINT('',(0.3998306929,-2.446222436113,7.896798286158)
  );
#1056 = CARTESIAN_POINT('',(0.490082999395,-2.38881454902,7.925120762558
    ));
#1057 = CARTESIAN_POINT('',(0.576764685596,-2.32438027205,7.951284135231
    ));
#1058 = CARTESIAN_POINT('',(0.659311437729,-2.252991995696,
    7.973641306924));
#1059 = CARTESIAN_POINT('',(0.737028424296,-2.174832873914,
    7.990495390892));
#1060 = CARTESIAN_POINT('',(0.809117484421,-2.090260960215,8.0000001));
#1061 = CARTESIAN_POINT('',(0.874772708487,-1.99999995,8.0000001));
#1062 = PCURVE('',#928,#1063);
#1063 = DEFINITIONAL_REPRESENTATION('',(#1064),#1103);
#1064 = B_SPLINE_CURVE_WITH_KNOTS('',7,(#1065,#1066,#1067,#1068,#1069,
    #1070,#1071,#1072,#1073,#1074,#1075,#1076,#1077,#1078,#1079,#1080,
    #1081,#1082,#1083,#1084,#1085,#1086,#1087,#1088,#1089,#1090,#1091,
    #1092,#1093,#1094,#1095,#1096,#1097,#1098,#1099,#1100,#1101,#1102),
  .UNSPECIFIED.,.F.,.F.,(8,6,6,6,6,6,8),(0.,0.237381630602,
    0.383563515374,0.499993907701,0.617099055773,0.762747414781,1.),
  .UNSPECIFIED.);
#1065 = CARTESIAN_POINT('',(0.628874925495,9.));
#1066 = CARTESIAN_POINT('',(0.694568091545,9.));
#1067 = CARTESIAN_POINT('',(0.759779650754,8.990484302878));
#1068 = CARTESIAN_POINT('',(0.824348971219,8.973612474515));
#1069 = CARTESIAN_POINT('',(0.888260555684,8.951233886658));
#1070 = CARTESIAN_POINT('',(0.951557357347,8.925047867677));
#1071 = CARTESIAN_POINT('',(1.014346284578,8.896703587065));
#1072 = CARTESIAN_POINT('',(1.115238206704,8.850156050256));
#1073 = CARTESIAN_POINT('',(1.153667893634,8.832189355236));
#1074 = CARTESIAN_POINT('',(1.192144121859,8.814374898181));
#1075 = CARTESIAN_POINT('',(1.230725352266,8.797114137706));
#1076 = CARTESIAN_POINT('',(1.269474090227,8.780841754085));
#1077 = CARTESIAN_POINT('',(1.308468372634,8.76601703966));
#1078 = CARTESIAN_POINT('',(1.379146213469,8.742804622678));
#1079 = CARTESIAN_POINT('',(1.410772945845,8.733697749477));
#1080 = CARTESIAN_POINT('',(1.442579102332,8.726069524977));
#1081 = CARTESIAN_POINT('',(1.47450321774,8.720164020307));
#1082 = CARTESIAN_POINT('',(1.506517490309,8.716156225297));
#1083 = CARTESIAN_POINT('',(1.53861433662,8.714142842854));
#1084 = CARTESIAN_POINT('',(1.603164823107,8.714142842854));
#1085 = CARTESIAN_POINT('',(1.635445972366,8.716179628238));
#1086 = CARTESIAN_POINT('',(1.667643016756,8.720233628013));
#1087 = CARTESIAN_POINT('',(1.699748718257,8.726205945244));
#1088 = CARTESIAN_POINT('',(1.73173511351,8.733917812562));
#1089 = CARTESIAN_POINT('',(1.763539768877,8.743120101083));
#1090 = CARTESIAN_POINT('',(1.834237249843,8.766438801213));
#1091 = CARTESIAN_POINT('',(1.873082071005,8.78124382614));
#1092 = CARTESIAN_POINT('',(1.911684109405,8.797476812018));
#1093 = CARTESIAN_POINT('',(1.950120522942,8.814683895618));
#1094 = CARTESIAN_POINT('',(1.988453378545,8.832435706571));
#1095 = CARTESIAN_POINT('',(2.026740889766,8.850335629423));
#1096 = CARTESIAN_POINT('',(2.127455990069,8.896798186158));
#1097 = CARTESIAN_POINT('',(2.19021136296,8.925120662558));
#1098 = CARTESIAN_POINT('',(2.253475022326,8.951284035231));
#1099 = CARTESIAN_POINT('',(2.317352918072,8.973641206924));
#1100 = CARTESIAN_POINT('',(2.38188738184,8.990495290892));
#1101 = CARTESIAN_POINT('',(2.447062504029,9.));
#1102 = CARTESIAN_POINT('',(2.512717728095,9.));
#1103 = ( GEOMETRIC_REPRESENTATION_CONTEXT(2) 
PARAMETRIC_REPRESENTATION_CONTEXT() REPRESENTATION_CONTEXT('2D SPACE',''
  ) );
#1104 = PCURVE('',#720,#1105);
#1105 = DEFINITIONAL_REPRESENTATION('',(#1106),#1145);
#1106 = B_SPLINE_CURVE_WITH_KNOTS('',7,(#1107,#1108,#1109,#1110,#1111,
    #1112,#1113,#1114,#1115,#1116,#1117,#1118,#1119,#1120,#1121,#1122,
    #1123,#1124,#1125,#1126,#1127,#1128,#1129,#1130,#1131,#1132,#1133,
    #1134,#1135,#1136,#1137,#1138,#1139,#1140,#1141,#1142,#1143,#1144),
  .UNSPECIFIED.,.F.,.F.,(8,6,6,6,6,6,8),(0.,0.237381630602,
    0.383563515374,0.499993907701,0.617099055773,0.762747414781,1.),
  .UNSPECIFIED.);
#1107 = CARTESIAN_POINT('',(0.,26.374772708487));
#1108 = CARTESIAN_POINT('',(-9.031317181899E-02,26.309079542437));
#1109 = CARTESIAN_POINT('',(-0.174929489717,26.236946050639));
#1110 = CARTESIAN_POINT('',(-0.254326691948,26.159179705151));
#1111 = CARTESIAN_POINT('',(-0.328671597837,26.076579835298));
#1112 = CARTESIAN_POINT('',(-0.397937919855,25.989841730276));
#1113 = CARTESIAN_POINT('',(-0.461852772494,25.899529301663));
#1114 = CARTESIAN_POINT('',(-0.555557696026,25.748519730625));
#1115 = CARTESIAN_POINT('',(-0.589126849762,25.689609916367));
#1116 = CARTESIAN_POINT('',(-0.620425739278,25.629381468374));
#1117 = CARTESIAN_POINT('',(-0.649255624835,25.567879280253));
#1118 = CARTESIAN_POINT('',(-0.675353375485,25.505138077031));
#1119 = CARTESIAN_POINT('',(-0.698401526864,25.44116799506));
#1120 = CARTESIAN_POINT('',(-0.733683545005,25.323990447027));
#1121 = CARTESIAN_POINT('',(-0.747198846838,25.271125439533));
#1122 = CARTESIAN_POINT('',(-0.758306293938,25.21760141624));
#1123 = CARTESIAN_POINT('',(-0.766795715686,25.163605616962));
#1124 = CARTESIAN_POINT('',(-0.772521276438,25.109274070251));
#1125 = CARTESIAN_POINT('',(-0.775397496611,25.054709383297));
#1126 = CARTESIAN_POINT('',(-0.775397496611,24.944973556269));
#1127 = CARTESIAN_POINT('',(-0.772487845345,24.890095552689));
#1128 = CARTESIAN_POINT('',(-0.766696272002,24.835454917904));
#1129 = CARTESIAN_POINT('',(-0.758110168189,24.781155186195));
#1130 = CARTESIAN_POINT('',(-0.746878376281,24.727334179865));
#1131 = CARTESIAN_POINT('',(-0.73321527388,24.674182166686));
#1132 = CARTESIAN_POINT('',(-0.697745963531,24.557005818712));
#1133 = CARTESIAN_POINT('',(-0.674709598467,24.49330054423));
#1134 = CARTESIAN_POINT('',(-0.648652568536,24.430816188947));
#1135 = CARTESIAN_POINT('',(-0.619888057093,24.369562759113));
#1136 = CARTESIAN_POINT('',(-0.58867540824,24.30957419098));
#1137 = CARTESIAN_POINT('',(-0.555210301172,24.250894315012));
#1138 = CARTESIAN_POINT('',(-0.461639221248,24.1001693071));
#1139 = CARTESIAN_POINT('',(-0.397745296129,24.009917000605));
#1140 = CARTESIAN_POINT('',(-0.328505449586,23.923235314404));
#1141 = CARTESIAN_POINT('',(-0.254192493178,23.840688562271));
#1142 = CARTESIAN_POINT('',(-0.174833048359,23.762971575704));
#1143 = CARTESIAN_POINT('',(-9.026101021522E-02,23.690882515579));
#1144 = CARTESIAN_POINT('',(0.,23.625227291513));
#1145 = ( GEOMETRIC_REPRESENTATION_CONTEXT(2) 
PARAMETRIC_REPRESENTATION_CONTEXT() REPRESENTATION_CONTEXT('2D SPACE',''
  ) );
#1146 = ADVANCED_FACE('',(#1147),#962,.T.);
#1147 = FACE_BOUND('',#1148,.T.);
#1148 = EDGE_LOOP('',(#1149,#1174,#1195,#1196,#1197,#1220,#1244,#1268,
    #1291,#1314));
#1149 = ORIENTED_EDGE('',*,*,#1150,.F.);
#1150 = EDGE_CURVE('',#1151,#1153,#1155,.T.);
#1151 = VERTEX_POINT('',#1152);
#1152 = CARTESIAN_POINT('',(-24.5,-1.99999995,8.0000001));
#1153 = VERTEX_POINT('',#1154);
#1154 = CARTESIAN_POINT('',(-24.5,2.00000005,8.0000001));
#1155 = SURFACE_CURVE('',#1156,(#1160,#1167),.PCURVE_S1.);
#1156 = LINE('',#1157,#1158);
#1157 = CARTESIAN_POINT('',(-24.5,-2.99999995,8.0000001));
#1158 = VECTOR('',#1159,1.);
#1159 = DIRECTION('',(0.,1.,0.));
#1160 = PCURVE('',#962,#1161);
#1161 = DEFINITIONAL_REPRESENTATION('',(#1162),#1166);
#1162 = LINE('',#1163,#1164);
#1163 = CARTESIAN_POINT('',(49.,0.));
#1164 = VECTOR('',#1165,1.);
#1165 = DIRECTION('',(0.,-1.));
#1166 = ( GEOMETRIC_REPRESENTATION_CONTEXT(2) 
PARAMETRIC_REPRESENTATION_CONTEXT() REPRESENTATION_CONTEXT('2D SPACE',''
  ) );
#1167 = PCURVE('',#44,#1168);
#1168 = DEFINITIONAL_REPRESENTATION('',(#1169),#1173);
#1169 = LINE('',#1170,#1171);
#1170 = CARTESIAN_POINT('',(8.,0.));
#1171 = VECTOR('',#1172,1.);
#1172 = DIRECTION('',(0.,1.));
#1173 = ( GEOMETRIC_REPRESENTATION_CONTEXT(2) 
PARAMETRIC_REPRESENTATION_CONTEXT() REPRESENTATION_CONTEXT('2D SPACE',''
  ) );
#1174 = ORIENTED_EDGE('',*,*,#1175,.F.);
#1175 = EDGE_CURVE('',#946,#1151,#1176,.T.);
#1176 = SURFACE_CURVE('',#1177,(#1181,#1188),.PCURVE_S1.);
#1177 = LINE('',#1178,#1179);
#1178 = CARTESIAN_POINT('',(24.5,-1.99999995,8.0000001));
#1179 = VECTOR('',#1180,1.);
#1180 = DIRECTION('',(-1.,0.,1.110223024625E-16));
#1181 = PCURVE('',#962,#1182);
#1182 = DEFINITIONAL_REPRESENTATION('',(#1183),#1187);
#1183 = LINE('',#1184,#1185);
#1184 = CARTESIAN_POINT('',(0.,-1.));
#1185 = VECTOR('',#1186,1.);
#1186 = DIRECTION('',(1.,0.));
#1187 = ( GEOMETRIC_REPRESENTATION_CONTEXT(2) 
PARAMETRIC_REPRESENTATION_CONTEXT() REPRESENTATION_CONTEXT('2D SPACE',''
  ) );
#1188 = PCURVE('',#720,#1189);
#1189 = DEFINITIONAL_REPRESENTATION('',(#1190),#1194);
#1190 = LINE('',#1191,#1192);
#1191 = CARTESIAN_POINT('',(-0.,0.));
#1192 = VECTOR('',#1193,1.);
#1193 = DIRECTION('',(-0.,1.));
#1194 = ( GEOMETRIC_REPRESENTATION_CONTEXT(2) 
PARAMETRIC_REPRESENTATION_CONTEXT() REPRESENTATION_CONTEXT('2D SPACE',''
  ) );
#1195 = ORIENTED_EDGE('',*,*,#943,.F.);
#1196 = ORIENTED_EDGE('',*,*,#997,.F.);
#1197 = ORIENTED_EDGE('',*,*,#1198,.F.);
#1198 = EDGE_CURVE('',#1199,#998,#1201,.T.);
#1199 = VERTEX_POINT('',#1200);
#1200 = CARTESIAN_POINT('',(6.125227291513,-1.99999995,8.0000001));
#1201 = SURFACE_CURVE('',#1202,(#1206,#1213),.PCURVE_S1.);
#1202 = LINE('',#1203,#1204);
#1203 = CARTESIAN_POINT('',(24.5,-1.99999995,8.0000001));
#1204 = VECTOR('',#1205,1.);
#1205 = DIRECTION('',(-1.,0.,1.110223024625E-16));
#1206 = PCURVE('',#962,#1207);
#1207 = DEFINITIONAL_REPRESENTATION('',(#1208),#1212);
#1208 = LINE('',#1209,#1210);
#1209 = CARTESIAN_POINT('',(0.,-1.));
#1210 = VECTOR('',#1211,1.);
#1211 = DIRECTION('',(1.,0.));
#1212 = ( GEOMETRIC_REPRESENTATION_CONTEXT(2) 
PARAMETRIC_REPRESENTATION_CONTEXT() REPRESENTATION_CONTEXT('2D SPACE',''
  ) );
#1213 = PCURVE('',#720,#1214);
#1214 = DEFINITIONAL_REPRESENTATION('',(#1215),#1219);
#1215 = LINE('',#1216,#1217);
#1216 = CARTESIAN_POINT('',(-0.,0.));
#1217 = VECTOR('',#1218,1.);
#1218 = DIRECTION('',(-0.,1.));
#1219 = ( GEOMETRIC_REPRESENTATION_CONTEXT(2) 
PARAMETRIC_REPRESENTATION_CONTEXT() REPRESENTATION_CONTEXT('2D SPACE',''
  ) );
#1220 = ORIENTED_EDGE('',*,*,#1221,.F.);
#1221 = EDGE_CURVE('',#1222,#1199,#1224,.T.);
#1222 = VERTEX_POINT('',#1223);
#1223 = CARTESIAN_POINT('',(5.8,-0.99999995,8.0000001));
#1224 = SURFACE_CURVE('',#1225,(#1230,#1237),.PCURVE_S1.);
#1225 = CIRCLE('',#1226,1.7);
#1226 = AXIS2_PLACEMENT_3D('',#1227,#1228,#1229);
#1227 = CARTESIAN_POINT('',(7.5,-0.99999995,8.0000001));
#1228 = DIRECTION('',(1.110223024625E-16,0.,1.));
#1229 = DIRECTION('',(-1.,0.,1.110223024625E-16));
#1230 = PCURVE('',#962,#1231);
#1231 = DEFINITIONAL_REPRESENTATION('',(#1232),#1236);
#1232 = CIRCLE('',#1233,1.7);
#1233 = AXIS2_PLACEMENT_2D('',#1234,#1235);
#1234 = CARTESIAN_POINT('',(17.,-2.));
#1235 = DIRECTION('',(1.,0.));
#1236 = ( GEOMETRIC_REPRESENTATION_CONTEXT(2) 
PARAMETRIC_REPRESENTATION_CONTEXT() REPRESENTATION_CONTEXT('2D SPACE',''
  ) );
#1237 = PCURVE('',#897,#1238);
#1238 = DEFINITIONAL_REPRESENTATION('',(#1239),#1243);
#1239 = LINE('',#1240,#1241);
#1240 = CARTESIAN_POINT('',(0.,9.));
#1241 = VECTOR('',#1242,1.);
#1242 = DIRECTION('',(1.,0.));
#1243 = ( GEOMETRIC_REPRESENTATION_CONTEXT(2) 
PARAMETRIC_REPRESENTATION_CONTEXT() REPRESENTATION_CONTEXT('2D SPACE',''
  ) );
#1244 = ORIENTED_EDGE('',*,*,#1245,.F.);
#1245 = EDGE_CURVE('',#1246,#1222,#1248,.T.);
#1246 = VERTEX_POINT('',#1247);
#1247 = CARTESIAN_POINT('',(8.874772708487,-1.99999995,8.0000001));
#1248 = SURFACE_CURVE('',#1249,(#1254,#1261),.PCURVE_S1.);
#1249 = CIRCLE('',#1250,1.7);
#1250 = AXIS2_PLACEMENT_3D('',#1251,#1252,#1253);
#1251 = CARTESIAN_POINT('',(7.5,-0.99999995,8.0000001));
#1252 = DIRECTION('',(1.110223024625E-16,0.,1.));
#1253 = DIRECTION('',(-1.,0.,1.110223024625E-16));
#1254 = PCURVE('',#962,#1255);
#1255 = DEFINITIONAL_REPRESENTATION('',(#1256),#1260);
#1256 = CIRCLE('',#1257,1.7);
#1257 = AXIS2_PLACEMENT_2D('',#1258,#1259);
#1258 = CARTESIAN_POINT('',(17.,-2.));
#1259 = DIRECTION('',(1.,0.));
#1260 = ( GEOMETRIC_REPRESENTATION_CONTEXT(2) 
PARAMETRIC_REPRESENTATION_CONTEXT() REPRESENTATION_CONTEXT('2D SPACE',''
  ) );
#1261 = PCURVE('',#897,#1262);
#1262 = DEFINITIONAL_REPRESENTATION('',(#1263),#1267);
#1263 = LINE('',#1264,#1265);
#1264 = CARTESIAN_POINT('',(0.,9.));
#1265 = VECTOR('',#1266,1.);
#1266 = DIRECTION('',(1.,0.));
#1267 = ( GEOMETRIC_REPRESENTATION_CONTEXT(2) 
PARAMETRIC_REPRESENTATION_CONTEXT() REPRESENTATION_CONTEXT('2D SPACE',''
  ) );
#1268 = ORIENTED_EDGE('',*,*,#1269,.F.);
#1269 = EDGE_CURVE('',#1270,#1246,#1272,.T.);
#1270 = VERTEX_POINT('',#1271);
#1271 = CARTESIAN_POINT('',(24.5,-1.99999995,8.0000001));
#1272 = SURFACE_CURVE('',#1273,(#1277,#1284),.PCURVE_S1.);
#1273 = LINE('',#1274,#1275);
#1274 = CARTESIAN_POINT('',(24.5,-1.99999995,8.0000001));
#1275 = VECTOR('',#1276,1.);
#1276 = DIRECTION('',(-1.,0.,1.110223024625E-16));
#1277 = PCURVE('',#962,#1278);
#1278 = DEFINITIONAL_REPRESENTATION('',(#1279),#1283);
#1279 = LINE('',#1280,#1281);
#1280 = CARTESIAN_POINT('',(0.,-1.));
#1281 = VECTOR('',#1282,1.);
#1282 = DIRECTION('',(1.,0.));
#1283 = ( GEOMETRIC_REPRESENTATION_CONTEXT(2) 
PARAMETRIC_REPRESENTATION_CONTEXT() REPRESENTATION_CONTEXT('2D SPACE',''
  ) );
#1284 = PCURVE('',#720,#1285);
#1285 = DEFINITIONAL_REPRESENTATION('',(#1286),#1290);
#1286 = LINE('',#1287,#1288);
#1287 = CARTESIAN_POINT('',(-0.,0.));
#1288 = VECTOR('',#1289,1.);
#1289 = DIRECTION('',(-0.,1.));
#1290 = ( GEOMETRIC_REPRESENTATION_CONTEXT(2) 
PARAMETRIC_REPRESENTATION_CONTEXT() REPRESENTATION_CONTEXT('2D SPACE',''
  ) );
#1291 = ORIENTED_EDGE('',*,*,#1292,.T.);
#1292 = EDGE_CURVE('',#1270,#1293,#1295,.T.);
#1293 = VERTEX_POINT('',#1294);
#1294 = CARTESIAN_POINT('',(24.5,2.00000005,8.0000001));
#1295 = SURFACE_CURVE('',#1296,(#1300,#1307),.PCURVE_S1.);
#1296 = LINE('',#1297,#1298);
#1297 = CARTESIAN_POINT('',(24.5,-2.99999995,8.0000001));
#1298 = VECTOR('',#1299,1.);
#1299 = DIRECTION('',(0.,1.,0.));
#1300 = PCURVE('',#962,#1301);
#1301 = DEFINITIONAL_REPRESENTATION('',(#1302),#1306);
#1302 = LINE('',#1303,#1304);
#1303 = CARTESIAN_POINT('',(0.,0.));
#1304 = VECTOR('',#1305,1.);
#1305 = DIRECTION('',(0.,-1.));
#1306 = ( GEOMETRIC_REPRESENTATION_CONTEXT(2) 
PARAMETRIC_REPRESENTATION_CONTEXT() REPRESENTATION_CONTEXT('2D SPACE',''
  ) );
#1307 = PCURVE('',#252,#1308);
#1308 = DEFINITIONAL_REPRESENTATION('',(#1309),#1313);
#1309 = LINE('',#1310,#1311);
#1310 = CARTESIAN_POINT('',(8.,0.));
#1311 = VECTOR('',#1312,1.);
#1312 = DIRECTION('',(0.,1.));
#1313 = ( GEOMETRIC_REPRESENTATION_CONTEXT(2) 
PARAMETRIC_REPRESENTATION_CONTEXT() REPRESENTATION_CONTEXT('2D SPACE',''
  ) );
#1314 = ORIENTED_EDGE('',*,*,#1315,.T.);
#1315 = EDGE_CURVE('',#1293,#1153,#1316,.T.);
#1316 = SURFACE_CURVE('',#1317,(#1321,#1328),.PCURVE_S1.);
#1317 = LINE('',#1318,#1319);
#1318 = CARTESIAN_POINT('',(24.5,2.00000005,8.0000001));
#1319 = VECTOR('',#1320,1.);
#1320 = DIRECTION('',(-1.,0.,1.110223024625E-16));
#1321 = PCURVE('',#962,#1322);
#1322 = DEFINITIONAL_REPRESENTATION('',(#1323),#1327);
#1323 = LINE('',#1324,#1325);
#1324 = CARTESIAN_POINT('',(0.,-5.));
#1325 = VECTOR('',#1326,1.);
#1326 = DIRECTION('',(1.,0.));
#1327 = ( GEOMETRIC_REPRESENTATION_CONTEXT(2) 
PARAMETRIC_REPRESENTATION_CONTEXT() REPRESENTATION_CONTEXT('2D SPACE',''
  ) );
#1328 = PCURVE('',#1329,#1334);
#1329 = CYLINDRICAL_SURFACE('',#1330,1.);
#1330 = AXIS2_PLACEMENT_3D('',#1331,#1332,#1333);
#1331 = CARTESIAN_POINT('',(24.5,2.00000005,7.0000001));
#1332 = DIRECTION('',(-1.,0.,1.110223024625E-16));
#1333 = DIRECTION('',(1.110223024625E-16,0.,1.));
#1334 = DEFINITIONAL_REPRESENTATION('',(#1335),#1339);
#1335 = LINE('',#1336,#1337);
#1336 = CARTESIAN_POINT('',(0.,0.));
#1337 = VECTOR('',#1338,1.);
#1338 = DIRECTION('',(0.,1.));
#1339 = ( GEOMETRIC_REPRESENTATION_CONTEXT(2) 
PARAMETRIC_REPRESENTATION_CONTEXT() REPRESENTATION_CONTEXT('2D SPACE',''
  ) );
#1340 = ADVANCED_FACE('',(#1341),#1329,.T.);
#1341 = FACE_BOUND('',#1342,.T.);
#1342 = EDGE_LOOP('',(#1343,#1367,#1395,#1417));
#1343 = ORIENTED_EDGE('',*,*,#1344,.T.);
#1344 = EDGE_CURVE('',#1293,#1345,#1347,.T.);
#1345 = VERTEX_POINT('',#1346);
#1346 = CARTESIAN_POINT('',(24.5,3.00000005,7.0000001));
#1347 = SURFACE_CURVE('',#1348,(#1353,#1360),.PCURVE_S1.);
#1348 = CIRCLE('',#1349,1.);
#1349 = AXIS2_PLACEMENT_3D('',#1350,#1351,#1352);
#1350 = CARTESIAN_POINT('',(24.5,2.00000005,7.0000001));
#1351 = DIRECTION('',(-1.,0.,1.110223024625E-16));
#1352 = DIRECTION('',(0.,-1.,0.));
#1353 = PCURVE('',#1329,#1354);
#1354 = DEFINITIONAL_REPRESENTATION('',(#1355),#1359);
#1355 = LINE('',#1356,#1357);
#1356 = CARTESIAN_POINT('',(-1.570796326795,0.));
#1357 = VECTOR('',#1358,1.);
#1358 = DIRECTION('',(1.,0.));
#1359 = ( GEOMETRIC_REPRESENTATION_CONTEXT(2) 
PARAMETRIC_REPRESENTATION_CONTEXT() REPRESENTATION_CONTEXT('2D SPACE',''
  ) );
#1360 = PCURVE('',#252,#1361);
#1361 = DEFINITIONAL_REPRESENTATION('',(#1362),#1366);
#1362 = CIRCLE('',#1363,1.);
#1363 = AXIS2_PLACEMENT_2D('',#1364,#1365);
#1364 = CARTESIAN_POINT('',(7.,5.));
#1365 = DIRECTION('',(0.,-1.));
#1366 = ( GEOMETRIC_REPRESENTATION_CONTEXT(2) 
PARAMETRIC_REPRESENTATION_CONTEXT() REPRESENTATION_CONTEXT('2D SPACE',''
  ) );
#1367 = ORIENTED_EDGE('',*,*,#1368,.T.);
#1368 = EDGE_CURVE('',#1345,#1369,#1371,.T.);
#1369 = VERTEX_POINT('',#1370);
#1370 = CARTESIAN_POINT('',(-24.5,3.00000005,7.0000001));
#1371 = SURFACE_CURVE('',#1372,(#1376,#1383),.PCURVE_S1.);
#1372 = LINE('',#1373,#1374);
#1373 = CARTESIAN_POINT('',(24.5,3.00000005,7.0000001));
#1374 = VECTOR('',#1375,1.);
#1375 = DIRECTION('',(-1.,0.,1.110223024625E-16));
#1376 = PCURVE('',#1329,#1377);
#1377 = DEFINITIONAL_REPRESENTATION('',(#1378),#1382);
#1378 = LINE('',#1379,#1380);
#1379 = CARTESIAN_POINT('',(1.570796326795,0.));
#1380 = VECTOR('',#1381,1.);
#1381 = DIRECTION('',(0.,1.));
#1382 = ( GEOMETRIC_REPRESENTATION_CONTEXT(2) 
PARAMETRIC_REPRESENTATION_CONTEXT() REPRESENTATION_CONTEXT('2D SPACE',''
  ) );
#1383 = PCURVE('',#1384,#1389);
#1384 = PLANE('',#1385);
#1385 = AXIS2_PLACEMENT_3D('',#1386,#1387,#1388);
#1386 = CARTESIAN_POINT('',(24.5,3.00000005,9.999999406318E-08));
#1387 = DIRECTION('',(0.,1.,0.));
#1388 = DIRECTION('',(-1.,0.,1.110223024625E-16));
#1389 = DEFINITIONAL_REPRESENTATION('',(#1390),#1394);
#1390 = LINE('',#1391,#1392);
#1391 = CARTESIAN_POINT('',(7.771561172376E-16,7.));
#1392 = VECTOR('',#1393,1.);
#1393 = DIRECTION('',(1.,0.));
#1394 = ( GEOMETRIC_REPRESENTATION_CONTEXT(2) 
PARAMETRIC_REPRESENTATION_CONTEXT() REPRESENTATION_CONTEXT('2D SPACE',''
  ) );
#1395 = ORIENTED_EDGE('',*,*,#1396,.F.);
#1396 = EDGE_CURVE('',#1153,#1369,#1397,.T.);
#1397 = SURFACE_CURVE('',#1398,(#1403,#1410),.PCURVE_S1.);
#1398 = CIRCLE('',#1399,1.);
#1399 = AXIS2_PLACEMENT_3D('',#1400,#1401,#1402);
#1400 = CARTESIAN_POINT('',(-24.5,2.00000005,7.0000001));
#1401 = DIRECTION('',(-1.,0.,1.110223024625E-16));
#1402 = DIRECTION('',(0.,-1.,0.));
#1403 = PCURVE('',#1329,#1404);
#1404 = DEFINITIONAL_REPRESENTATION('',(#1405),#1409);
#1405 = LINE('',#1406,#1407);
#1406 = CARTESIAN_POINT('',(-1.570796326795,49.));
#1407 = VECTOR('',#1408,1.);
#1408 = DIRECTION('',(1.,0.));
#1409 = ( GEOMETRIC_REPRESENTATION_CONTEXT(2) 
PARAMETRIC_REPRESENTATION_CONTEXT() REPRESENTATION_CONTEXT('2D SPACE',''
  ) );
#1410 = PCURVE('',#44,#1411);
#1411 = DEFINITIONAL_REPRESENTATION('',(#1412),#1416);
#1412 = CIRCLE('',#1413,1.);
#1413 = AXIS2_PLACEMENT_2D('',#1414,#1415);
#1414 = CARTESIAN_POINT('',(7.,5.));
#1415 = DIRECTION('',(0.,-1.));
#1416 = ( GEOMETRIC_REPRESENTATION_CONTEXT(2) 
PARAMETRIC_REPRESENTATION_CONTEXT() REPRESENTATION_CONTEXT('2D SPACE',''
  ) );
#1417 = ORIENTED_EDGE('',*,*,#1315,.F.);
#1418 = ADVANCED_FACE('',(#1419,#1489,#1520),#1384,.T.);
#1419 = FACE_BOUND('',#1420,.T.);
#1420 = EDGE_LOOP('',(#1421,#1444,#1467,#1488));
#1421 = ORIENTED_EDGE('',*,*,#1422,.F.);
#1422 = EDGE_CURVE('',#1423,#1345,#1425,.T.);
#1423 = VERTEX_POINT('',#1424);
#1424 = CARTESIAN_POINT('',(24.5,3.00000005,1.0000001));
#1425 = SURFACE_CURVE('',#1426,(#1430,#1437),.PCURVE_S1.);
#1426 = LINE('',#1427,#1428);
#1427 = CARTESIAN_POINT('',(24.5,3.00000005,9.999999406318E-08));
#1428 = VECTOR('',#1429,1.);
#1429 = DIRECTION('',(1.110223024625E-16,0.,1.));
#1430 = PCURVE('',#1384,#1431);
#1431 = DEFINITIONAL_REPRESENTATION('',(#1432),#1436);
#1432 = LINE('',#1433,#1434);
#1433 = CARTESIAN_POINT('',(0.,0.));
#1434 = VECTOR('',#1435,1.);
#1435 = DIRECTION('',(0.,1.));
#1436 = ( GEOMETRIC_REPRESENTATION_CONTEXT(2) 
PARAMETRIC_REPRESENTATION_CONTEXT() REPRESENTATION_CONTEXT('2D SPACE',''
  ) );
#1437 = PCURVE('',#252,#1438);
#1438 = DEFINITIONAL_REPRESENTATION('',(#1439),#1443);
#1439 = LINE('',#1440,#1441);
#1440 = CARTESIAN_POINT('',(0.,6.));
#1441 = VECTOR('',#1442,1.);
#1442 = DIRECTION('',(1.,0.));
#1443 = ( GEOMETRIC_REPRESENTATION_CONTEXT(2) 
PARAMETRIC_REPRESENTATION_CONTEXT() REPRESENTATION_CONTEXT('2D SPACE',''
  ) );
#1444 = ORIENTED_EDGE('',*,*,#1445,.T.);
#1445 = EDGE_CURVE('',#1423,#1446,#1448,.T.);
#1446 = VERTEX_POINT('',#1447);
#1447 = CARTESIAN_POINT('',(-24.5,3.00000005,1.0000001));
#1448 = SURFACE_CURVE('',#1449,(#1453,#1460),.PCURVE_S1.);
#1449 = LINE('',#1450,#1451);
#1450 = CARTESIAN_POINT('',(24.5,3.00000005,1.0000001));
#1451 = VECTOR('',#1452,1.);
#1452 = DIRECTION('',(-1.,0.,1.110223024625E-16));
#1453 = PCURVE('',#1384,#1454);
#1454 = DEFINITIONAL_REPRESENTATION('',(#1455),#1459);
#1455 = LINE('',#1456,#1457);
#1456 = CARTESIAN_POINT('',(1.110223024625E-16,1.));
#1457 = VECTOR('',#1458,1.);
#1458 = DIRECTION('',(1.,0.));
#1459 = ( GEOMETRIC_REPRESENTATION_CONTEXT(2) 
PARAMETRIC_REPRESENTATION_CONTEXT() REPRESENTATION_CONTEXT('2D SPACE',''
  ) );
#1460 = PCURVE('',#278,#1461);
#1461 = DEFINITIONAL_REPRESENTATION('',(#1462),#1466);
#1462 = LINE('',#1463,#1464);
#1463 = CARTESIAN_POINT('',(-1.570796326795,0.));
#1464 = VECTOR('',#1465,1.);
#1465 = DIRECTION('',(-0.,1.));
#1466 = ( GEOMETRIC_REPRESENTATION_CONTEXT(2) 
PARAMETRIC_REPRESENTATION_CONTEXT() REPRESENTATION_CONTEXT('2D SPACE',''
  ) );
#1467 = ORIENTED_EDGE('',*,*,#1468,.T.);
#1468 = EDGE_CURVE('',#1446,#1369,#1469,.T.);
#1469 = SURFACE_CURVE('',#1470,(#1474,#1481),.PCURVE_S1.);
#1470 = LINE('',#1471,#1472);
#1471 = CARTESIAN_POINT('',(-24.5,3.00000005,9.999999406318E-08));
#1472 = VECTOR('',#1473,1.);
#1473 = DIRECTION('',(1.110223024625E-16,0.,1.));
#1474 = PCURVE('',#1384,#1475);
#1475 = DEFINITIONAL_REPRESENTATION('',(#1476),#1480);
#1476 = LINE('',#1477,#1478);
#1477 = CARTESIAN_POINT('',(49.,-5.440092820663E-15));
#1478 = VECTOR('',#1479,1.);
#1479 = DIRECTION('',(0.,1.));
#1480 = ( GEOMETRIC_REPRESENTATION_CONTEXT(2) 
PARAMETRIC_REPRESENTATION_CONTEXT() REPRESENTATION_CONTEXT('2D SPACE',''
  ) );
#1481 = PCURVE('',#44,#1482);
#1482 = DEFINITIONAL_REPRESENTATION('',(#1483),#1487);
#1483 = LINE('',#1484,#1485);
#1484 = CARTESIAN_POINT('',(0.,6.));
#1485 = VECTOR('',#1486,1.);
#1486 = DIRECTION('',(1.,0.));
#1487 = ( GEOMETRIC_REPRESENTATION_CONTEXT(2) 
PARAMETRIC_REPRESENTATION_CONTEXT() REPRESENTATION_CONTEXT('2D SPACE',''
  ) );
#1488 = ORIENTED_EDGE('',*,*,#1368,.F.);
#1489 = FACE_BOUND('',#1490,.T.);
#1490 = EDGE_LOOP('',(#1491));
#1491 = ORIENTED_EDGE('',*,*,#1492,.F.);
#1492 = EDGE_CURVE('',#1493,#1493,#1495,.T.);
#1493 = VERTEX_POINT('',#1494);
#1494 = CARTESIAN_POINT('',(20.55,3.00000005,4.0000001));
#1495 = SURFACE_CURVE('',#1496,(#1501,#1508),.PCURVE_S1.);
#1496 = CIRCLE('',#1497,1.7);
#1497 = AXIS2_PLACEMENT_3D('',#1498,#1499,#1500);
#1498 = CARTESIAN_POINT('',(22.25,3.00000005,4.0000001));
#1499 = DIRECTION('',(0.,1.,-0.));
#1500 = DIRECTION('',(-1.,0.,1.110223024625E-16));
#1501 = PCURVE('',#1384,#1502);
#1502 = DEFINITIONAL_REPRESENTATION('',(#1503),#1507);
#1503 = CIRCLE('',#1504,1.7);
#1504 = AXIS2_PLACEMENT_2D('',#1505,#1506);
#1505 = CARTESIAN_POINT('',(2.25,4.));
#1506 = DIRECTION('',(1.,0.));
#1507 = ( GEOMETRIC_REPRESENTATION_CONTEXT(2) 
PARAMETRIC_REPRESENTATION_CONTEXT() REPRESENTATION_CONTEXT('2D SPACE',''
  ) );
#1508 = PCURVE('',#1509,#1514);
#1509 = CYLINDRICAL_SURFACE('',#1510,1.7);
#1510 = AXIS2_PLACEMENT_3D('',#1511,#1512,#1513);
#1511 = CARTESIAN_POINT('',(22.25,-3.99999995,4.0000001));
#1512 = DIRECTION('',(0.,1.,0.));
#1513 = DIRECTION('',(-1.,0.,1.110223024625E-16));
#1514 = DEFINITIONAL_REPRESENTATION('',(#1515),#1519);
#1515 = LINE('',#1516,#1517);
#1516 = CARTESIAN_POINT('',(0.,7.));
#1517 = VECTOR('',#1518,1.);
#1518 = DIRECTION('',(1.,0.));
#1519 = ( GEOMETRIC_REPRESENTATION_CONTEXT(2) 
PARAMETRIC_REPRESENTATION_CONTEXT() REPRESENTATION_CONTEXT('2D SPACE',''
  ) );
#1520 = FACE_BOUND('',#1521,.T.);
#1521 = EDGE_LOOP('',(#1522));
#1522 = ORIENTED_EDGE('',*,*,#1523,.F.);
#1523 = EDGE_CURVE('',#1524,#1524,#1526,.T.);
#1524 = VERTEX_POINT('',#1525);
#1525 = CARTESIAN_POINT('',(-19.2,3.00000005,4.0000001));
#1526 = SURFACE_CURVE('',#1527,(#1532,#1539),.PCURVE_S1.);
#1527 = CIRCLE('',#1528,1.7);
#1528 = AXIS2_PLACEMENT_3D('',#1529,#1530,#1531);
#1529 = CARTESIAN_POINT('',(-17.5,3.00000005,4.0000001));
#1530 = DIRECTION('',(0.,1.,-0.));
#1531 = DIRECTION('',(-1.,0.,1.110223024625E-16));
#1532 = PCURVE('',#1384,#1533);
#1533 = DEFINITIONAL_REPRESENTATION('',(#1534),#1538);
#1534 = CIRCLE('',#1535,1.7);
#1535 = AXIS2_PLACEMENT_2D('',#1536,#1537);
#1536 = CARTESIAN_POINT('',(42.,4.));
#1537 = DIRECTION('',(1.,0.));
#1538 = ( GEOMETRIC_REPRESENTATION_CONTEXT(2) 
PARAMETRIC_REPRESENTATION_CONTEXT() REPRESENTATION_CONTEXT('2D SPACE',''
  ) );
#1539 = PCURVE('',#1540,#1545);
#1540 = CYLINDRICAL_SURFACE('',#1541,1.7);
#1541 = AXIS2_PLACEMENT_3D('',#1542,#1543,#1544);
#1542 = CARTESIAN_POINT('',(-17.5,-3.99999995,4.0000001));
#1543 = DIRECTION('',(0.,1.,0.));
#1544 = DIRECTION('',(-1.,0.,1.110223024625E-16));
#1545 = DEFINITIONAL_REPRESENTATION('',(#1546),#1550);
#1546 = LINE('',#1547,#1548);
#1547 = CARTESIAN_POINT('',(0.,7.));
#1548 = VECTOR('',#1549,1.);
#1549 = DIRECTION('',(1.,0.));
#1550 = ( GEOMETRIC_REPRESENTATION_CONTEXT(2) 
PARAMETRIC_REPRESENTATION_CONTEXT() REPRESENTATION_CONTEXT('2D SPACE',''
  ) );
#1551 = ADVANCED_FACE('',(#1552),#1540,.F.);
#1552 = FACE_BOUND('',#1553,.F.);
#1553 = EDGE_LOOP('',(#1554,#1555,#1578,#1605));
#1554 = ORIENTED_EDGE('',*,*,#1523,.F.);
#1555 = ORIENTED_EDGE('',*,*,#1556,.F.);
#1556 = EDGE_CURVE('',#1557,#1524,#1559,.T.);
#1557 = VERTEX_POINT('',#1558);
#1558 = CARTESIAN_POINT('',(-19.2,5.00000005843E-08,4.0000001));
#1559 = SEAM_CURVE('',#1560,(#1564,#1571),.PCURVE_S1.);
#1560 = LINE('',#1561,#1562);
#1561 = CARTESIAN_POINT('',(-19.2,-3.99999995,4.0000001));
#1562 = VECTOR('',#1563,1.);
#1563 = DIRECTION('',(0.,1.,0.));
#1564 = PCURVE('',#1540,#1565);
#1565 = DEFINITIONAL_REPRESENTATION('',(#1566),#1570);
#1566 = LINE('',#1567,#1568);
#1567 = CARTESIAN_POINT('',(6.28318530718,-0.));
#1568 = VECTOR('',#1569,1.);
#1569 = DIRECTION('',(0.,1.));
#1570 = ( GEOMETRIC_REPRESENTATION_CONTEXT(2) 
PARAMETRIC_REPRESENTATION_CONTEXT() REPRESENTATION_CONTEXT('2D SPACE',''
  ) );
#1571 = PCURVE('',#1540,#1572);
#1572 = DEFINITIONAL_REPRESENTATION('',(#1573),#1577);
#1573 = LINE('',#1574,#1575);
#1574 = CARTESIAN_POINT('',(0.,-0.));
#1575 = VECTOR('',#1576,1.);
#1576 = DIRECTION('',(0.,1.));
#1577 = ( GEOMETRIC_REPRESENTATION_CONTEXT(2) 
PARAMETRIC_REPRESENTATION_CONTEXT() REPRESENTATION_CONTEXT('2D SPACE',''
  ) );
#1578 = ORIENTED_EDGE('',*,*,#1579,.T.);
#1579 = EDGE_CURVE('',#1557,#1557,#1580,.T.);
#1580 = SURFACE_CURVE('',#1581,(#1586,#1593),.PCURVE_S1.);
#1581 = CIRCLE('',#1582,1.7);
#1582 = AXIS2_PLACEMENT_3D('',#1583,#1584,#1585);
#1583 = CARTESIAN_POINT('',(-17.5,5.00000005843E-08,4.0000001));
#1584 = DIRECTION('',(0.,1.,-0.));
#1585 = DIRECTION('',(-1.,0.,1.110223024625E-16));
#1586 = PCURVE('',#1540,#1587);
#1587 = DEFINITIONAL_REPRESENTATION('',(#1588),#1592);
#1588 = LINE('',#1589,#1590);
#1589 = CARTESIAN_POINT('',(0.,4.));
#1590 = VECTOR('',#1591,1.);
#1591 = DIRECTION('',(1.,0.));
#1592 = ( GEOMETRIC_REPRESENTATION_CONTEXT(2) 
PARAMETRIC_REPRESENTATION_CONTEXT() REPRESENTATION_CONTEXT('2D SPACE',''
  ) );
#1593 = PCURVE('',#1594,#1599);
#1594 = PLANE('',#1595);
#1595 = AXIS2_PLACEMENT_3D('',#1596,#1597,#1598);
#1596 = CARTESIAN_POINT('',(-17.5,5.00000005843E-08,4.0000001));
#1597 = DIRECTION('',(0.,1.,0.));
#1598 = DIRECTION('',(-1.,0.,1.110223024625E-16));
#1599 = DEFINITIONAL_REPRESENTATION('',(#1600),#1604);
#1600 = CIRCLE('',#1601,1.7);
#1601 = AXIS2_PLACEMENT_2D('',#1602,#1603);
#1602 = CARTESIAN_POINT('',(0.,0.));
#1603 = DIRECTION('',(1.,0.));
#1604 = ( GEOMETRIC_REPRESENTATION_CONTEXT(2) 
PARAMETRIC_REPRESENTATION_CONTEXT() REPRESENTATION_CONTEXT('2D SPACE',''
  ) );
#1605 = ORIENTED_EDGE('',*,*,#1556,.T.);
#1606 = ADVANCED_FACE('',(#1607,#1633),#1594,.F.);
#1607 = FACE_BOUND('',#1608,.F.);
#1608 = EDGE_LOOP('',(#1609));
#1609 = ORIENTED_EDGE('',*,*,#1610,.T.);
#1610 = EDGE_CURVE('',#1611,#1611,#1613,.T.);
#1611 = VERTEX_POINT('',#1612);
#1612 = CARTESIAN_POINT('',(-20.8,5.00000005843E-08,4.0000001));
#1613 = SURFACE_CURVE('',#1614,(#1619,#1626),.PCURVE_S1.);
#1614 = CIRCLE('',#1615,3.3);
#1615 = AXIS2_PLACEMENT_3D('',#1616,#1617,#1618);
#1616 = CARTESIAN_POINT('',(-17.5,5.00000005843E-08,4.0000001));
#1617 = DIRECTION('',(0.,1.,-0.));
#1618 = DIRECTION('',(-1.,0.,1.110223024625E-16));
#1619 = PCURVE('',#1594,#1620);
#1620 = DEFINITIONAL_REPRESENTATION('',(#1621),#1625);
#1621 = CIRCLE('',#1622,3.3);
#1622 = AXIS2_PLACEMENT_2D('',#1623,#1624);
#1623 = CARTESIAN_POINT('',(0.,0.));
#1624 = DIRECTION('',(1.,0.));
#1625 = ( GEOMETRIC_REPRESENTATION_CONTEXT(2) 
PARAMETRIC_REPRESENTATION_CONTEXT() REPRESENTATION_CONTEXT('2D SPACE',''
  ) );
#1626 = PCURVE('',#694,#1627);
#1627 = DEFINITIONAL_REPRESENTATION('',(#1628),#1632);
#1628 = LINE('',#1629,#1630);
#1629 = CARTESIAN_POINT('',(0.,4.));
#1630 = VECTOR('',#1631,1.);
#1631 = DIRECTION('',(1.,0.));
#1632 = ( GEOMETRIC_REPRESENTATION_CONTEXT(2) 
PARAMETRIC_REPRESENTATION_CONTEXT() REPRESENTATION_CONTEXT('2D SPACE',''
  ) );
#1633 = FACE_BOUND('',#1634,.F.);
#1634 = EDGE_LOOP('',(#1635));
#1635 = ORIENTED_EDGE('',*,*,#1579,.F.);
#1636 = ADVANCED_FACE('',(#1637),#1509,.F.);
#1637 = FACE_BOUND('',#1638,.F.);
#1638 = EDGE_LOOP('',(#1639,#1640,#1663,#1690));
#1639 = ORIENTED_EDGE('',*,*,#1492,.F.);
#1640 = ORIENTED_EDGE('',*,*,#1641,.F.);
#1641 = EDGE_CURVE('',#1642,#1493,#1644,.T.);
#1642 = VERTEX_POINT('',#1643);
#1643 = CARTESIAN_POINT('',(20.55,5.00000005843E-08,4.0000001));
#1644 = SEAM_CURVE('',#1645,(#1649,#1656),.PCURVE_S1.);
#1645 = LINE('',#1646,#1647);
#1646 = CARTESIAN_POINT('',(20.55,-3.99999995,4.0000001));
#1647 = VECTOR('',#1648,1.);
#1648 = DIRECTION('',(0.,1.,0.));
#1649 = PCURVE('',#1509,#1650);
#1650 = DEFINITIONAL_REPRESENTATION('',(#1651),#1655);
#1651 = LINE('',#1652,#1653);
#1652 = CARTESIAN_POINT('',(6.28318530718,-0.));
#1653 = VECTOR('',#1654,1.);
#1654 = DIRECTION('',(0.,1.));
#1655 = ( GEOMETRIC_REPRESENTATION_CONTEXT(2) 
PARAMETRIC_REPRESENTATION_CONTEXT() REPRESENTATION_CONTEXT('2D SPACE',''
  ) );
#1656 = PCURVE('',#1509,#1657);
#1657 = DEFINITIONAL_REPRESENTATION('',(#1658),#1662);
#1658 = LINE('',#1659,#1660);
#1659 = CARTESIAN_POINT('',(0.,-0.));
#1660 = VECTOR('',#1661,1.);
#1661 = DIRECTION('',(0.,1.));
#1662 = ( GEOMETRIC_REPRESENTATION_CONTEXT(2) 
PARAMETRIC_REPRESENTATION_CONTEXT() REPRESENTATION_CONTEXT('2D SPACE',''
  ) );
#1663 = ORIENTED_EDGE('',*,*,#1664,.T.);
#1664 = EDGE_CURVE('',#1642,#1642,#1665,.T.);
#1665 = SURFACE_CURVE('',#1666,(#1671,#1678),.PCURVE_S1.);
#1666 = CIRCLE('',#1667,1.7);
#1667 = AXIS2_PLACEMENT_3D('',#1668,#1669,#1670);
#1668 = CARTESIAN_POINT('',(22.25,5.00000005843E-08,4.0000001));
#1669 = DIRECTION('',(0.,1.,-0.));
#1670 = DIRECTION('',(-1.,0.,1.110223024625E-16));
#1671 = PCURVE('',#1509,#1672);
#1672 = DEFINITIONAL_REPRESENTATION('',(#1673),#1677);
#1673 = LINE('',#1674,#1675);
#1674 = CARTESIAN_POINT('',(0.,4.));
#1675 = VECTOR('',#1676,1.);
#1676 = DIRECTION('',(1.,0.));
#1677 = ( GEOMETRIC_REPRESENTATION_CONTEXT(2) 
PARAMETRIC_REPRESENTATION_CONTEXT() REPRESENTATION_CONTEXT('2D SPACE',''
  ) );
#1678 = PCURVE('',#1679,#1684);
#1679 = PLANE('',#1680);
#1680 = AXIS2_PLACEMENT_3D('',#1681,#1682,#1683);
#1681 = CARTESIAN_POINT('',(22.25,5.00000005843E-08,4.0000001));
#1682 = DIRECTION('',(0.,1.,0.));
#1683 = DIRECTION('',(-1.,0.,1.110223024625E-16));
#1684 = DEFINITIONAL_REPRESENTATION('',(#1685),#1689);
#1685 = CIRCLE('',#1686,1.7);
#1686 = AXIS2_PLACEMENT_2D('',#1687,#1688);
#1687 = CARTESIAN_POINT('',(0.,0.));
#1688 = DIRECTION('',(1.,0.));
#1689 = ( GEOMETRIC_REPRESENTATION_CONTEXT(2) 
PARAMETRIC_REPRESENTATION_CONTEXT() REPRESENTATION_CONTEXT('2D SPACE',''
  ) );
#1690 = ORIENTED_EDGE('',*,*,#1641,.T.);
#1691 = ADVANCED_FACE('',(#1692,#1741),#1679,.F.);
#1692 = FACE_BOUND('',#1693,.F.);
#1693 = EDGE_LOOP('',(#1694,#1720));
#1694 = ORIENTED_EDGE('',*,*,#1695,.T.);
#1695 = EDGE_CURVE('',#1696,#1698,#1700,.T.);
#1696 = VERTEX_POINT('',#1697);
#1697 = CARTESIAN_POINT('',(24.5,5.00000005843E-08,1.585978559085));
#1698 = VERTEX_POINT('',#1699);
#1699 = CARTESIAN_POINT('',(24.5,5.00000005843E-08,6.414021640915));
#1700 = SURFACE_CURVE('',#1701,(#1706,#1713),.PCURVE_S1.);
#1701 = CIRCLE('',#1702,3.3);
#1702 = AXIS2_PLACEMENT_3D('',#1703,#1704,#1705);
#1703 = CARTESIAN_POINT('',(22.25,5.00000005843E-08,4.0000001));
#1704 = DIRECTION('',(0.,1.,0.));
#1705 = DIRECTION('',(0.681818181818,0.,-0.731521679065));
#1706 = PCURVE('',#1679,#1707);
#1707 = DEFINITIONAL_REPRESENTATION('',(#1708),#1712);
#1708 = CIRCLE('',#1709,3.3);
#1709 = AXIS2_PLACEMENT_2D('',#1710,#1711);
#1710 = CARTESIAN_POINT('',(0.,0.));
#1711 = DIRECTION('',(-0.681818181818,-0.731521679065));
#1712 = ( GEOMETRIC_REPRESENTATION_CONTEXT(2) 
PARAMETRIC_REPRESENTATION_CONTEXT() REPRESENTATION_CONTEXT('2D SPACE',''
  ) );
#1713 = PCURVE('',#642,#1714);
#1714 = DEFINITIONAL_REPRESENTATION('',(#1715),#1719);
#1715 = LINE('',#1716,#1717);
#1716 = CARTESIAN_POINT('',(3.962143736398,4.));
#1717 = VECTOR('',#1718,1.);
#1718 = DIRECTION('',(1.,0.));
#1719 = ( GEOMETRIC_REPRESENTATION_CONTEXT(2) 
PARAMETRIC_REPRESENTATION_CONTEXT() REPRESENTATION_CONTEXT('2D SPACE',''
  ) );
#1720 = ORIENTED_EDGE('',*,*,#1721,.T.);
#1721 = EDGE_CURVE('',#1698,#1696,#1722,.T.);
#1722 = SURFACE_CURVE('',#1723,(#1727,#1734),.PCURVE_S1.);
#1723 = LINE('',#1724,#1725);
#1724 = CARTESIAN_POINT('',(24.5,5.00000005843E-08,2.0000001));
#1725 = VECTOR('',#1726,1.);
#1726 = DIRECTION('',(-1.110223024625E-16,0.,-1.));
#1727 = PCURVE('',#1679,#1728);
#1728 = DEFINITIONAL_REPRESENTATION('',(#1729),#1733);
#1729 = LINE('',#1730,#1731);
#1730 = CARTESIAN_POINT('',(-2.25,-2.));
#1731 = VECTOR('',#1732,1.);
#1732 = DIRECTION('',(0.,-1.));
#1733 = ( GEOMETRIC_REPRESENTATION_CONTEXT(2) 
PARAMETRIC_REPRESENTATION_CONTEXT() REPRESENTATION_CONTEXT('2D SPACE',''
  ) );
#1734 = PCURVE('',#252,#1735);
#1735 = DEFINITIONAL_REPRESENTATION('',(#1736),#1740);
#1736 = LINE('',#1737,#1738);
#1737 = CARTESIAN_POINT('',(2.,3.));
#1738 = VECTOR('',#1739,1.);
#1739 = DIRECTION('',(-1.,0.));
#1740 = ( GEOMETRIC_REPRESENTATION_CONTEXT(2) 
PARAMETRIC_REPRESENTATION_CONTEXT() REPRESENTATION_CONTEXT('2D SPACE',''
  ) );
#1741 = FACE_BOUND('',#1742,.F.);
#1742 = EDGE_LOOP('',(#1743));
#1743 = ORIENTED_EDGE('',*,*,#1664,.F.);
#1744 = ADVANCED_FACE('',(#1745),#897,.F.);
#1745 = FACE_BOUND('',#1746,.F.);
#1746 = EDGE_LOOP('',(#1747,#1748,#1769,#1770,#1771,#1772));
#1747 = ORIENTED_EDGE('',*,*,#1221,.F.);
#1748 = ORIENTED_EDGE('',*,*,#1749,.F.);
#1749 = EDGE_CURVE('',#881,#1222,#1750,.T.);
#1750 = SEAM_CURVE('',#1751,(#1755,#1762),.PCURVE_S1.);
#1751 = LINE('',#1752,#1753);
#1752 = CARTESIAN_POINT('',(5.8,-0.99999995,-0.9999999));
#1753 = VECTOR('',#1754,1.);
#1754 = DIRECTION('',(1.110223024625E-16,0.,1.));
#1755 = PCURVE('',#897,#1756);
#1756 = DEFINITIONAL_REPRESENTATION('',(#1757),#1761);
#1757 = LINE('',#1758,#1759);
#1758 = CARTESIAN_POINT('',(6.28318530718,-0.));
#1759 = VECTOR('',#1760,1.);
#1760 = DIRECTION('',(0.,1.));
#1761 = ( GEOMETRIC_REPRESENTATION_CONTEXT(2) 
PARAMETRIC_REPRESENTATION_CONTEXT() REPRESENTATION_CONTEXT('2D SPACE',''
  ) );
#1762 = PCURVE('',#897,#1763);
#1763 = DEFINITIONAL_REPRESENTATION('',(#1764),#1768);
#1764 = LINE('',#1765,#1766);
#1765 = CARTESIAN_POINT('',(0.,-0.));
#1766 = VECTOR('',#1767,1.);
#1767 = DIRECTION('',(0.,1.));
#1768 = ( GEOMETRIC_REPRESENTATION_CONTEXT(2) 
PARAMETRIC_REPRESENTATION_CONTEXT() REPRESENTATION_CONTEXT('2D SPACE',''
  ) );
#1769 = ORIENTED_EDGE('',*,*,#880,.T.);
#1770 = ORIENTED_EDGE('',*,*,#1749,.T.);
#1771 = ORIENTED_EDGE('',*,*,#1245,.F.);
#1772 = ORIENTED_EDGE('',*,*,#1773,.F.);
#1773 = EDGE_CURVE('',#1199,#1246,#1774,.T.);
#1774 = SURFACE_CURVE('',#1775,(#1814,#1856),.PCURVE_S1.);
#1775 = B_SPLINE_CURVE_WITH_KNOTS('',7,(#1776,#1777,#1778,#1779,#1780,
    #1781,#1782,#1783,#1784,#1785,#1786,#1787,#1788,#1789,#1790,#1791,
    #1792,#1793,#1794,#1795,#1796,#1797,#1798,#1799,#1800,#1801,#1802,
    #1803,#1804,#1805,#1806,#1807,#1808,#1809,#1810,#1811,#1812,#1813),
  .UNSPECIFIED.,.F.,.F.,(8,6,6,6,6,6,8),(0.,0.237381630604,
    0.383563515376,0.499993907704,0.617099055776,0.762747414782,1.),
  .UNSPECIFIED.);
#1776 = CARTESIAN_POINT('',(6.125227291513,-1.99999995,8.0000001));
#1777 = CARTESIAN_POINT('',(6.190920457563,-2.090313121819,8.0000001));
#1778 = CARTESIAN_POINT('',(6.26305394936,-2.174929314008,7.990484402878
    ));
#1779 = CARTESIAN_POINT('',(6.34082029485,-2.253124115893,7.973612574515
    ));
#1780 = CARTESIAN_POINT('',(6.4234201647,-2.324539806299,7.951233986658)
  );
#1781 = CARTESIAN_POINT('',(6.510158269725,-2.388993795089,
    7.925047967677));
#1782 = CARTESIAN_POINT('',(6.600470698337,-2.446414346232,
    7.896703687065));
#1783 = CARTESIAN_POINT('',(6.751480269375,-2.527740476787,
    7.850156150256));
#1784 = CARTESIAN_POINT('',(6.810390083633,-2.556135780678,
    7.832189455236));
#1785 = CARTESIAN_POINT('',(6.870618531625,-2.581917209533,
    7.814374998182));
#1786 = CARTESIAN_POINT('',(6.932120719747,-2.605044543749,
    7.797114237706));
#1787 = CARTESIAN_POINT('',(6.994861922969,-2.625466719112,
    7.780841854085));
#1788 = CARTESIAN_POINT('',(7.05883200494,-2.643120162415,7.76601713966)
  );
#1789 = CARTESIAN_POINT('',(7.176009552973,-2.669690907641,
    7.742804722678));
#1790 = CARTESIAN_POINT('',(7.228874560467,-2.679681484806,
    7.733697849477));
#1791 = CARTESIAN_POINT('',(7.28239858376,-2.687757813453,7.726069624977
    ));
#1792 = CARTESIAN_POINT('',(7.336394383038,-2.693857182451,
    7.720164120307));
#1793 = CARTESIAN_POINT('',(7.390725929749,-2.697945861178,
    7.716156325297));
#1794 = CARTESIAN_POINT('',(7.445290616703,-2.69999995,7.714142942854));
#1795 = CARTESIAN_POINT('',(7.555026443731,-2.69999995,7.714142942854));
#1796 = CARTESIAN_POINT('',(7.609904447312,-2.697921984224,
    7.716179728238));
#1797 = CARTESIAN_POINT('',(7.664545082096,-2.693786171053,
    7.720233728013));
#1798 = CARTESIAN_POINT('',(7.718844813805,-2.687616894498,
    7.726206045244));
#1799 = CARTESIAN_POINT('',(7.772665820135,-2.679448437623,
    7.733917912562));
#1800 = CARTESIAN_POINT('',(7.825817833314,-2.669344713189,
    7.743120201083));
#1801 = CARTESIAN_POINT('',(7.942994181288,-2.642618130898,
    7.766438901213));
#1802 = CARTESIAN_POINT('',(8.00669945577,-2.624963521304,7.78124392614)
  );
#1803 = CARTESIAN_POINT('',(8.069183811053,-2.604562059142,
    7.797476912018));
#1804 = CARTESIAN_POINT('',(8.130437240887,-2.581476472199,
    7.814683995618));
#1805 = CARTESIAN_POINT('',(8.19042580902,-2.555757013223,7.832435806571
    ));
#1806 = CARTESIAN_POINT('',(8.249105684988,-2.52744298659,7.850335729423
    ));
#1807 = CARTESIAN_POINT('',(8.3998306929,-2.446222436113,7.896798286158)
  );
#1808 = CARTESIAN_POINT('',(8.490082999395,-2.38881454902,7.925120762558
    ));
#1809 = CARTESIAN_POINT('',(8.576764685595,-2.32438027205,7.951284135231
    ));
#1810 = CARTESIAN_POINT('',(8.659311437729,-2.252991995696,
    7.973641306924));
#1811 = CARTESIAN_POINT('',(8.737028424296,-2.174832873914,
    7.990495390892));
#1812 = CARTESIAN_POINT('',(8.809117484421,-2.090260960215,8.0000001));
#1813 = CARTESIAN_POINT('',(8.874772708487,-1.99999995,8.0000001));
#1814 = PCURVE('',#897,#1815);
#1815 = DEFINITIONAL_REPRESENTATION('',(#1816),#1855);
#1816 = B_SPLINE_CURVE_WITH_KNOTS('',7,(#1817,#1818,#1819,#1820,#1821,
    #1822,#1823,#1824,#1825,#1826,#1827,#1828,#1829,#1830,#1831,#1832,
    #1833,#1834,#1835,#1836,#1837,#1838,#1839,#1840,#1841,#1842,#1843,
    #1844,#1845,#1846,#1847,#1848,#1849,#1850,#1851,#1852,#1853,#1854),
  .UNSPECIFIED.,.F.,.F.,(8,6,6,6,6,6,8),(0.,0.237381630604,
    0.383563515376,0.499993907704,0.617099055776,0.762747414782,1.),
  .UNSPECIFIED.);
#1817 = CARTESIAN_POINT('',(0.628874925495,9.));
#1818 = CARTESIAN_POINT('',(0.694568091545,9.));
#1819 = CARTESIAN_POINT('',(0.759779650753,8.990484302878));
#1820 = CARTESIAN_POINT('',(0.82434897122,8.973612474515));
#1821 = CARTESIAN_POINT('',(0.888260555684,8.951233886659));
#1822 = CARTESIAN_POINT('',(0.951557357347,8.925047867677));
#1823 = CARTESIAN_POINT('',(1.014346284578,8.896703587065));
#1824 = CARTESIAN_POINT('',(1.115238206704,8.850156050256));
#1825 = CARTESIAN_POINT('',(1.153667893634,8.832189355236));
#1826 = CARTESIAN_POINT('',(1.192144121859,8.814374898182));
#1827 = CARTESIAN_POINT('',(1.230725352266,8.797114137706));
#1828 = CARTESIAN_POINT('',(1.269474090227,8.780841754085));
#1829 = CARTESIAN_POINT('',(1.308468372634,8.76601703966));
#1830 = CARTESIAN_POINT('',(1.379146213469,8.742804622678));
#1831 = CARTESIAN_POINT('',(1.410772945845,8.733697749477));
#1832 = CARTESIAN_POINT('',(1.442579102332,8.726069524977));
#1833 = CARTESIAN_POINT('',(1.47450321774,8.720164020307));
#1834 = CARTESIAN_POINT('',(1.506517490309,8.716156225297));
#1835 = CARTESIAN_POINT('',(1.53861433662,8.714142842854));
#1836 = CARTESIAN_POINT('',(1.603164823107,8.714142842854));
#1837 = CARTESIAN_POINT('',(1.635445972366,8.716179628238));
#1838 = CARTESIAN_POINT('',(1.667643016756,8.720233628013));
#1839 = CARTESIAN_POINT('',(1.699748718257,8.726205945244));
#1840 = CARTESIAN_POINT('',(1.731735113511,8.733917812562));
#1841 = CARTESIAN_POINT('',(1.763539768877,8.743120101083));
#1842 = CARTESIAN_POINT('',(1.834237249843,8.766438801213));
#1843 = CARTESIAN_POINT('',(1.873082071005,8.78124382614));
#1844 = CARTESIAN_POINT('',(1.911684109405,8.797476812018));
#1845 = CARTESIAN_POINT('',(1.950120522942,8.814683895618));
#1846 = CARTESIAN_POINT('',(1.988453378545,8.832435706571));
#1847 = CARTESIAN_POINT('',(2.026740889766,8.850335629423));
#1848 = CARTESIAN_POINT('',(2.127455990069,8.896798186158));
#1849 = CARTESIAN_POINT('',(2.19021136296,8.925120662558));
#1850 = CARTESIAN_POINT('',(2.253475022326,8.951284035231));
#1851 = CARTESIAN_POINT('',(2.317352918073,8.973641206924));
#1852 = CARTESIAN_POINT('',(2.38188738184,8.990495290892));
#1853 = CARTESIAN_POINT('',(2.447062504029,9.));
#1854 = CARTESIAN_POINT('',(2.512717728095,9.));
#1855 = ( GEOMETRIC_REPRESENTATION_CONTEXT(2) 
PARAMETRIC_REPRESENTATION_CONTEXT() REPRESENTATION_CONTEXT('2D SPACE',''
  ) );
#1856 = PCURVE('',#720,#1857);
#1857 = DEFINITIONAL_REPRESENTATION('',(#1858),#1897);
#1858 = B_SPLINE_CURVE_WITH_KNOTS('',7,(#1859,#1860,#1861,#1862,#1863,
    #1864,#1865,#1866,#1867,#1868,#1869,#1870,#1871,#1872,#1873,#1874,
    #1875,#1876,#1877,#1878,#1879,#1880,#1881,#1882,#1883,#1884,#1885,
    #1886,#1887,#1888,#1889,#1890,#1891,#1892,#1893,#1894,#1895,#1896),
  .UNSPECIFIED.,.F.,.F.,(8,6,6,6,6,6,8),(0.,0.237381630604,
    0.383563515376,0.499993907704,0.617099055776,0.762747414782,1.),
  .UNSPECIFIED.);
#1859 = CARTESIAN_POINT('',(0.,18.374772708487));
#1860 = CARTESIAN_POINT('',(-9.031317181915E-02,18.309079542437));
#1861 = CARTESIAN_POINT('',(-0.174929489717,18.23694605064));
#1862 = CARTESIAN_POINT('',(-0.254326691949,18.15917970515));
#1863 = CARTESIAN_POINT('',(-0.328671597836,18.0765798353));
#1864 = CARTESIAN_POINT('',(-0.397937919856,17.989841730275));
#1865 = CARTESIAN_POINT('',(-0.461852772494,17.899529301663));
#1866 = CARTESIAN_POINT('',(-0.555557696026,17.748519730625));
#1867 = CARTESIAN_POINT('',(-0.589126849762,17.689609916367));
#1868 = CARTESIAN_POINT('',(-0.620425739278,17.629381468375));
#1869 = CARTESIAN_POINT('',(-0.649255624835,17.567879280253));
#1870 = CARTESIAN_POINT('',(-0.675353375485,17.505138077031));
#1871 = CARTESIAN_POINT('',(-0.698401526864,17.44116799506));
#1872 = CARTESIAN_POINT('',(-0.733683545005,17.323990447027));
#1873 = CARTESIAN_POINT('',(-0.747198846838,17.271125439533));
#1874 = CARTESIAN_POINT('',(-0.758306293938,17.21760141624));
#1875 = CARTESIAN_POINT('',(-0.766795715686,17.163605616962));
#1876 = CARTESIAN_POINT('',(-0.772521276438,17.109274070251));
#1877 = CARTESIAN_POINT('',(-0.775397496611,17.054709383297));
#1878 = CARTESIAN_POINT('',(-0.775397496611,16.944973556269));
#1879 = CARTESIAN_POINT('',(-0.772487845345,16.890095552688));
#1880 = CARTESIAN_POINT('',(-0.766696272002,16.835454917904));
#1881 = CARTESIAN_POINT('',(-0.758110168189,16.781155186195));
#1882 = CARTESIAN_POINT('',(-0.746878376281,16.727334179865));
#1883 = CARTESIAN_POINT('',(-0.73321527388,16.674182166686));
#1884 = CARTESIAN_POINT('',(-0.697745963531,16.557005818712));
#1885 = CARTESIAN_POINT('',(-0.674709598467,16.49330054423));
#1886 = CARTESIAN_POINT('',(-0.648652568536,16.430816188947));
#1887 = CARTESIAN_POINT('',(-0.619888057093,16.369562759113));
#1888 = CARTESIAN_POINT('',(-0.58867540824,16.30957419098));
#1889 = CARTESIAN_POINT('',(-0.555210301172,16.250894315012));
#1890 = CARTESIAN_POINT('',(-0.461639221248,16.1001693071));
#1891 = CARTESIAN_POINT('',(-0.397745296129,16.009917000605));
#1892 = CARTESIAN_POINT('',(-0.328505449587,15.923235314404));
#1893 = CARTESIAN_POINT('',(-0.254192493177,15.840688562271));
#1894 = CARTESIAN_POINT('',(-0.174833048359,15.762971575704));
#1895 = CARTESIAN_POINT('',(-9.026101021514E-02,15.690882515579));
#1896 = CARTESIAN_POINT('',(0.,15.625227291513));
#1897 = ( GEOMETRIC_REPRESENTATION_CONTEXT(2) 
PARAMETRIC_REPRESENTATION_CONTEXT() REPRESENTATION_CONTEXT('2D SPACE',''
  ) );
#1898 = ADVANCED_FACE('',(#1899),#720,.T.);
#1899 = FACE_BOUND('',#1900,.F.);
#1900 = EDGE_LOOP('',(#1901,#1902,#1930,#1958,#2036,#2037,#2117,#2145,
    #2171,#2172,#2173,#2174));
#1901 = ORIENTED_EDGE('',*,*,#1269,.F.);
#1902 = ORIENTED_EDGE('',*,*,#1903,.T.);
#1903 = EDGE_CURVE('',#1270,#1904,#1906,.T.);
#1904 = VERTEX_POINT('',#1905);
#1905 = CARTESIAN_POINT('',(24.5,-2.99999995,7.0000001));
#1906 = SURFACE_CURVE('',#1907,(#1912,#1919),.PCURVE_S1.);
#1907 = CIRCLE('',#1908,1.);
#1908 = AXIS2_PLACEMENT_3D('',#1909,#1910,#1911);
#1909 = CARTESIAN_POINT('',(24.5,-1.99999995,7.0000001));
#1910 = DIRECTION('',(1.,0.,-1.110223024625E-16));
#1911 = DIRECTION('',(0.,-1.,0.));
#1912 = PCURVE('',#720,#1913);
#1913 = DEFINITIONAL_REPRESENTATION('',(#1914),#1918);
#1914 = LINE('',#1915,#1916);
#1915 = CARTESIAN_POINT('',(4.712388980385,-0.));
#1916 = VECTOR('',#1917,1.);
#1917 = DIRECTION('',(-1.,0.));
#1918 = ( GEOMETRIC_REPRESENTATION_CONTEXT(2) 
PARAMETRIC_REPRESENTATION_CONTEXT() REPRESENTATION_CONTEXT('2D SPACE',''
  ) );
#1919 = PCURVE('',#252,#1920);
#1920 = DEFINITIONAL_REPRESENTATION('',(#1921),#1929);
#1921 = ( BOUNDED_CURVE() B_SPLINE_CURVE(2,(#1922,#1923,#1924,#1925,
#1926,#1927,#1928),.UNSPECIFIED.,.T.,.F.) B_SPLINE_CURVE_WITH_KNOTS((1,2
    ,2,2,2,1),(-2.094395102393,0.,2.094395102393,4.188790204786,
6.28318530718,8.377580409573),.UNSPECIFIED.) CURVE() 
GEOMETRIC_REPRESENTATION_ITEM() RATIONAL_B_SPLINE_CURVE((1.,0.5,1.,0.5,
1.,0.5,1.)) REPRESENTATION_ITEM('') );
#1922 = CARTESIAN_POINT('',(7.,0.));
#1923 = CARTESIAN_POINT('',(5.267949192431,0.));
#1924 = CARTESIAN_POINT('',(6.133974596216,1.5));
#1925 = CARTESIAN_POINT('',(7.,3.));
#1926 = CARTESIAN_POINT('',(7.866025403784,1.5));
#1927 = CARTESIAN_POINT('',(8.732050807569,1.554312234475E-15));
#1928 = CARTESIAN_POINT('',(7.,0.));
#1929 = ( GEOMETRIC_REPRESENTATION_CONTEXT(2) 
PARAMETRIC_REPRESENTATION_CONTEXT() REPRESENTATION_CONTEXT('2D SPACE',''
  ) );
#1930 = ORIENTED_EDGE('',*,*,#1931,.T.);
#1931 = EDGE_CURVE('',#1904,#1932,#1934,.T.);
#1932 = VERTEX_POINT('',#1933);
#1933 = CARTESIAN_POINT('',(23.624772708487,-2.99999995,7.0000001));
#1934 = SURFACE_CURVE('',#1935,(#1939,#1946),.PCURVE_S1.);
#1935 = LINE('',#1936,#1937);
#1936 = CARTESIAN_POINT('',(24.5,-2.99999995,7.0000001));
#1937 = VECTOR('',#1938,1.);
#1938 = DIRECTION('',(-1.,0.,1.110223024625E-16));
#1939 = PCURVE('',#720,#1940);
#1940 = DEFINITIONAL_REPRESENTATION('',(#1941),#1945);
#1941 = LINE('',#1942,#1943);
#1942 = CARTESIAN_POINT('',(-1.570796326795,0.));
#1943 = VECTOR('',#1944,1.);
#1944 = DIRECTION('',(-0.,1.));
#1945 = ( GEOMETRIC_REPRESENTATION_CONTEXT(2) 
PARAMETRIC_REPRESENTATION_CONTEXT() REPRESENTATION_CONTEXT('2D SPACE',''
  ) );
#1946 = PCURVE('',#1947,#1952);
#1947 = PLANE('',#1948);
#1948 = AXIS2_PLACEMENT_3D('',#1949,#1950,#1951);
#1949 = CARTESIAN_POINT('',(24.5,-2.99999995,9.999999406318E-08));
#1950 = DIRECTION('',(0.,1.,0.));
#1951 = DIRECTION('',(-1.,0.,1.110223024625E-16));
#1952 = DEFINITIONAL_REPRESENTATION('',(#1953),#1957);
#1953 = LINE('',#1954,#1955);
#1954 = CARTESIAN_POINT('',(7.771561172376E-16,7.));
#1955 = VECTOR('',#1956,1.);
#1956 = DIRECTION('',(1.,0.));
#1957 = ( GEOMETRIC_REPRESENTATION_CONTEXT(2) 
PARAMETRIC_REPRESENTATION_CONTEXT() REPRESENTATION_CONTEXT('2D SPACE',''
  ) );
#1958 = ORIENTED_EDGE('',*,*,#1959,.F.);
#1959 = EDGE_CURVE('',#620,#1932,#1960,.T.);
#1960 = SURFACE_CURVE('',#1961,(#1984,#2010),.PCURVE_S1.);
#1961 = B_SPLINE_CURVE_WITH_KNOTS('',6,(#1962,#1963,#1964,#1965,#1966,
    #1967,#1968,#1969,#1970,#1971,#1972,#1973,#1974,#1975,#1976,#1977,
    #1978,#1979,#1980,#1981,#1982,#1983),.UNSPECIFIED.,.F.,.F.,(7,5,5,5,
    7),(0.,0.195635697067,0.500007575467,0.804074785777,1.),
  .UNSPECIFIED.);
#1962 = CARTESIAN_POINT('',(20.875227291513,-2.99999995,7.0000001));
#1963 = CARTESIAN_POINT('',(20.959327096625,-2.99999995,7.038539472286)
  );
#1964 = CARTESIAN_POINT('',(21.044721359252,-2.998217887043,
    7.074248730087));
#1965 = CARTESIAN_POINT('',(21.131246208926,-2.995143204451,
    7.107053509107));
#1966 = CARTESIAN_POINT('',(21.218765207524,-2.991208713033,
    7.136910902667));
#1967 = CARTESIAN_POINT('',(21.307169921725,-2.986794073428,
    7.163795395774));
#1968 = CARTESIAN_POINT('',(21.535175154681,-2.97512732703,
    7.224852160277));
#1969 = CARTESIAN_POINT('',(21.676143266298,-2.967650072046,
    7.25482952401));
#1970 = CARTESIAN_POINT('',(21.818564430048,-2.961054665904,
    7.277376066624));
#1971 = CARTESIAN_POINT('',(21.96192244638,-2.956315582892,
    7.292443014315));
#1972 = CARTESIAN_POINT('',(22.105839510233,-2.953939151417,7.3000001));
#1973 = CARTESIAN_POINT('',(22.394016188982,-2.953939151417,7.3000001));
#1974 = CARTESIAN_POINT('',(22.537803739329,-2.956310841981,
    7.292458128638));
#1975 = CARTESIAN_POINT('',(22.68103973614,-2.961041293031,7.2774184962)
  );
#1976 = CARTESIAN_POINT('',(22.82334043656,-2.967626319282,
    7.254911400489));
#1977 = CARTESIAN_POINT('',(22.964184174322,-2.975093323506,
    7.224987494608));
#1978 = CARTESIAN_POINT('',(23.192189978494,-2.986762101564,
    7.163989983922));
#1979 = CARTESIAN_POINT('',(23.280727837682,-2.991185910258,
    7.137083811437));
#1980 = CARTESIAN_POINT('',(23.368377909266,-2.995129838838,
    7.107196000343));
#1981 = CARTESIAN_POINT('',(23.455031342871,-2.998212724378,
    7.074352135464));
#1982 = CARTESIAN_POINT('',(23.540551135547,-2.99999995,7.038595273314)
  );
#1983 = CARTESIAN_POINT('',(23.624772708487,-2.99999995,7.0000001));
#1984 = PCURVE('',#720,#1985);
#1985 = DEFINITIONAL_REPRESENTATION('',(#1986),#2009);
#1986 = B_SPLINE_CURVE_WITH_KNOTS('',6,(#1987,#1988,#1989,#1990,#1991,
    #1992,#1993,#1994,#1995,#1996,#1997,#1998,#1999,#2000,#2001,#2002,
    #2003,#2004,#2005,#2006,#2007,#2008),.UNSPECIFIED.,.F.,.F.,(7,5,5,5,
    7),(0.,0.195635697067,0.500007575467,0.804074785777,1.),
  .UNSPECIFIED.);
#1987 = CARTESIAN_POINT('',(-1.570796326795,3.624772708487));
#1988 = CARTESIAN_POINT('',(-1.532256954509,3.540672903375));
#1989 = CARTESIAN_POINT('',(-1.496547478947,3.455278640748));
#1990 = CARTESIAN_POINT('',(-1.46364032548,3.368753791074));
#1991 = CARTESIAN_POINT('',(-1.433548595381,3.281234792476));
#1992 = CARTESIAN_POINT('',(-1.406313518039,3.192830078275));
#1993 = CARTESIAN_POINT('',(-1.344152103456,2.964824845319));
#1994 = CARTESIAN_POINT('',(-1.313304406953,2.823856733702));
#1995 = CARTESIAN_POINT('',(-1.289821476189,2.681435569952));
#1996 = CARTESIAN_POINT('',(-1.274025273508,2.53807755362));
#1997 = CARTESIAN_POINT('',(-1.266103672779,2.394160489767));
#1998 = CARTESIAN_POINT('',(-1.266103672779,2.105983811018));
#1999 = CARTESIAN_POINT('',(-1.27400945457,1.962196260671));
#2000 = CARTESIAN_POINT('',(-1.289776941722,1.81896026386));
#2001 = CARTESIAN_POINT('',(-1.313219208455,1.67665956344));
#2002 = CARTESIAN_POINT('',(-1.344012791322,1.535815825678));
#2003 = CARTESIAN_POINT('',(-1.406116387766,1.307810021506));
#2004 = CARTESIAN_POINT('',(-1.43337432892,1.219272162318));
#2005 = CARTESIAN_POINT('',(-1.46349738952,1.131622090734));
#2006 = CARTESIAN_POINT('',(-1.496444071939,1.044968657128));
#2007 = CARTESIAN_POINT('',(-1.53220115348,0.959448864453));
#2008 = CARTESIAN_POINT('',(-1.570796326795,0.875227291513));
#2009 = ( GEOMETRIC_REPRESENTATION_CONTEXT(2) 
PARAMETRIC_REPRESENTATION_CONTEXT() REPRESENTATION_CONTEXT('2D SPACE',''
  ) );
#2010 = PCURVE('',#642,#2011);
#2011 = DEFINITIONAL_REPRESENTATION('',(#2012),#2035);
#2012 = B_SPLINE_CURVE_WITH_KNOTS('',6,(#2013,#2014,#2015,#2016,#2017,
    #2018,#2019,#2020,#2021,#2022,#2023,#2024,#2025,#2026,#2027,#2028,
    #2029,#2030,#2031,#2032,#2033,#2034),.UNSPECIFIED.,.F.,.F.,(7,5,5,5,
    7),(0.,0.195635697067,0.500007575467,0.804074785777,1.),
  .UNSPECIFIED.);
#2013 = CARTESIAN_POINT('',(7.424281967823,1.));
#2014 = CARTESIAN_POINT('',(7.452315236194,1.));
#2015 = CARTESIAN_POINT('',(7.48034779575,1.001782062957));
#2016 = CARTESIAN_POINT('',(7.508364915599,1.004856745549));
#2017 = CARTESIAN_POINT('',(7.536362943904,1.008791236967));
#2018 = CARTESIAN_POINT('',(7.564347868565,1.013205876572));
#2019 = CARTESIAN_POINT('',(7.635874777425,1.02487262297));
#2020 = CARTESIAN_POINT('',(7.679488260977,1.032349877954));
#2021 = CARTESIAN_POINT('',(7.723093375611,1.038945284096));
#2022 = CARTESIAN_POINT('',(7.766685445098,1.043684367108));
#2023 = CARTESIAN_POINT('',(7.810296637075,1.046060798583));
#2024 = CARTESIAN_POINT('',(7.897622903363,1.046060798583));
#2025 = CARTESIAN_POINT('',(7.941194851009,1.043689108019));
#2026 = CARTESIAN_POINT('',(7.984749488569,1.038958656969));
#2027 = CARTESIAN_POINT('',(8.028316910065,1.032373630718));
#2028 = CARTESIAN_POINT('',(8.071890345879,1.024906626494));
#2029 = CARTESIAN_POINT('',(8.14341277941,1.013237848436));
#2030 = CARTESIAN_POINT('',(8.171438149095,1.008814039742));
#2031 = CARTESIAN_POINT('',(8.199476642356,1.004870111162));
#2032 = CARTESIAN_POINT('',(8.227534292222,1.001787225622));
#2033 = CARTESIAN_POINT('',(8.255607442479,1.));
#2034 = CARTESIAN_POINT('',(8.283681300126,1.));
#2035 = ( GEOMETRIC_REPRESENTATION_CONTEXT(2) 
PARAMETRIC_REPRESENTATION_CONTEXT() REPRESENTATION_CONTEXT('2D SPACE',''
  ) );
#2036 = ORIENTED_EDGE('',*,*,#706,.T.);
#2037 = ORIENTED_EDGE('',*,*,#2038,.F.);
#2038 = EDGE_CURVE('',#2039,#678,#2041,.T.);
#2039 = VERTEX_POINT('',#2040);
#2040 = CARTESIAN_POINT('',(-18.87477270848,-2.99999995,7.0000001));
#2041 = SURFACE_CURVE('',#2042,(#2065,#2091),.PCURVE_S1.);
#2042 = B_SPLINE_CURVE_WITH_KNOTS('',6,(#2043,#2044,#2045,#2046,#2047,
    #2048,#2049,#2050,#2051,#2052,#2053,#2054,#2055,#2056,#2057,#2058,
    #2059,#2060,#2061,#2062,#2063,#2064),.UNSPECIFIED.,.F.,.F.,(7,5,5,5,
    7),(0.,0.195497768814,0.500000547349,0.804244451852,1.),
  .UNSPECIFIED.);
#2043 = CARTESIAN_POINT('',(-18.87477270848,-2.99999995,7.0000001));
#2044 = CARTESIAN_POINT('',(-18.79073644258,-2.99999995,7.038510354963)
  );
#2045 = CARTESIAN_POINT('',(-18.70540768182,-2.998220577987,
    7.074194767078));
#2046 = CARTESIAN_POINT('',(-18.61894992633,-2.995150172346,
    7.106979140415));
#2047 = CARTESIAN_POINT('',(-18.53149932031,-2.991220603334,
    7.136820646379));
#2048 = CARTESIAN_POINT('',(-18.44316408036,-2.986810749007,
    7.163693806229));
#2049 = CARTESIAN_POINT('',(-18.21518128883,-2.975146209638,
    7.224775560941));
#2050 = CARTESIAN_POINT('',(-18.07414612255,-2.967663611747,
    7.254783878451));
#2051 = CARTESIAN_POINT('',(-17.93164819345,-2.961061417288,
    7.277354526626));
#2052 = CARTESIAN_POINT('',(-17.78821134909,-2.956317580483,
    7.29243669591));
#2053 = CARTESIAN_POINT('',(-17.64422068139,-2.953939151417,7.3000001));
#2054 = CARTESIAN_POINT('',(-17.35590192828,-2.953939151417,7.3000001));
#2055 = CARTESIAN_POINT('',(-17.21203305864,-2.956313539039,
    7.292449550228));
#2056 = CARTESIAN_POINT('',(-17.06871665436,-2.961049347,7.277392894867)
  );
#2057 = CARTESIAN_POINT('',(-16.92633699336,-2.967641244398,
    7.254860366725));
#2058 = CARTESIAN_POINT('',(-16.78541660917,-2.975114493009,
    7.224902680038));
#2059 = CARTESIAN_POINT('',(-16.55742000253,-2.986781584498,
    7.163871435722));
#2060 = CARTESIAN_POINT('',(-16.46896327075,-2.9911998066,7.136978466484
    ));
#2061 = CARTESIAN_POINT('',(-16.3813930655,-2.995137984389,
    7.107109185181));
#2062 = CARTESIAN_POINT('',(-16.29481798014,-2.998215870803,
    7.074289132901));
#2063 = CARTESIAN_POINT('',(-16.20937467189,-2.99999995,7.038561274012)
  );
#2064 = CARTESIAN_POINT('',(-16.12522729151,-2.99999995,7.0000001));
#2065 = PCURVE('',#720,#2066);
#2066 = DEFINITIONAL_REPRESENTATION('',(#2067),#2090);
#2067 = B_SPLINE_CURVE_WITH_KNOTS('',6,(#2068,#2069,#2070,#2071,#2072,
    #2073,#2074,#2075,#2076,#2077,#2078,#2079,#2080,#2081,#2082,#2083,
    #2084,#2085,#2086,#2087,#2088,#2089),.UNSPECIFIED.,.F.,.F.,(7,5,5,5,
    7),(0.,0.195497768814,0.500000547349,0.804244451852,1.),
  .UNSPECIFIED.);
#2068 = CARTESIAN_POINT('',(-1.570796326795,43.374772708487));
#2069 = CARTESIAN_POINT('',(-1.532286071832,43.290736442582));
#2070 = CARTESIAN_POINT('',(-1.496601442817,43.20540768182));
#2071 = CARTESIAN_POINT('',(-1.463714925728,43.118949926334));
#2072 = CARTESIAN_POINT('',(-1.433639558804,43.031499320316));
#2073 = CARTESIAN_POINT('',(-1.40641643217,42.94316408036));
#2074 = CARTESIAN_POINT('',(-1.344230885317,42.715181288834));
#2075 = CARTESIAN_POINT('',(-1.313352019496,42.574146122554));
#2076 = CARTESIAN_POINT('',(-1.289844013244,42.431648193452));
#2077 = CARTESIAN_POINT('',(-1.274031918728,42.288211349099));
#2078 = CARTESIAN_POINT('',(-1.266103672779,42.144220681399));
#2079 = CARTESIAN_POINT('',(-1.266103672779,41.855901928284));
#2080 = CARTESIAN_POINT('',(-1.274018445769,41.712033058647));
#2081 = CARTESIAN_POINT('',(-1.289803784548,41.568716654369));
#2082 = CARTESIAN_POINT('',(-1.313272359102,41.42633699336));
#2083 = CARTESIAN_POINT('',(-1.344100072587,41.285416609175));
#2084 = CARTESIAN_POINT('',(-1.406236485474,41.057420002538));
#2085 = CARTESIAN_POINT('',(-1.433480501499,40.968963270758));
#2086 = CARTESIAN_POINT('',(-1.463584475798,40.881393065508));
#2087 = CARTESIAN_POINT('',(-1.496507075502,40.794817980147));
#2088 = CARTESIAN_POINT('',(-1.532235152783,40.709374671892));
#2089 = CARTESIAN_POINT('',(-1.570796326795,40.625227291513));
#2090 = ( GEOMETRIC_REPRESENTATION_CONTEXT(2) 
PARAMETRIC_REPRESENTATION_CONTEXT() REPRESENTATION_CONTEXT('2D SPACE',''
  ) );
#2091 = PCURVE('',#694,#2092);
#2092 = DEFINITIONAL_REPRESENTATION('',(#2093),#2116);
#2093 = B_SPLINE_CURVE_WITH_KNOTS('',6,(#2094,#2095,#2096,#2097,#2098,
    #2099,#2100,#2101,#2102,#2103,#2104,#2105,#2106,#2107,#2108,#2109,
    #2110,#2111,#2112,#2113,#2114,#2115),.UNSPECIFIED.,.F.,.F.,(7,5,5,5,
    7),(0.,0.195497768814,0.500000547349,0.804244451852,1.),
  .UNSPECIFIED.);
#2094 = CARTESIAN_POINT('',(1.141096660643,1.));
#2095 = CARTESIAN_POINT('',(1.169108749279,1.));
#2096 = CARTESIAN_POINT('',(1.197120127805,1.001779372013));
#2097 = CARTESIAN_POINT('',(1.225116098189,1.004849777654));
#2098 = CARTESIAN_POINT('',(1.253093010836,1.008779346666));
#2099 = CARTESIAN_POINT('',(1.281056830016,1.013189200993));
#2100 = CARTESIAN_POINT('',(1.352579129345,1.024853740362));
#2101 = CARTESIAN_POINT('',(1.396214374099,1.032336338253));
#2102 = CARTESIAN_POINT('',(1.439843451878,1.038938532712));
#2103 = CARTESIAN_POINT('',(1.483459591938,1.043682369517));
#2104 = CARTESIAN_POINT('',(1.527093090007,1.046060798583));
#2105 = CARTESIAN_POINT('',(1.614462409133,1.046060798583));
#2106 = CARTESIAN_POINT('',(1.658058998869,1.043686410961));
#2107 = CARTESIAN_POINT('',(1.701638258229,1.038950603));
#2108 = CARTESIAN_POINT('',(1.745230363207,1.032358705602));
#2109 = CARTESIAN_POINT('',(1.788828545365,1.024885456991));
#2110 = CARTESIAN_POINT('',(1.860350929065,1.013218365502));
#2111 = CARTESIAN_POINT('',(1.888351655397,1.0088001434));
#2112 = CARTESIAN_POINT('',(1.916365492654,1.004861965611));
#2113 = CARTESIAN_POINT('',(1.944398447263,1.001784079197));
#2114 = CARTESIAN_POINT('',(1.972446866153,1.));
#2115 = CARTESIAN_POINT('',(2.000495992946,1.));
#2116 = ( GEOMETRIC_REPRESENTATION_CONTEXT(2) 
PARAMETRIC_REPRESENTATION_CONTEXT() REPRESENTATION_CONTEXT('2D SPACE',''
  ) );
#2117 = ORIENTED_EDGE('',*,*,#2118,.T.);
#2118 = EDGE_CURVE('',#2039,#2119,#2121,.T.);
#2119 = VERTEX_POINT('',#2120);
#2120 = CARTESIAN_POINT('',(-24.5,-2.99999995,7.0000001));
#2121 = SURFACE_CURVE('',#2122,(#2126,#2133),.PCURVE_S1.);
#2122 = LINE('',#2123,#2124);
#2123 = CARTESIAN_POINT('',(24.5,-2.99999995,7.0000001));
#2124 = VECTOR('',#2125,1.);
#2125 = DIRECTION('',(-1.,0.,1.110223024625E-16));
#2126 = PCURVE('',#720,#2127);
#2127 = DEFINITIONAL_REPRESENTATION('',(#2128),#2132);
#2128 = LINE('',#2129,#2130);
#2129 = CARTESIAN_POINT('',(-1.570796326795,0.));
#2130 = VECTOR('',#2131,1.);
#2131 = DIRECTION('',(-0.,1.));
#2132 = ( GEOMETRIC_REPRESENTATION_CONTEXT(2) 
PARAMETRIC_REPRESENTATION_CONTEXT() REPRESENTATION_CONTEXT('2D SPACE',''
  ) );
#2133 = PCURVE('',#2134,#2139);
#2134 = PLANE('',#2135);
#2135 = AXIS2_PLACEMENT_3D('',#2136,#2137,#2138);
#2136 = CARTESIAN_POINT('',(24.5,-2.99999995,9.999999406318E-08));
#2137 = DIRECTION('',(0.,1.,0.));
#2138 = DIRECTION('',(-1.,0.,1.110223024625E-16));
#2139 = DEFINITIONAL_REPRESENTATION('',(#2140),#2144);
#2140 = LINE('',#2141,#2142);
#2141 = CARTESIAN_POINT('',(7.771561172376E-16,7.));
#2142 = VECTOR('',#2143,1.);
#2143 = DIRECTION('',(1.,0.));
#2144 = ( GEOMETRIC_REPRESENTATION_CONTEXT(2) 
PARAMETRIC_REPRESENTATION_CONTEXT() REPRESENTATION_CONTEXT('2D SPACE',''
  ) );
#2145 = ORIENTED_EDGE('',*,*,#2146,.F.);
#2146 = EDGE_CURVE('',#1151,#2119,#2147,.T.);
#2147 = SURFACE_CURVE('',#2148,(#2153,#2160),.PCURVE_S1.);
#2148 = CIRCLE('',#2149,1.);
#2149 = AXIS2_PLACEMENT_3D('',#2150,#2151,#2152);
#2150 = CARTESIAN_POINT('',(-24.5,-1.99999995,7.0000001));
#2151 = DIRECTION('',(1.,0.,-1.110223024625E-16));
#2152 = DIRECTION('',(0.,-1.,0.));
#2153 = PCURVE('',#720,#2154);
#2154 = DEFINITIONAL_REPRESENTATION('',(#2155),#2159);
#2155 = LINE('',#2156,#2157);
#2156 = CARTESIAN_POINT('',(4.712388980385,49.));
#2157 = VECTOR('',#2158,1.);
#2158 = DIRECTION('',(-1.,0.));
#2159 = ( GEOMETRIC_REPRESENTATION_CONTEXT(2) 
PARAMETRIC_REPRESENTATION_CONTEXT() REPRESENTATION_CONTEXT('2D SPACE',''
  ) );
#2160 = PCURVE('',#44,#2161);
#2161 = DEFINITIONAL_REPRESENTATION('',(#2162),#2170);
#2162 = ( BOUNDED_CURVE() B_SPLINE_CURVE(2,(#2163,#2164,#2165,#2166,
#2167,#2168,#2169),.UNSPECIFIED.,.T.,.F.) B_SPLINE_CURVE_WITH_KNOTS((1,2
    ,2,2,2,1),(-2.094395102393,0.,2.094395102393,4.188790204786,
6.28318530718,8.377580409573),.UNSPECIFIED.) CURVE() 
GEOMETRIC_REPRESENTATION_ITEM() RATIONAL_B_SPLINE_CURVE((1.,0.5,1.,0.5,
1.,0.5,1.)) REPRESENTATION_ITEM('') );
#2163 = CARTESIAN_POINT('',(7.,0.));
#2164 = CARTESIAN_POINT('',(5.267949192431,0.));
#2165 = CARTESIAN_POINT('',(6.133974596216,1.5));
#2166 = CARTESIAN_POINT('',(7.,3.));
#2167 = CARTESIAN_POINT('',(7.866025403784,1.5));
#2168 = CARTESIAN_POINT('',(8.732050807569,1.554312234475E-15));
#2169 = CARTESIAN_POINT('',(7.,0.));
#2170 = ( GEOMETRIC_REPRESENTATION_CONTEXT(2) 
PARAMETRIC_REPRESENTATION_CONTEXT() REPRESENTATION_CONTEXT('2D SPACE',''
  ) );
#2171 = ORIENTED_EDGE('',*,*,#1175,.F.);
#2172 = ORIENTED_EDGE('',*,*,#1021,.T.);
#2173 = ORIENTED_EDGE('',*,*,#1198,.F.);
#2174 = ORIENTED_EDGE('',*,*,#1773,.T.);
#2175 = ADVANCED_FACE('',(#2176),#1947,.F.);
#2176 = FACE_BOUND('',#2177,.F.);
#2177 = EDGE_LOOP('',(#2178,#2201,#2223));
#2178 = ORIENTED_EDGE('',*,*,#2179,.F.);
#2179 = EDGE_CURVE('',#2180,#1904,#2182,.T.);
#2180 = VERTEX_POINT('',#2181);
#2181 = CARTESIAN_POINT('',(24.5,-2.99999995,6.414021640915));
#2182 = SURFACE_CURVE('',#2183,(#2187,#2194),.PCURVE_S1.);
#2183 = LINE('',#2184,#2185);
#2184 = CARTESIAN_POINT('',(24.5,-2.99999995,9.999999406318E-08));
#2185 = VECTOR('',#2186,1.);
#2186 = DIRECTION('',(1.110223024625E-16,0.,1.));
#2187 = PCURVE('',#1947,#2188);
#2188 = DEFINITIONAL_REPRESENTATION('',(#2189),#2193);
#2189 = LINE('',#2190,#2191);
#2190 = CARTESIAN_POINT('',(0.,0.));
#2191 = VECTOR('',#2192,1.);
#2192 = DIRECTION('',(0.,1.));
#2193 = ( GEOMETRIC_REPRESENTATION_CONTEXT(2) 
PARAMETRIC_REPRESENTATION_CONTEXT() REPRESENTATION_CONTEXT('2D SPACE',''
  ) );
#2194 = PCURVE('',#252,#2195);
#2195 = DEFINITIONAL_REPRESENTATION('',(#2196),#2200);
#2196 = LINE('',#2197,#2198);
#2197 = CARTESIAN_POINT('',(0.,0.));
#2198 = VECTOR('',#2199,1.);
#2199 = DIRECTION('',(1.,0.));
#2200 = ( GEOMETRIC_REPRESENTATION_CONTEXT(2) 
PARAMETRIC_REPRESENTATION_CONTEXT() REPRESENTATION_CONTEXT('2D SPACE',''
  ) );
#2201 = ORIENTED_EDGE('',*,*,#2202,.F.);
#2202 = EDGE_CURVE('',#1932,#2180,#2203,.T.);
#2203 = SURFACE_CURVE('',#2204,(#2209,#2216),.PCURVE_S1.);
#2204 = CIRCLE('',#2205,3.3);
#2205 = AXIS2_PLACEMENT_3D('',#2206,#2207,#2208);
#2206 = CARTESIAN_POINT('',(22.25,-2.99999995,4.0000001));
#2207 = DIRECTION('',(0.,1.,-0.));
#2208 = DIRECTION('',(-1.,0.,1.110223024625E-16));
#2209 = PCURVE('',#1947,#2210);
#2210 = DEFINITIONAL_REPRESENTATION('',(#2211),#2215);
#2211 = CIRCLE('',#2212,3.3);
#2212 = AXIS2_PLACEMENT_2D('',#2213,#2214);
#2213 = CARTESIAN_POINT('',(2.25,4.));
#2214 = DIRECTION('',(1.,0.));
#2215 = ( GEOMETRIC_REPRESENTATION_CONTEXT(2) 
PARAMETRIC_REPRESENTATION_CONTEXT() REPRESENTATION_CONTEXT('2D SPACE',''
  ) );
#2216 = PCURVE('',#642,#2217);
#2217 = DEFINITIONAL_REPRESENTATION('',(#2218),#2222);
#2218 = LINE('',#2219,#2220);
#2219 = CARTESIAN_POINT('',(6.28318530718,1.));
#2220 = VECTOR('',#2221,1.);
#2221 = DIRECTION('',(1.,0.));
#2222 = ( GEOMETRIC_REPRESENTATION_CONTEXT(2) 
PARAMETRIC_REPRESENTATION_CONTEXT() REPRESENTATION_CONTEXT('2D SPACE',''
  ) );
#2223 = ORIENTED_EDGE('',*,*,#1931,.F.);
#2224 = ADVANCED_FACE('',(#2225),#2134,.F.);
#2225 = FACE_BOUND('',#2226,.F.);
#2226 = EDGE_LOOP('',(#2227,#2253,#2276,#2297,#2298));
#2227 = ORIENTED_EDGE('',*,*,#2228,.F.);
#2228 = EDGE_CURVE('',#2229,#2231,#2233,.T.);
#2229 = VERTEX_POINT('',#2230);
#2230 = CARTESIAN_POINT('',(-18.87477270848,-2.99999995,1.0000001));
#2231 = VERTEX_POINT('',#2232);
#2232 = CARTESIAN_POINT('',(-20.8,-2.99999995,4.0000001));
#2233 = SURFACE_CURVE('',#2234,(#2239,#2246),.PCURVE_S1.);
#2234 = CIRCLE('',#2235,3.3);
#2235 = AXIS2_PLACEMENT_3D('',#2236,#2237,#2238);
#2236 = CARTESIAN_POINT('',(-17.5,-2.99999995,4.0000001));
#2237 = DIRECTION('',(0.,1.,-0.));
#2238 = DIRECTION('',(-1.,0.,1.110223024625E-16));
#2239 = PCURVE('',#2134,#2240);
#2240 = DEFINITIONAL_REPRESENTATION('',(#2241),#2245);
#2241 = CIRCLE('',#2242,3.3);
#2242 = AXIS2_PLACEMENT_2D('',#2243,#2244);
#2243 = CARTESIAN_POINT('',(42.,4.));
#2244 = DIRECTION('',(1.,0.));
#2245 = ( GEOMETRIC_REPRESENTATION_CONTEXT(2) 
PARAMETRIC_REPRESENTATION_CONTEXT() REPRESENTATION_CONTEXT('2D SPACE',''
  ) );
#2246 = PCURVE('',#694,#2247);
#2247 = DEFINITIONAL_REPRESENTATION('',(#2248),#2252);
#2248 = LINE('',#2249,#2250);
#2249 = CARTESIAN_POINT('',(0.,1.));
#2250 = VECTOR('',#2251,1.);
#2251 = DIRECTION('',(1.,0.));
#2252 = ( GEOMETRIC_REPRESENTATION_CONTEXT(2) 
PARAMETRIC_REPRESENTATION_CONTEXT() REPRESENTATION_CONTEXT('2D SPACE',''
  ) );
#2253 = ORIENTED_EDGE('',*,*,#2254,.T.);
#2254 = EDGE_CURVE('',#2229,#2255,#2257,.T.);
#2255 = VERTEX_POINT('',#2256);
#2256 = CARTESIAN_POINT('',(-24.5,-2.99999995,1.0000001));
#2257 = SURFACE_CURVE('',#2258,(#2262,#2269),.PCURVE_S1.);
#2258 = LINE('',#2259,#2260);
#2259 = CARTESIAN_POINT('',(24.5,-2.99999995,1.0000001));
#2260 = VECTOR('',#2261,1.);
#2261 = DIRECTION('',(-1.,0.,1.110223024625E-16));
#2262 = PCURVE('',#2134,#2263);
#2263 = DEFINITIONAL_REPRESENTATION('',(#2264),#2268);
#2264 = LINE('',#2265,#2266);
#2265 = CARTESIAN_POINT('',(1.110223024625E-16,1.));
#2266 = VECTOR('',#2267,1.);
#2267 = DIRECTION('',(1.,0.));
#2268 = ( GEOMETRIC_REPRESENTATION_CONTEXT(2) 
PARAMETRIC_REPRESENTATION_CONTEXT() REPRESENTATION_CONTEXT('2D SPACE',''
  ) );
#2269 = PCURVE('',#72,#2270);
#2270 = DEFINITIONAL_REPRESENTATION('',(#2271),#2275);
#2271 = LINE('',#2272,#2273);
#2272 = CARTESIAN_POINT('',(1.570796326795,0.));
#2273 = VECTOR('',#2274,1.);
#2274 = DIRECTION('',(0.,1.));
#2275 = ( GEOMETRIC_REPRESENTATION_CONTEXT(2) 
PARAMETRIC_REPRESENTATION_CONTEXT() REPRESENTATION_CONTEXT('2D SPACE',''
  ) );
#2276 = ORIENTED_EDGE('',*,*,#2277,.T.);
#2277 = EDGE_CURVE('',#2255,#2119,#2278,.T.);
#2278 = SURFACE_CURVE('',#2279,(#2283,#2290),.PCURVE_S1.);
#2279 = LINE('',#2280,#2281);
#2280 = CARTESIAN_POINT('',(-24.5,-2.99999995,9.999999406318E-08));
#2281 = VECTOR('',#2282,1.);
#2282 = DIRECTION('',(1.110223024625E-16,0.,1.));
#2283 = PCURVE('',#2134,#2284);
#2284 = DEFINITIONAL_REPRESENTATION('',(#2285),#2289);
#2285 = LINE('',#2286,#2287);
#2286 = CARTESIAN_POINT('',(49.,-5.440092820663E-15));
#2287 = VECTOR('',#2288,1.);
#2288 = DIRECTION('',(0.,1.));
#2289 = ( GEOMETRIC_REPRESENTATION_CONTEXT(2) 
PARAMETRIC_REPRESENTATION_CONTEXT() REPRESENTATION_CONTEXT('2D SPACE',''
  ) );
#2290 = PCURVE('',#44,#2291);
#2291 = DEFINITIONAL_REPRESENTATION('',(#2292),#2296);
#2292 = LINE('',#2293,#2294);
#2293 = CARTESIAN_POINT('',(0.,0.));
#2294 = VECTOR('',#2295,1.);
#2295 = DIRECTION('',(1.,0.));
#2296 = ( GEOMETRIC_REPRESENTATION_CONTEXT(2) 
PARAMETRIC_REPRESENTATION_CONTEXT() REPRESENTATION_CONTEXT('2D SPACE',''
  ) );
#2297 = ORIENTED_EDGE('',*,*,#2118,.F.);
#2298 = ORIENTED_EDGE('',*,*,#2299,.F.);
#2299 = EDGE_CURVE('',#2231,#2039,#2300,.T.);
#2300 = SURFACE_CURVE('',#2301,(#2306,#2313),.PCURVE_S1.);
#2301 = CIRCLE('',#2302,3.3);
#2302 = AXIS2_PLACEMENT_3D('',#2303,#2304,#2305);
#2303 = CARTESIAN_POINT('',(-17.5,-2.99999995,4.0000001));
#2304 = DIRECTION('',(0.,1.,-0.));
#2305 = DIRECTION('',(-1.,0.,1.110223024625E-16));
#2306 = PCURVE('',#2134,#2307);
#2307 = DEFINITIONAL_REPRESENTATION('',(#2308),#2312);
#2308 = CIRCLE('',#2309,3.3);
#2309 = AXIS2_PLACEMENT_2D('',#2310,#2311);
#2310 = CARTESIAN_POINT('',(42.,4.));
#2311 = DIRECTION('',(1.,0.));
#2312 = ( GEOMETRIC_REPRESENTATION_CONTEXT(2) 
PARAMETRIC_REPRESENTATION_CONTEXT() REPRESENTATION_CONTEXT('2D SPACE',''
  ) );
#2313 = PCURVE('',#694,#2314);
#2314 = DEFINITIONAL_REPRESENTATION('',(#2315),#2319);
#2315 = LINE('',#2316,#2317);
#2316 = CARTESIAN_POINT('',(0.,1.));
#2317 = VECTOR('',#2318,1.);
#2318 = DIRECTION('',(1.,0.));
#2319 = ( GEOMETRIC_REPRESENTATION_CONTEXT(2) 
PARAMETRIC_REPRESENTATION_CONTEXT() REPRESENTATION_CONTEXT('2D SPACE',''
  ) );
#2320 = ADVANCED_FACE('',(#2321),#694,.F.);
#2321 = FACE_BOUND('',#2322,.F.);
#2322 = EDGE_LOOP('',(#2323,#2344,#2345,#2346,#2347,#2348,#2349,#2427));
#2323 = ORIENTED_EDGE('',*,*,#2324,.T.);
#2324 = EDGE_CURVE('',#2231,#1611,#2325,.T.);
#2325 = SEAM_CURVE('',#2326,(#2330,#2337),.PCURVE_S1.);
#2326 = LINE('',#2327,#2328);
#2327 = CARTESIAN_POINT('',(-20.8,-3.99999995,4.0000001));
#2328 = VECTOR('',#2329,1.);
#2329 = DIRECTION('',(0.,1.,0.));
#2330 = PCURVE('',#694,#2331);
#2331 = DEFINITIONAL_REPRESENTATION('',(#2332),#2336);
#2332 = LINE('',#2333,#2334);
#2333 = CARTESIAN_POINT('',(6.28318530718,-0.));
#2334 = VECTOR('',#2335,1.);
#2335 = DIRECTION('',(0.,1.));
#2336 = ( GEOMETRIC_REPRESENTATION_CONTEXT(2) 
PARAMETRIC_REPRESENTATION_CONTEXT() REPRESENTATION_CONTEXT('2D SPACE',''
  ) );
#2337 = PCURVE('',#694,#2338);
#2338 = DEFINITIONAL_REPRESENTATION('',(#2339),#2343);
#2339 = LINE('',#2340,#2341);
#2340 = CARTESIAN_POINT('',(0.,-0.));
#2341 = VECTOR('',#2342,1.);
#2342 = DIRECTION('',(0.,1.));
#2343 = ( GEOMETRIC_REPRESENTATION_CONTEXT(2) 
PARAMETRIC_REPRESENTATION_CONTEXT() REPRESENTATION_CONTEXT('2D SPACE',''
  ) );
#2344 = ORIENTED_EDGE('',*,*,#1610,.F.);
#2345 = ORIENTED_EDGE('',*,*,#2324,.F.);
#2346 = ORIENTED_EDGE('',*,*,#2299,.T.);
#2347 = ORIENTED_EDGE('',*,*,#2038,.T.);
#2348 = ORIENTED_EDGE('',*,*,#677,.T.);
#2349 = ORIENTED_EDGE('',*,*,#2350,.T.);
#2350 = EDGE_CURVE('',#655,#2229,#2351,.T.);
#2351 = SURFACE_CURVE('',#2352,(#2375,#2401),.PCURVE_S1.);
#2352 = B_SPLINE_CURVE_WITH_KNOTS('',6,(#2353,#2354,#2355,#2356,#2357,
    #2358,#2359,#2360,#2361,#2362,#2363,#2364,#2365,#2366,#2367,#2368,
    #2369,#2370,#2371,#2372,#2373,#2374),.UNSPECIFIED.,.F.,.F.,(7,5,5,5,
    7),(0.,0.195497768814,0.500000547348,0.804244451852,1.),
  .UNSPECIFIED.);
#2353 = CARTESIAN_POINT('',(-16.12522729151,-2.99999995,1.0000001));
#2354 = CARTESIAN_POINT('',(-16.20926355741,-2.99999995,0.961489845037)
  );
#2355 = CARTESIAN_POINT('',(-16.29459231818,-2.998220577987,
    0.925805432922));
#2356 = CARTESIAN_POINT('',(-16.38105007366,-2.995150172346,
    0.893021059585));
#2357 = CARTESIAN_POINT('',(-16.46850067968,-2.991220603334,
    0.863179553621));
#2358 = CARTESIAN_POINT('',(-16.55683591964,-2.986810749007,
    0.836306393771));
#2359 = CARTESIAN_POINT('',(-16.78481871116,-2.975146209638,
    0.775224639059));
#2360 = CARTESIAN_POINT('',(-16.92585387744,-2.967663611747,
    0.745216321549));
#2361 = CARTESIAN_POINT('',(-17.06835180654,-2.961061417288,
    0.722645673374));
#2362 = CARTESIAN_POINT('',(-17.2117886509,-2.956317580483,0.70756350409
    ));
#2363 = CARTESIAN_POINT('',(-17.3557793186,-2.953939151417,0.7000001));
#2364 = CARTESIAN_POINT('',(-17.64409807171,-2.953939151417,0.7000001));
#2365 = CARTESIAN_POINT('',(-17.78796694135,-2.956313539039,
    0.707550649772));
#2366 = CARTESIAN_POINT('',(-17.93128334563,-2.961049347,0.722607305133)
  );
#2367 = CARTESIAN_POINT('',(-18.07366300664,-2.967641244398,
    0.745139833275));
#2368 = CARTESIAN_POINT('',(-18.21458339082,-2.975114493009,
    0.775097519962));
#2369 = CARTESIAN_POINT('',(-18.44257999746,-2.986781584498,
    0.836128764278));
#2370 = CARTESIAN_POINT('',(-18.53103672924,-2.9911998066,0.863021733516
    ));
#2371 = CARTESIAN_POINT('',(-18.61860693449,-2.995137984389,
    0.892891014819));
#2372 = CARTESIAN_POINT('',(-18.70518201985,-2.998215870803,
    0.925711067099));
#2373 = CARTESIAN_POINT('',(-18.7906253281,-2.99999995,0.961438925988));
#2374 = CARTESIAN_POINT('',(-18.87477270848,-2.99999995,1.0000001));
#2375 = PCURVE('',#694,#2376);
#2376 = DEFINITIONAL_REPRESENTATION('',(#2377),#2400);
#2377 = B_SPLINE_CURVE_WITH_KNOTS('',6,(#2378,#2379,#2380,#2381,#2382,
    #2383,#2384,#2385,#2386,#2387,#2388,#2389,#2390,#2391,#2392,#2393,
    #2394,#2395,#2396,#2397,#2398,#2399),.UNSPECIFIED.,.F.,.F.,(7,5,5,5,
    7),(0.,0.195497768814,0.500000547348,0.804244451852,1.),
  .UNSPECIFIED.);
#2378 = CARTESIAN_POINT('',(4.282689314233,1.));
#2379 = CARTESIAN_POINT('',(4.310701402868,1.));
#2380 = CARTESIAN_POINT('',(4.338712781395,1.001779372013));
#2381 = CARTESIAN_POINT('',(4.366708751779,1.004849777654));
#2382 = CARTESIAN_POINT('',(4.394685664426,1.008779346666));
#2383 = CARTESIAN_POINT('',(4.422649483606,1.013189200993));
#2384 = CARTESIAN_POINT('',(4.494171782934,1.024853740362));
#2385 = CARTESIAN_POINT('',(4.537807027689,1.032336338253));
#2386 = CARTESIAN_POINT('',(4.581436105468,1.038938532712));
#2387 = CARTESIAN_POINT('',(4.625052245527,1.043682369517));
#2388 = CARTESIAN_POINT('',(4.668685743597,1.046060798583));
#2389 = CARTESIAN_POINT('',(4.756055062723,1.046060798583));
#2390 = CARTESIAN_POINT('',(4.799651652459,1.043686410961));
#2391 = CARTESIAN_POINT('',(4.843230911818,1.038950603));
#2392 = CARTESIAN_POINT('',(4.886823016797,1.032358705602));
#2393 = CARTESIAN_POINT('',(4.930421198955,1.024885456991));
#2394 = CARTESIAN_POINT('',(5.001943582655,1.013218365502));
#2395 = CARTESIAN_POINT('',(5.029944308987,1.0088001434));
#2396 = CARTESIAN_POINT('',(5.057958146244,1.004861965611));
#2397 = CARTESIAN_POINT('',(5.085991100852,1.001784079197));
#2398 = CARTESIAN_POINT('',(5.114039519743,1.));
#2399 = CARTESIAN_POINT('',(5.142088646536,1.));
#2400 = ( GEOMETRIC_REPRESENTATION_CONTEXT(2) 
PARAMETRIC_REPRESENTATION_CONTEXT() REPRESENTATION_CONTEXT('2D SPACE',''
  ) );
#2401 = PCURVE('',#72,#2402);
#2402 = DEFINITIONAL_REPRESENTATION('',(#2403),#2426);
#2403 = B_SPLINE_CURVE_WITH_KNOTS('',6,(#2404,#2405,#2406,#2407,#2408,
    #2409,#2410,#2411,#2412,#2413,#2414,#2415,#2416,#2417,#2418,#2419,
    #2420,#2421,#2422,#2423,#2424,#2425),.UNSPECIFIED.,.F.,.F.,(7,5,5,5,
    7),(0.,0.195497768814,0.500000547348,0.804244451852,1.),
  .UNSPECIFIED.);
#2404 = CARTESIAN_POINT('',(1.570796326795,40.625227291513));
#2405 = CARTESIAN_POINT('',(1.532286071832,40.709263557418));
#2406 = CARTESIAN_POINT('',(1.496601442817,40.79459231818));
#2407 = CARTESIAN_POINT('',(1.463714925728,40.881050073666));
#2408 = CARTESIAN_POINT('',(1.433639558804,40.968500679684));
#2409 = CARTESIAN_POINT('',(1.40641643217,41.056835919641));
#2410 = CARTESIAN_POINT('',(1.344230885317,41.284818711166));
#2411 = CARTESIAN_POINT('',(1.313352019495,41.425853877446));
#2412 = CARTESIAN_POINT('',(1.289844013244,41.568351806547));
#2413 = CARTESIAN_POINT('',(1.274031918728,41.711788650901));
#2414 = CARTESIAN_POINT('',(1.266103672779,41.855779318601));
#2415 = CARTESIAN_POINT('',(1.266103672779,42.144098071716));
#2416 = CARTESIAN_POINT('',(1.274018445769,42.287966941353));
#2417 = CARTESIAN_POINT('',(1.289803784548,42.431283345632));
#2418 = CARTESIAN_POINT('',(1.313272359102,42.57366300664));
#2419 = CARTESIAN_POINT('',(1.344100072587,42.714583390825));
#2420 = CARTESIAN_POINT('',(1.406236485474,42.942579997462));
#2421 = CARTESIAN_POINT('',(1.433480501499,43.031036729242));
#2422 = CARTESIAN_POINT('',(1.463584475798,43.118606934491));
#2423 = CARTESIAN_POINT('',(1.496507075502,43.205182019853));
#2424 = CARTESIAN_POINT('',(1.532235152783,43.290625328108));
#2425 = CARTESIAN_POINT('',(1.570796326795,43.374772708487));
#2426 = ( GEOMETRIC_REPRESENTATION_CONTEXT(2) 
PARAMETRIC_REPRESENTATION_CONTEXT() REPRESENTATION_CONTEXT('2D SPACE',''
  ) );
#2427 = ORIENTED_EDGE('',*,*,#2228,.T.);
#2428 = ADVANCED_FACE('',(#2429),#642,.F.);
#2429 = FACE_BOUND('',#2430,.F.);
#2430 = EDGE_LOOP('',(#2431,#2432,#2455,#2484,#2562,#2563,#2564,#2565));
#2431 = ORIENTED_EDGE('',*,*,#1695,.F.);
#2432 = ORIENTED_EDGE('',*,*,#2433,.F.);
#2433 = EDGE_CURVE('',#2434,#1696,#2436,.T.);
#2434 = VERTEX_POINT('',#2435);
#2435 = CARTESIAN_POINT('',(24.5,-2.99999995,1.585978559085));
#2436 = SURFACE_CURVE('',#2437,(#2441,#2448),.PCURVE_S1.);
#2437 = LINE('',#2438,#2439);
#2438 = CARTESIAN_POINT('',(24.5,-3.99999995,1.585978559085));
#2439 = VECTOR('',#2440,1.);
#2440 = DIRECTION('',(0.,1.,0.));
#2441 = PCURVE('',#642,#2442);
#2442 = DEFINITIONAL_REPRESENTATION('',(#2443),#2447);
#2443 = LINE('',#2444,#2445);
#2444 = CARTESIAN_POINT('',(3.962143736398,0.));
#2445 = VECTOR('',#2446,1.);
#2446 = DIRECTION('',(0.,1.));
#2447 = ( GEOMETRIC_REPRESENTATION_CONTEXT(2) 
PARAMETRIC_REPRESENTATION_CONTEXT() REPRESENTATION_CONTEXT('2D SPACE',''
  ) );
#2448 = PCURVE('',#252,#2449);
#2449 = DEFINITIONAL_REPRESENTATION('',(#2450),#2454);
#2450 = LINE('',#2451,#2452);
#2451 = CARTESIAN_POINT('',(1.585978459085,-1.));
#2452 = VECTOR('',#2453,1.);
#2453 = DIRECTION('',(0.,1.));
#2454 = ( GEOMETRIC_REPRESENTATION_CONTEXT(2) 
PARAMETRIC_REPRESENTATION_CONTEXT() REPRESENTATION_CONTEXT('2D SPACE',''
  ) );
#2455 = ORIENTED_EDGE('',*,*,#2456,.T.);
#2456 = EDGE_CURVE('',#2434,#2457,#2459,.T.);
#2457 = VERTEX_POINT('',#2458);
#2458 = CARTESIAN_POINT('',(23.624772708487,-2.99999995,1.0000001));
#2459 = SURFACE_CURVE('',#2460,(#2465,#2472),.PCURVE_S1.);
#2460 = CIRCLE('',#2461,3.3);
#2461 = AXIS2_PLACEMENT_3D('',#2462,#2463,#2464);
#2462 = CARTESIAN_POINT('',(22.25,-2.99999995,4.0000001));
#2463 = DIRECTION('',(0.,1.,-0.));
#2464 = DIRECTION('',(-1.,0.,1.110223024625E-16));
#2465 = PCURVE('',#642,#2466);
#2466 = DEFINITIONAL_REPRESENTATION('',(#2467),#2471);
#2467 = LINE('',#2468,#2469);
#2468 = CARTESIAN_POINT('',(0.,1.));
#2469 = VECTOR('',#2470,1.);
#2470 = DIRECTION('',(1.,0.));
#2471 = ( GEOMETRIC_REPRESENTATION_CONTEXT(2) 
PARAMETRIC_REPRESENTATION_CONTEXT() REPRESENTATION_CONTEXT('2D SPACE',''
  ) );
#2472 = PCURVE('',#2473,#2478);
#2473 = PLANE('',#2474);
#2474 = AXIS2_PLACEMENT_3D('',#2475,#2476,#2477);
#2475 = CARTESIAN_POINT('',(24.5,-2.99999995,9.999999406318E-08));
#2476 = DIRECTION('',(0.,1.,0.));
#2477 = DIRECTION('',(-1.,0.,1.110223024625E-16));
#2478 = DEFINITIONAL_REPRESENTATION('',(#2479),#2483);
#2479 = CIRCLE('',#2480,3.3);
#2480 = AXIS2_PLACEMENT_2D('',#2481,#2482);
#2481 = CARTESIAN_POINT('',(2.25,4.));
#2482 = DIRECTION('',(1.,0.));
#2483 = ( GEOMETRIC_REPRESENTATION_CONTEXT(2) 
PARAMETRIC_REPRESENTATION_CONTEXT() REPRESENTATION_CONTEXT('2D SPACE',''
  ) );
#2484 = ORIENTED_EDGE('',*,*,#2485,.T.);
#2485 = EDGE_CURVE('',#2457,#622,#2486,.T.);
#2486 = SURFACE_CURVE('',#2487,(#2510,#2536),.PCURVE_S1.);
#2487 = B_SPLINE_CURVE_WITH_KNOTS('',6,(#2488,#2489,#2490,#2491,#2492,
    #2493,#2494,#2495,#2496,#2497,#2498,#2499,#2500,#2501,#2502,#2503,
    #2504,#2505,#2506,#2507,#2508,#2509),.UNSPECIFIED.,.F.,.F.,(7,5,5,5,
    7),(0.,0.195635697067,0.500007575467,0.804074785777,1.),
  .UNSPECIFIED.);
#2488 = CARTESIAN_POINT('',(23.624772708487,-2.99999995,1.0000001));
#2489 = CARTESIAN_POINT('',(23.540672903375,-2.99999995,0.961460727714)
  );
#2490 = CARTESIAN_POINT('',(23.455278640748,-2.998217887043,
    0.925751469913));
#2491 = CARTESIAN_POINT('',(23.368753791074,-2.995143204451,
    0.892946690893));
#2492 = CARTESIAN_POINT('',(23.281234792476,-2.991208713033,
    0.863089297333));
#2493 = CARTESIAN_POINT('',(23.192830078275,-2.986794073428,
    0.836204804226));
#2494 = CARTESIAN_POINT('',(22.964824845319,-2.97512732703,
    0.775148039723));
#2495 = CARTESIAN_POINT('',(22.823856733702,-2.967650072046,
    0.74517067599));
#2496 = CARTESIAN_POINT('',(22.681435569952,-2.961054665904,
    0.722624133376));
#2497 = CARTESIAN_POINT('',(22.53807755362,-2.956315582892,
    0.707557185686));
#2498 = CARTESIAN_POINT('',(22.394160489767,-2.953939151417,0.7000001));
#2499 = CARTESIAN_POINT('',(22.105983811018,-2.953939151417,0.7000001));
#2500 = CARTESIAN_POINT('',(21.962196260671,-2.956310841981,
    0.707542071363));
#2501 = CARTESIAN_POINT('',(21.81896026386,-2.961041293031,0.7225817038)
  );
#2502 = CARTESIAN_POINT('',(21.67665956344,-2.967626319282,
    0.745088799511));
#2503 = CARTESIAN_POINT('',(21.535815825678,-2.975093323506,
    0.775012705392));
#2504 = CARTESIAN_POINT('',(21.307810021506,-2.986762101564,
    0.836010216078));
#2505 = CARTESIAN_POINT('',(21.219272162318,-2.991185910258,
    0.862916388563));
#2506 = CARTESIAN_POINT('',(21.131622090734,-2.995129838838,
    0.892804199657));
#2507 = CARTESIAN_POINT('',(21.044968657128,-2.998212724378,
    0.925648064536));
#2508 = CARTESIAN_POINT('',(20.959448864453,-2.99999995,0.961404926686)
  );
#2509 = CARTESIAN_POINT('',(20.875227291513,-2.99999995,1.0000001));
#2510 = PCURVE('',#642,#2511);
#2511 = DEFINITIONAL_REPRESENTATION('',(#2512),#2535);
#2512 = B_SPLINE_CURVE_WITH_KNOTS('',6,(#2513,#2514,#2515,#2516,#2517,
    #2518,#2519,#2520,#2521,#2522,#2523,#2524,#2525,#2526,#2527,#2528,
    #2529,#2530,#2531,#2532,#2533,#2534),.UNSPECIFIED.,.F.,.F.,(7,5,5,5,
    7),(0.,0.195635697067,0.500007575467,0.804074785777,1.),
  .UNSPECIFIED.);
#2513 = CARTESIAN_POINT('',(4.282689314233,1.));
#2514 = CARTESIAN_POINT('',(4.310722582604,1.));
#2515 = CARTESIAN_POINT('',(4.33875514216,1.001782062957));
#2516 = CARTESIAN_POINT('',(4.366772262009,1.004856745549));
#2517 = CARTESIAN_POINT('',(4.394770290314,1.008791236967));
#2518 = CARTESIAN_POINT('',(4.422755214975,1.013205876572));
#2519 = CARTESIAN_POINT('',(4.494282123835,1.02487262297));
#2520 = CARTESIAN_POINT('',(4.537895607387,1.032349877954));
#2521 = CARTESIAN_POINT('',(4.581500722021,1.038945284096));
#2522 = CARTESIAN_POINT('',(4.625092791508,1.043684367108));
#2523 = CARTESIAN_POINT('',(4.668703983486,1.046060798583));
#2524 = CARTESIAN_POINT('',(4.756030249773,1.046060798583));
#2525 = CARTESIAN_POINT('',(4.799602197419,1.043689108019));
#2526 = CARTESIAN_POINT('',(4.843156834979,1.038958656969));
#2527 = CARTESIAN_POINT('',(4.886724256475,1.032373630718));
#2528 = CARTESIAN_POINT('',(4.930297692289,1.024906626494));
#2529 = CARTESIAN_POINT('',(5.00182012582,1.013237848436));
#2530 = CARTESIAN_POINT('',(5.029845495506,1.008814039742));
#2531 = CARTESIAN_POINT('',(5.057883988766,1.004870111162));
#2532 = CARTESIAN_POINT('',(5.085941638632,1.001787225622));
#2533 = CARTESIAN_POINT('',(5.11401478889,1.));
#2534 = CARTESIAN_POINT('',(5.142088646536,1.));
#2535 = ( GEOMETRIC_REPRESENTATION_CONTEXT(2) 
PARAMETRIC_REPRESENTATION_CONTEXT() REPRESENTATION_CONTEXT('2D SPACE',''
  ) );
#2536 = PCURVE('',#72,#2537);
#2537 = DEFINITIONAL_REPRESENTATION('',(#2538),#2561);
#2538 = B_SPLINE_CURVE_WITH_KNOTS('',6,(#2539,#2540,#2541,#2542,#2543,
    #2544,#2545,#2546,#2547,#2548,#2549,#2550,#2551,#2552,#2553,#2554,
    #2555,#2556,#2557,#2558,#2559,#2560),.UNSPECIFIED.,.F.,.F.,(7,5,5,5,
    7),(0.,0.195635697067,0.500007575467,0.804074785777,1.),
  .UNSPECIFIED.);
#2539 = CARTESIAN_POINT('',(1.570796326795,0.875227291513));
#2540 = CARTESIAN_POINT('',(1.532256954509,0.959327096625));
#2541 = CARTESIAN_POINT('',(1.496547478947,1.044721359252));
#2542 = CARTESIAN_POINT('',(1.46364032548,1.131246208926));
#2543 = CARTESIAN_POINT('',(1.433548595381,1.218765207524));
#2544 = CARTESIAN_POINT('',(1.406313518039,1.307169921725));
#2545 = CARTESIAN_POINT('',(1.344152103456,1.535175154681));
#2546 = CARTESIAN_POINT('',(1.313304406953,1.676143266298));
#2547 = CARTESIAN_POINT('',(1.289821476189,1.818564430048));
#2548 = CARTESIAN_POINT('',(1.274025273508,1.96192244638));
#2549 = CARTESIAN_POINT('',(1.266103672779,2.105839510233));
#2550 = CARTESIAN_POINT('',(1.266103672779,2.394016188982));
#2551 = CARTESIAN_POINT('',(1.27400945457,2.537803739329));
#2552 = CARTESIAN_POINT('',(1.289776941722,2.68103973614));
#2553 = CARTESIAN_POINT('',(1.313219208455,2.82334043656));
#2554 = CARTESIAN_POINT('',(1.344012791322,2.964184174322));
#2555 = CARTESIAN_POINT('',(1.406116387766,3.192189978494));
#2556 = CARTESIAN_POINT('',(1.43337432892,3.280727837682));
#2557 = CARTESIAN_POINT('',(1.46349738952,3.368377909266));
#2558 = CARTESIAN_POINT('',(1.496444071939,3.455031342871));
#2559 = CARTESIAN_POINT('',(1.53220115348,3.540551135547));
#2560 = CARTESIAN_POINT('',(1.570796326795,3.624772708487));
#2561 = ( GEOMETRIC_REPRESENTATION_CONTEXT(2) 
PARAMETRIC_REPRESENTATION_CONTEXT() REPRESENTATION_CONTEXT('2D SPACE',''
  ) );
#2562 = ORIENTED_EDGE('',*,*,#619,.F.);
#2563 = ORIENTED_EDGE('',*,*,#1959,.T.);
#2564 = ORIENTED_EDGE('',*,*,#2202,.T.);
#2565 = ORIENTED_EDGE('',*,*,#2566,.T.);
#2566 = EDGE_CURVE('',#2180,#1698,#2567,.T.);
#2567 = SURFACE_CURVE('',#2568,(#2572,#2579),.PCURVE_S1.);
#2568 = LINE('',#2569,#2570);
#2569 = CARTESIAN_POINT('',(24.5,-3.99999995,6.414021640915));
#2570 = VECTOR('',#2571,1.);
#2571 = DIRECTION('',(0.,1.,0.));
#2572 = PCURVE('',#642,#2573);
#2573 = DEFINITIONAL_REPRESENTATION('',(#2574),#2578);
#2574 = LINE('',#2575,#2576);
#2575 = CARTESIAN_POINT('',(8.604226877961,0.));
#2576 = VECTOR('',#2577,1.);
#2577 = DIRECTION('',(0.,1.));
#2578 = ( GEOMETRIC_REPRESENTATION_CONTEXT(2) 
PARAMETRIC_REPRESENTATION_CONTEXT() REPRESENTATION_CONTEXT('2D SPACE',''
  ) );
#2579 = PCURVE('',#252,#2580);
#2580 = DEFINITIONAL_REPRESENTATION('',(#2581),#2585);
#2581 = LINE('',#2582,#2583);
#2582 = CARTESIAN_POINT('',(6.414021540915,-1.));
#2583 = VECTOR('',#2584,1.);
#2584 = DIRECTION('',(0.,1.));
#2585 = ( GEOMETRIC_REPRESENTATION_CONTEXT(2) 
PARAMETRIC_REPRESENTATION_CONTEXT() REPRESENTATION_CONTEXT('2D SPACE',''
  ) );
#2586 = ADVANCED_FACE('',(#2587),#2473,.F.);
#2587 = FACE_BOUND('',#2588,.F.);
#2588 = EDGE_LOOP('',(#2589,#2612,#2633));
#2589 = ORIENTED_EDGE('',*,*,#2590,.F.);
#2590 = EDGE_CURVE('',#2591,#2434,#2593,.T.);
#2591 = VERTEX_POINT('',#2592);
#2592 = CARTESIAN_POINT('',(24.5,-2.99999995,1.0000001));
#2593 = SURFACE_CURVE('',#2594,(#2598,#2605),.PCURVE_S1.);
#2594 = LINE('',#2595,#2596);
#2595 = CARTESIAN_POINT('',(24.5,-2.99999995,9.999999406318E-08));
#2596 = VECTOR('',#2597,1.);
#2597 = DIRECTION('',(1.110223024625E-16,0.,1.));
#2598 = PCURVE('',#2473,#2599);
#2599 = DEFINITIONAL_REPRESENTATION('',(#2600),#2604);
#2600 = LINE('',#2601,#2602);
#2601 = CARTESIAN_POINT('',(0.,0.));
#2602 = VECTOR('',#2603,1.);
#2603 = DIRECTION('',(0.,1.));
#2604 = ( GEOMETRIC_REPRESENTATION_CONTEXT(2) 
PARAMETRIC_REPRESENTATION_CONTEXT() REPRESENTATION_CONTEXT('2D SPACE',''
  ) );
#2605 = PCURVE('',#252,#2606);
#2606 = DEFINITIONAL_REPRESENTATION('',(#2607),#2611);
#2607 = LINE('',#2608,#2609);
#2608 = CARTESIAN_POINT('',(0.,0.));
#2609 = VECTOR('',#2610,1.);
#2610 = DIRECTION('',(1.,0.));
#2611 = ( GEOMETRIC_REPRESENTATION_CONTEXT(2) 
PARAMETRIC_REPRESENTATION_CONTEXT() REPRESENTATION_CONTEXT('2D SPACE',''
  ) );
#2612 = ORIENTED_EDGE('',*,*,#2613,.T.);
#2613 = EDGE_CURVE('',#2591,#2457,#2614,.T.);
#2614 = SURFACE_CURVE('',#2615,(#2619,#2626),.PCURVE_S1.);
#2615 = LINE('',#2616,#2617);
#2616 = CARTESIAN_POINT('',(24.5,-2.99999995,1.0000001));
#2617 = VECTOR('',#2618,1.);
#2618 = DIRECTION('',(-1.,0.,1.110223024625E-16));
#2619 = PCURVE('',#2473,#2620);
#2620 = DEFINITIONAL_REPRESENTATION('',(#2621),#2625);
#2621 = LINE('',#2622,#2623);
#2622 = CARTESIAN_POINT('',(1.110223024625E-16,1.));
#2623 = VECTOR('',#2624,1.);
#2624 = DIRECTION('',(1.,0.));
#2625 = ( GEOMETRIC_REPRESENTATION_CONTEXT(2) 
PARAMETRIC_REPRESENTATION_CONTEXT() REPRESENTATION_CONTEXT('2D SPACE',''
  ) );
#2626 = PCURVE('',#72,#2627);
#2627 = DEFINITIONAL_REPRESENTATION('',(#2628),#2632);
#2628 = LINE('',#2629,#2630);
#2629 = CARTESIAN_POINT('',(1.570796326795,0.));
#2630 = VECTOR('',#2631,1.);
#2631 = DIRECTION('',(0.,1.));
#2632 = ( GEOMETRIC_REPRESENTATION_CONTEXT(2) 
PARAMETRIC_REPRESENTATION_CONTEXT() REPRESENTATION_CONTEXT('2D SPACE',''
  ) );
#2633 = ORIENTED_EDGE('',*,*,#2456,.F.);
#2634 = ADVANCED_FACE('',(#2635),#549,.T.);
#2635 = FACE_BOUND('',#2636,.T.);
#2636 = EDGE_LOOP('',(#2637,#2638,#2639,#2640));
#2637 = ORIENTED_EDGE('',*,*,#533,.F.);
#2638 = ORIENTED_EDGE('',*,*,#758,.T.);
#2639 = ORIENTED_EDGE('',*,*,#834,.T.);
#2640 = ORIENTED_EDGE('',*,*,#2641,.F.);
#2641 = EDGE_CURVE('',#534,#835,#2642,.T.);
#2642 = SURFACE_CURVE('',#2643,(#2647,#2654),.PCURVE_S1.);
#2643 = LINE('',#2644,#2645);
#2644 = CARTESIAN_POINT('',(12.,1.00000005,2.3500001));
#2645 = VECTOR('',#2646,1.);
#2646 = DIRECTION('',(1.110223024625E-16,0.,1.));
#2647 = PCURVE('',#549,#2648);
#2648 = DEFINITIONAL_REPRESENTATION('',(#2649),#2653);
#2649 = LINE('',#2650,#2651);
#2650 = CARTESIAN_POINT('',(0.,5.));
#2651 = VECTOR('',#2652,1.);
#2652 = DIRECTION('',(1.,0.));
#2653 = ( GEOMETRIC_REPRESENTATION_CONTEXT(2) 
PARAMETRIC_REPRESENTATION_CONTEXT() REPRESENTATION_CONTEXT('2D SPACE',''
  ) );
#2654 = PCURVE('',#575,#2655);
#2655 = DEFINITIONAL_REPRESENTATION('',(#2656),#2660);
#2656 = LINE('',#2657,#2658);
#2657 = CARTESIAN_POINT('',(0.,0.));
#2658 = VECTOR('',#2659,1.);
#2659 = DIRECTION('',(0.,1.));
#2660 = ( GEOMETRIC_REPRESENTATION_CONTEXT(2) 
PARAMETRIC_REPRESENTATION_CONTEXT() REPRESENTATION_CONTEXT('2D SPACE',''
  ) );
#2661 = ADVANCED_FACE('',(#2662),#575,.F.);
#2662 = FACE_BOUND('',#2663,.F.);
#2663 = EDGE_LOOP('',(#2664,#2665,#2666,#2687));
#2664 = ORIENTED_EDGE('',*,*,#2641,.F.);
#2665 = ORIENTED_EDGE('',*,*,#561,.T.);
#2666 = ORIENTED_EDGE('',*,*,#2667,.T.);
#2667 = EDGE_CURVE('',#478,#811,#2668,.T.);
#2668 = SURFACE_CURVE('',#2669,(#2673,#2680),.PCURVE_S1.);
#2669 = LINE('',#2670,#2671);
#2670 = CARTESIAN_POINT('',(-5.,1.00000005,2.3500001));
#2671 = VECTOR('',#2672,1.);
#2672 = DIRECTION('',(1.110223024625E-16,0.,1.));
#2673 = PCURVE('',#575,#2674);
#2674 = DEFINITIONAL_REPRESENTATION('',(#2675),#2679);
#2675 = LINE('',#2676,#2677);
#2676 = CARTESIAN_POINT('',(17.,-1.887379141863E-15));
#2677 = VECTOR('',#2678,1.);
#2678 = DIRECTION('',(0.,1.));
#2679 = ( GEOMETRIC_REPRESENTATION_CONTEXT(2) 
PARAMETRIC_REPRESENTATION_CONTEXT() REPRESENTATION_CONTEXT('2D SPACE',''
  ) );
#2680 = PCURVE('',#493,#2681);
#2681 = DEFINITIONAL_REPRESENTATION('',(#2682),#2686);
#2682 = LINE('',#2683,#2684);
#2683 = CARTESIAN_POINT('',(0.,5.));
#2684 = VECTOR('',#2685,1.);
#2685 = DIRECTION('',(1.,0.));
#2686 = ( GEOMETRIC_REPRESENTATION_CONTEXT(2) 
PARAMETRIC_REPRESENTATION_CONTEXT() REPRESENTATION_CONTEXT('2D SPACE',''
  ) );
#2687 = ORIENTED_EDGE('',*,*,#857,.F.);
#2688 = ADVANCED_FACE('',(#2689),#493,.F.);
#2689 = FACE_BOUND('',#2690,.F.);
#2690 = EDGE_LOOP('',(#2691,#2692,#2693,#2694));
#2691 = ORIENTED_EDGE('',*,*,#475,.F.);
#2692 = ORIENTED_EDGE('',*,*,#734,.T.);
#2693 = ORIENTED_EDGE('',*,*,#810,.T.);
#2694 = ORIENTED_EDGE('',*,*,#2667,.F.);
#2695 = ADVANCED_FACE('',(#2696),#177,.F.);
#2696 = FACE_BOUND('',#2697,.F.);
#2697 = EDGE_LOOP('',(#2698,#2699,#2720,#2721,#2847,#2848));
#2698 = ORIENTED_EDGE('',*,*,#589,.F.);
#2699 = ORIENTED_EDGE('',*,*,#2700,.F.);
#2700 = EDGE_CURVE('',#161,#590,#2701,.T.);
#2701 = SEAM_CURVE('',#2702,(#2706,#2713),.PCURVE_S1.);
#2702 = LINE('',#2703,#2704);
#2703 = CARTESIAN_POINT('',(5.8,-0.99999995,-0.9999999));
#2704 = VECTOR('',#2705,1.);
#2705 = DIRECTION('',(1.110223024625E-16,0.,1.));
#2706 = PCURVE('',#177,#2707);
#2707 = DEFINITIONAL_REPRESENTATION('',(#2708),#2712);
#2708 = LINE('',#2709,#2710);
#2709 = CARTESIAN_POINT('',(6.28318530718,-0.));
#2710 = VECTOR('',#2711,1.);
#2711 = DIRECTION('',(0.,1.));
#2712 = ( GEOMETRIC_REPRESENTATION_CONTEXT(2) 
PARAMETRIC_REPRESENTATION_CONTEXT() REPRESENTATION_CONTEXT('2D SPACE',''
  ) );
#2713 = PCURVE('',#177,#2714);
#2714 = DEFINITIONAL_REPRESENTATION('',(#2715),#2719);
#2715 = LINE('',#2716,#2717);
#2716 = CARTESIAN_POINT('',(0.,-0.));
#2717 = VECTOR('',#2718,1.);
#2718 = DIRECTION('',(0.,1.));
#2719 = ( GEOMETRIC_REPRESENTATION_CONTEXT(2) 
PARAMETRIC_REPRESENTATION_CONTEXT() REPRESENTATION_CONTEXT('2D SPACE',''
  ) );
#2720 = ORIENTED_EDGE('',*,*,#160,.T.);
#2721 = ORIENTED_EDGE('',*,*,#2722,.T.);
#2722 = EDGE_CURVE('',#138,#190,#2723,.T.);
#2723 = SURFACE_CURVE('',#2724,(#2763,#2805),.PCURVE_S1.);
#2724 = B_SPLINE_CURVE_WITH_KNOTS('',7,(#2725,#2726,#2727,#2728,#2729,
    #2730,#2731,#2732,#2733,#2734,#2735,#2736,#2737,#2738,#2739,#2740,
    #2741,#2742,#2743,#2744,#2745,#2746,#2747,#2748,#2749,#2750,#2751,
    #2752,#2753,#2754,#2755,#2756,#2757,#2758,#2759,#2760,#2761,#2762),
  .UNSPECIFIED.,.F.,.F.,(8,6,6,6,6,6,8),(0.,0.237381630604,
    0.383563515376,0.499993907703,0.617099055775,0.762747414782,1.),
  .UNSPECIFIED.);
#2725 = CARTESIAN_POINT('',(6.125227291513,-1.99999995,
    9.999999406318E-08));
#2726 = CARTESIAN_POINT('',(6.190920457563,-2.090313121819,
    9.999999406318E-08));
#2727 = CARTESIAN_POINT('',(6.26305394936,-2.174929314008,
    9.515797121992E-03));
#2728 = CARTESIAN_POINT('',(6.340820294849,-2.253124115893,
    2.638762548474E-02));
#2729 = CARTESIAN_POINT('',(6.423420164701,-2.3245398063,
    4.876621334162E-02));
#2730 = CARTESIAN_POINT('',(6.510158269724,-2.388993795089,
    7.495223232274E-02));
#2731 = CARTESIAN_POINT('',(6.600470698337,-2.446414346232,
    0.103296512935));
#2732 = CARTESIAN_POINT('',(6.751480269375,-2.527740476787,
    0.149844049744));
#2733 = CARTESIAN_POINT('',(6.810390083633,-2.556135780677,
    0.167810744764));
#2734 = CARTESIAN_POINT('',(6.870618531626,-2.581917209533,
    0.185625201819));
#2735 = CARTESIAN_POINT('',(6.932120719747,-2.605044543749,
    0.202885962294));
#2736 = CARTESIAN_POINT('',(6.994861922969,-2.625466719112,
    0.219158345915));
#2737 = CARTESIAN_POINT('',(7.05883200494,-2.643120162415,0.23398306034)
  );
#2738 = CARTESIAN_POINT('',(7.176009552973,-2.669690907641,
    0.257195477322));
#2739 = CARTESIAN_POINT('',(7.228874560467,-2.679681484806,
    0.266302350523));
#2740 = CARTESIAN_POINT('',(7.28239858376,-2.687757813453,0.273930575023
    ));
#2741 = CARTESIAN_POINT('',(7.336394383038,-2.693857182451,
    0.279836079693));
#2742 = CARTESIAN_POINT('',(7.390725929749,-2.697945861178,
    0.283843874703));
#2743 = CARTESIAN_POINT('',(7.445290616703,-2.69999995,0.285857257146));
#2744 = CARTESIAN_POINT('',(7.555026443731,-2.69999995,0.285857257146));
#2745 = CARTESIAN_POINT('',(7.609904447312,-2.697921984224,
    0.283820471762));
#2746 = CARTESIAN_POINT('',(7.664545082096,-2.693786171053,
    0.279766471987));
#2747 = CARTESIAN_POINT('',(7.718844813805,-2.687616894498,
    0.273794154756));
#2748 = CARTESIAN_POINT('',(7.772665820135,-2.679448437623,
    0.266082287438));
#2749 = CARTESIAN_POINT('',(7.825817833314,-2.669344713189,
    0.256879998916));
#2750 = CARTESIAN_POINT('',(7.942994181288,-2.642618130898,
    0.233561298787));
#2751 = CARTESIAN_POINT('',(8.00669945577,-2.624963521304,0.21875627386)
  );
#2752 = CARTESIAN_POINT('',(8.069183811053,-2.604562059142,
    0.202523287982));
#2753 = CARTESIAN_POINT('',(8.130437240887,-2.581476472199,
    0.185316204382));
#2754 = CARTESIAN_POINT('',(8.19042580902,-2.555757013223,0.167564393429
    ));
#2755 = CARTESIAN_POINT('',(8.249105684988,-2.52744298659,0.149664470577
    ));
#2756 = CARTESIAN_POINT('',(8.3998306929,-2.446222436113,0.103201913842)
  );
#2757 = CARTESIAN_POINT('',(8.490082999395,-2.38881454902,
    7.487943744212E-02));
#2758 = CARTESIAN_POINT('',(8.576764685596,-2.32438027205,
    4.871606476917E-02));
#2759 = CARTESIAN_POINT('',(8.659311437729,-2.252991995696,
    2.635889307649E-02));
#2760 = CARTESIAN_POINT('',(8.737028424296,-2.174832873914,
    9.504809107995E-03));
#2761 = CARTESIAN_POINT('',(8.809117484421,-2.090260960215,
    9.999999406318E-08));
#2762 = CARTESIAN_POINT('',(8.874772708487,-1.99999995,
    9.999999406318E-08));
#2763 = PCURVE('',#177,#2764);
#2764 = DEFINITIONAL_REPRESENTATION('',(#2765),#2804);
#2765 = B_SPLINE_CURVE_WITH_KNOTS('',7,(#2766,#2767,#2768,#2769,#2770,
    #2771,#2772,#2773,#2774,#2775,#2776,#2777,#2778,#2779,#2780,#2781,
    #2782,#2783,#2784,#2785,#2786,#2787,#2788,#2789,#2790,#2791,#2792,
    #2793,#2794,#2795,#2796,#2797,#2798,#2799,#2800,#2801,#2802,#2803),
  .UNSPECIFIED.,.F.,.F.,(8,6,6,6,6,6,8),(0.,0.237381630604,
    0.383563515376,0.499993907703,0.617099055775,0.762747414782,1.),
  .UNSPECIFIED.);
#2766 = CARTESIAN_POINT('',(0.628874925495,1.));
#2767 = CARTESIAN_POINT('',(0.694568091545,1.));
#2768 = CARTESIAN_POINT('',(0.759779650754,1.009515697122));
#2769 = CARTESIAN_POINT('',(0.824348971219,1.026387525485));
#2770 = CARTESIAN_POINT('',(0.888260555684,1.048766113342));
#2771 = CARTESIAN_POINT('',(0.951557357347,1.074952132323));
#2772 = CARTESIAN_POINT('',(1.014346284578,1.103296412935));
#2773 = CARTESIAN_POINT('',(1.115238206704,1.149843949744));
#2774 = CARTESIAN_POINT('',(1.153667893634,1.167810644764));
#2775 = CARTESIAN_POINT('',(1.192144121859,1.185625101819));
#2776 = CARTESIAN_POINT('',(1.230725352266,1.202885862294));
#2777 = CARTESIAN_POINT('',(1.269474090227,1.219158245915));
#2778 = CARTESIAN_POINT('',(1.308468372634,1.23398296034));
#2779 = CARTESIAN_POINT('',(1.379146213469,1.257195377322));
#2780 = CARTESIAN_POINT('',(1.410772945845,1.266302250523));
#2781 = CARTESIAN_POINT('',(1.442579102332,1.273930475023));
#2782 = CARTESIAN_POINT('',(1.47450321774,1.279835979693));
#2783 = CARTESIAN_POINT('',(1.506517490309,1.283843774703));
#2784 = CARTESIAN_POINT('',(1.53861433662,1.285857157146));
#2785 = CARTESIAN_POINT('',(1.603164823107,1.285857157146));
#2786 = CARTESIAN_POINT('',(1.635445972366,1.283820371762));
#2787 = CARTESIAN_POINT('',(1.667643016756,1.279766371987));
#2788 = CARTESIAN_POINT('',(1.699748718257,1.273794054756));
#2789 = CARTESIAN_POINT('',(1.731735113511,1.266082187438));
#2790 = CARTESIAN_POINT('',(1.763539768877,1.256879898917));
#2791 = CARTESIAN_POINT('',(1.834237249843,1.233561198787));
#2792 = CARTESIAN_POINT('',(1.873082071005,1.21875617386));
#2793 = CARTESIAN_POINT('',(1.911684109405,1.202523187982));
#2794 = CARTESIAN_POINT('',(1.950120522942,1.185316104382));
#2795 = CARTESIAN_POINT('',(1.988453378545,1.167564293429));
#2796 = CARTESIAN_POINT('',(2.026740889766,1.149664370577));
#2797 = CARTESIAN_POINT('',(2.127455990069,1.103201813842));
#2798 = CARTESIAN_POINT('',(2.19021136296,1.074879337442));
#2799 = CARTESIAN_POINT('',(2.253475022326,1.048715964769));
#2800 = CARTESIAN_POINT('',(2.317352918072,1.026358793076));
#2801 = CARTESIAN_POINT('',(2.38188738184,1.009504709108));
#2802 = CARTESIAN_POINT('',(2.447062504029,1.));
#2803 = CARTESIAN_POINT('',(2.512717728095,1.));
#2804 = ( GEOMETRIC_REPRESENTATION_CONTEXT(2) 
PARAMETRIC_REPRESENTATION_CONTEXT() REPRESENTATION_CONTEXT('2D SPACE',''
  ) );
#2805 = PCURVE('',#72,#2806);
#2806 = DEFINITIONAL_REPRESENTATION('',(#2807),#2846);
#2807 = B_SPLINE_CURVE_WITH_KNOTS('',7,(#2808,#2809,#2810,#2811,#2812,
    #2813,#2814,#2815,#2816,#2817,#2818,#2819,#2820,#2821,#2822,#2823,
    #2824,#2825,#2826,#2827,#2828,#2829,#2830,#2831,#2832,#2833,#2834,
    #2835,#2836,#2837,#2838,#2839,#2840,#2841,#2842,#2843,#2844,#2845),
  .UNSPECIFIED.,.F.,.F.,(8,6,6,6,6,6,8),(0.,0.237381630604,
    0.383563515376,0.499993907703,0.617099055775,0.762747414782,1.),
  .UNSPECIFIED.);
#2808 = CARTESIAN_POINT('',(0.,18.374772708487));
#2809 = CARTESIAN_POINT('',(9.031317181894E-02,18.309079542437));
#2810 = CARTESIAN_POINT('',(0.174929489717,18.23694605064));
#2811 = CARTESIAN_POINT('',(0.254326691949,18.159179705151));
#2812 = CARTESIAN_POINT('',(0.328671597837,18.076579835299));
#2813 = CARTESIAN_POINT('',(0.397937919856,17.989841730276));
#2814 = CARTESIAN_POINT('',(0.461852772494,17.899529301663));
#2815 = CARTESIAN_POINT('',(0.555557696026,17.748519730625));
#2816 = CARTESIAN_POINT('',(0.589126849762,17.689609916367));
#2817 = CARTESIAN_POINT('',(0.620425739278,17.629381468374));
#2818 = CARTESIAN_POINT('',(0.649255624835,17.567879280253));
#2819 = CARTESIAN_POINT('',(0.675353375485,17.505138077031));
#2820 = CARTESIAN_POINT('',(0.698401526864,17.44116799506));
#2821 = CARTESIAN_POINT('',(0.733683545005,17.323990447027));
#2822 = CARTESIAN_POINT('',(0.747198846838,17.271125439533));
#2823 = CARTESIAN_POINT('',(0.758306293938,17.21760141624));
#2824 = CARTESIAN_POINT('',(0.766795715686,17.163605616962));
#2825 = CARTESIAN_POINT('',(0.772521276438,17.109274070251));
#2826 = CARTESIAN_POINT('',(0.775397496611,17.054709383297));
#2827 = CARTESIAN_POINT('',(0.775397496611,16.944973556269));
#2828 = CARTESIAN_POINT('',(0.772487845345,16.890095552688));
#2829 = CARTESIAN_POINT('',(0.766696272002,16.835454917904));
#2830 = CARTESIAN_POINT('',(0.758110168189,16.781155186195));
#2831 = CARTESIAN_POINT('',(0.746878376281,16.727334179865));
#2832 = CARTESIAN_POINT('',(0.73321527388,16.674182166686));
#2833 = CARTESIAN_POINT('',(0.697745963531,16.557005818712));
#2834 = CARTESIAN_POINT('',(0.674709598467,16.49330054423));
#2835 = CARTESIAN_POINT('',(0.648652568536,16.430816188947));
#2836 = CARTESIAN_POINT('',(0.619888057093,16.369562759113));
#2837 = CARTESIAN_POINT('',(0.58867540824,16.30957419098));
#2838 = CARTESIAN_POINT('',(0.555210301172,16.250894315012));
#2839 = CARTESIAN_POINT('',(0.461639221248,16.1001693071));
#2840 = CARTESIAN_POINT('',(0.397745296129,16.009917000605));
#2841 = CARTESIAN_POINT('',(0.328505449587,15.923235314404));
#2842 = CARTESIAN_POINT('',(0.254192493177,15.840688562271));
#2843 = CARTESIAN_POINT('',(0.174833048359,15.762971575704));
#2844 = CARTESIAN_POINT('',(9.026101021518E-02,15.690882515579));
#2845 = CARTESIAN_POINT('',(0.,15.625227291513));
#2846 = ( GEOMETRIC_REPRESENTATION_CONTEXT(2) 
PARAMETRIC_REPRESENTATION_CONTEXT() REPRESENTATION_CONTEXT('2D SPACE',''
  ) );
#2847 = ORIENTED_EDGE('',*,*,#189,.T.);
#2848 = ORIENTED_EDGE('',*,*,#2700,.T.);
#2849 = ADVANCED_FACE('',(#2850),#72,.T.);
#2850 = FACE_BOUND('',#2851,.T.);
#2851 = EDGE_LOOP('',(#2852,#2853,#2875,#2876,#2877,#2878,#2879,#2880,
    #2902,#2903,#2904,#2905));
#2852 = ORIENTED_EDGE('',*,*,#213,.F.);
#2853 = ORIENTED_EDGE('',*,*,#2854,.T.);
#2854 = EDGE_CURVE('',#214,#2591,#2855,.T.);
#2855 = SURFACE_CURVE('',#2856,(#2861,#2868),.PCURVE_S1.);
#2856 = CIRCLE('',#2857,1.);
#2857 = AXIS2_PLACEMENT_3D('',#2858,#2859,#2860);
#2858 = CARTESIAN_POINT('',(24.5,-1.99999995,1.0000001));
#2859 = DIRECTION('',(-1.,0.,1.110223024625E-16));
#2860 = DIRECTION('',(0.,-1.,0.));
#2861 = PCURVE('',#72,#2862);
#2862 = DEFINITIONAL_REPRESENTATION('',(#2863),#2867);
#2863 = LINE('',#2864,#2865);
#2864 = CARTESIAN_POINT('',(-4.712388980385,0.));
#2865 = VECTOR('',#2866,1.);
#2866 = DIRECTION('',(1.,0.));
#2867 = ( GEOMETRIC_REPRESENTATION_CONTEXT(2) 
PARAMETRIC_REPRESENTATION_CONTEXT() REPRESENTATION_CONTEXT('2D SPACE',''
  ) );
#2868 = PCURVE('',#252,#2869);
#2869 = DEFINITIONAL_REPRESENTATION('',(#2870),#2874);
#2870 = CIRCLE('',#2871,1.);
#2871 = AXIS2_PLACEMENT_2D('',#2872,#2873);
#2872 = CARTESIAN_POINT('',(1.,1.));
#2873 = DIRECTION('',(0.,-1.));
#2874 = ( GEOMETRIC_REPRESENTATION_CONTEXT(2) 
PARAMETRIC_REPRESENTATION_CONTEXT() REPRESENTATION_CONTEXT('2D SPACE',''
  ) );
#2875 = ORIENTED_EDGE('',*,*,#2613,.T.);
#2876 = ORIENTED_EDGE('',*,*,#2485,.T.);
#2877 = ORIENTED_EDGE('',*,*,#654,.T.);
#2878 = ORIENTED_EDGE('',*,*,#2350,.T.);
#2879 = ORIENTED_EDGE('',*,*,#2254,.T.);
#2880 = ORIENTED_EDGE('',*,*,#2881,.F.);
#2881 = EDGE_CURVE('',#22,#2255,#2882,.T.);
#2882 = SURFACE_CURVE('',#2883,(#2888,#2895),.PCURVE_S1.);
#2883 = CIRCLE('',#2884,1.);
#2884 = AXIS2_PLACEMENT_3D('',#2885,#2886,#2887);
#2885 = CARTESIAN_POINT('',(-24.5,-1.99999995,1.0000001));
#2886 = DIRECTION('',(-1.,0.,1.110223024625E-16));
#2887 = DIRECTION('',(0.,-1.,0.));
#2888 = PCURVE('',#72,#2889);
#2889 = DEFINITIONAL_REPRESENTATION('',(#2890),#2894);
#2890 = LINE('',#2891,#2892);
#2891 = CARTESIAN_POINT('',(-4.712388980385,49.));
#2892 = VECTOR('',#2893,1.);
#2893 = DIRECTION('',(1.,0.));
#2894 = ( GEOMETRIC_REPRESENTATION_CONTEXT(2) 
PARAMETRIC_REPRESENTATION_CONTEXT() REPRESENTATION_CONTEXT('2D SPACE',''
  ) );
#2895 = PCURVE('',#44,#2896);
#2896 = DEFINITIONAL_REPRESENTATION('',(#2897),#2901);
#2897 = CIRCLE('',#2898,1.);
#2898 = AXIS2_PLACEMENT_2D('',#2899,#2900);
#2899 = CARTESIAN_POINT('',(1.,1.));
#2900 = DIRECTION('',(0.,-1.));
#2901 = ( GEOMETRIC_REPRESENTATION_CONTEXT(2) 
PARAMETRIC_REPRESENTATION_CONTEXT() REPRESENTATION_CONTEXT('2D SPACE',''
  ) );
#2902 = ORIENTED_EDGE('',*,*,#56,.F.);
#2903 = ORIENTED_EDGE('',*,*,#344,.T.);
#2904 = ORIENTED_EDGE('',*,*,#137,.F.);
#2905 = ORIENTED_EDGE('',*,*,#2722,.T.);
#2906 = ADVANCED_FACE('',(#2907),#252,.F.);
#2907 = FACE_BOUND('',#2908,.F.);
#2908 = EDGE_LOOP('',(#2909,#2910,#2911,#2912,#2913,#2914,#2915,#2916,
    #2917,#2918,#2919,#2920));
#2909 = ORIENTED_EDGE('',*,*,#236,.F.);
#2910 = ORIENTED_EDGE('',*,*,#2854,.T.);
#2911 = ORIENTED_EDGE('',*,*,#2590,.T.);
#2912 = ORIENTED_EDGE('',*,*,#2433,.T.);
#2913 = ORIENTED_EDGE('',*,*,#1721,.F.);
#2914 = ORIENTED_EDGE('',*,*,#2566,.F.);
#2915 = ORIENTED_EDGE('',*,*,#2179,.T.);
#2916 = ORIENTED_EDGE('',*,*,#1903,.F.);
#2917 = ORIENTED_EDGE('',*,*,#1292,.T.);
#2918 = ORIENTED_EDGE('',*,*,#1344,.T.);
#2919 = ORIENTED_EDGE('',*,*,#1422,.F.);
#2920 = ORIENTED_EDGE('',*,*,#2921,.F.);
#2921 = EDGE_CURVE('',#237,#1423,#2922,.T.);
#2922 = SURFACE_CURVE('',#2923,(#2928,#2939),.PCURVE_S1.);
#2923 = CIRCLE('',#2924,1.);
#2924 = AXIS2_PLACEMENT_3D('',#2925,#2926,#2927);
#2925 = CARTESIAN_POINT('',(24.5,2.00000005,1.0000001));
#2926 = DIRECTION('',(1.,0.,-1.110223024625E-16));
#2927 = DIRECTION('',(0.,-1.,0.));
#2928 = PCURVE('',#252,#2929);
#2929 = DEFINITIONAL_REPRESENTATION('',(#2930),#2938);
#2930 = ( BOUNDED_CURVE() B_SPLINE_CURVE(2,(#2931,#2932,#2933,#2934,
#2935,#2936,#2937),.UNSPECIFIED.,.T.,.F.) B_SPLINE_CURVE_WITH_KNOTS((1,2
    ,2,2,2,1),(-2.094395102393,0.,2.094395102393,4.188790204786,
6.28318530718,8.377580409573),.UNSPECIFIED.) CURVE() 
GEOMETRIC_REPRESENTATION_ITEM() RATIONAL_B_SPLINE_CURVE((1.,0.5,1.,0.5,
1.,0.5,1.)) REPRESENTATION_ITEM('') );
#2931 = CARTESIAN_POINT('',(1.,4.));
#2932 = CARTESIAN_POINT('',(-0.732050807569,4.));
#2933 = CARTESIAN_POINT('',(0.133974596216,5.5));
#2934 = CARTESIAN_POINT('',(1.,7.));
#2935 = CARTESIAN_POINT('',(1.866025403784,5.5));
#2936 = CARTESIAN_POINT('',(2.732050807569,4.));
#2937 = CARTESIAN_POINT('',(1.,4.));
#2938 = ( GEOMETRIC_REPRESENTATION_CONTEXT(2) 
PARAMETRIC_REPRESENTATION_CONTEXT() REPRESENTATION_CONTEXT('2D SPACE',''
  ) );
#2939 = PCURVE('',#278,#2940);
#2940 = DEFINITIONAL_REPRESENTATION('',(#2941),#2945);
#2941 = LINE('',#2942,#2943);
#2942 = CARTESIAN_POINT('',(1.570796326795,-0.));
#2943 = VECTOR('',#2944,1.);
#2944 = DIRECTION('',(-1.,0.));
#2945 = ( GEOMETRIC_REPRESENTATION_CONTEXT(2) 
PARAMETRIC_REPRESENTATION_CONTEXT() REPRESENTATION_CONTEXT('2D SPACE',''
  ) );
#2946 = ADVANCED_FACE('',(#2947),#278,.T.);
#2947 = FACE_BOUND('',#2948,.F.);
#2948 = EDGE_LOOP('',(#2949,#2950,#2951,#2977));
#2949 = ORIENTED_EDGE('',*,*,#2921,.T.);
#2950 = ORIENTED_EDGE('',*,*,#1445,.T.);
#2951 = ORIENTED_EDGE('',*,*,#2952,.F.);
#2952 = EDGE_CURVE('',#24,#1446,#2953,.T.);
#2953 = SURFACE_CURVE('',#2954,(#2959,#2966),.PCURVE_S1.);
#2954 = CIRCLE('',#2955,1.);
#2955 = AXIS2_PLACEMENT_3D('',#2956,#2957,#2958);
#2956 = CARTESIAN_POINT('',(-24.5,2.00000005,1.0000001));
#2957 = DIRECTION('',(1.,0.,-1.110223024625E-16));
#2958 = DIRECTION('',(0.,-1.,0.));
#2959 = PCURVE('',#278,#2960);
#2960 = DEFINITIONAL_REPRESENTATION('',(#2961),#2965);
#2961 = LINE('',#2962,#2963);
#2962 = CARTESIAN_POINT('',(1.570796326795,49.));
#2963 = VECTOR('',#2964,1.);
#2964 = DIRECTION('',(-1.,0.));
#2965 = ( GEOMETRIC_REPRESENTATION_CONTEXT(2) 
PARAMETRIC_REPRESENTATION_CONTEXT() REPRESENTATION_CONTEXT('2D SPACE',''
  ) );
#2966 = PCURVE('',#44,#2967);
#2967 = DEFINITIONAL_REPRESENTATION('',(#2968),#2976);
#2968 = ( BOUNDED_CURVE() B_SPLINE_CURVE(2,(#2969,#2970,#2971,#2972,
#2973,#2974,#2975),.UNSPECIFIED.,.T.,.F.) B_SPLINE_CURVE_WITH_KNOTS((1,2
    ,2,2,2,1),(-2.094395102393,0.,2.094395102393,4.188790204786,
6.28318530718,8.377580409573),.UNSPECIFIED.) CURVE() 
GEOMETRIC_REPRESENTATION_ITEM() RATIONAL_B_SPLINE_CURVE((1.,0.5,1.,0.5,
1.,0.5,1.)) REPRESENTATION_ITEM('') );
#2969 = CARTESIAN_POINT('',(1.,4.));
#2970 = CARTESIAN_POINT('',(-0.732050807569,4.));
#2971 = CARTESIAN_POINT('',(0.133974596216,5.5));
#2972 = CARTESIAN_POINT('',(1.,7.));
#2973 = CARTESIAN_POINT('',(1.866025403784,5.5));
#2974 = CARTESIAN_POINT('',(2.732050807569,4.));
#2975 = CARTESIAN_POINT('',(1.,4.));
#2976 = ( GEOMETRIC_REPRESENTATION_CONTEXT(2) 
PARAMETRIC_REPRESENTATION_CONTEXT() REPRESENTATION_CONTEXT('2D SPACE',''
  ) );
#2977 = ORIENTED_EDGE('',*,*,#264,.F.);
#2978 = ADVANCED_FACE('',(#2979),#44,.T.);
#2979 = FACE_BOUND('',#2980,.T.);
#2980 = EDGE_LOOP('',(#2981,#2982,#2983,#2984,#2985,#2986,#2987,#2988));
#2981 = ORIENTED_EDGE('',*,*,#21,.F.);
#2982 = ORIENTED_EDGE('',*,*,#2881,.T.);
#2983 = ORIENTED_EDGE('',*,*,#2277,.T.);
#2984 = ORIENTED_EDGE('',*,*,#2146,.F.);
#2985 = ORIENTED_EDGE('',*,*,#1150,.T.);
#2986 = ORIENTED_EDGE('',*,*,#1396,.T.);
#2987 = ORIENTED_EDGE('',*,*,#1468,.F.);
#2988 = ORIENTED_EDGE('',*,*,#2952,.F.);
#2989 = ( GEOMETRIC_REPRESENTATION_CONTEXT(3) 
GLOBAL_UNCERTAINTY_ASSIGNED_CONTEXT((#2993)) 
GLOBAL_UNIT_ASSIGNED_CONTEXT((#2990,#2991,#2992)) REPRESENTATION_CONTEXT
('Context #1','3D Context with UNIT and UNCERTAINTY') );
#2990 = ( LENGTH_UNIT() NAMED_UNIT(*) SI_UNIT(.MILLI.,.METRE.) );
#2991 = ( NAMED_UNIT(*) PLANE_ANGLE_UNIT() SI_UNIT($,.RADIAN.) );
#2992 = ( NAMED_UNIT(*) SI_UNIT($,.STERADIAN.) SOLID_ANGLE_UNIT() );
#2993 = UNCERTAINTY_MEASURE_WITH_UNIT(LENGTH_MEASURE(1.E-07),#2990,
  'distance_accuracy_value','confusion accuracy');
#2994 = PRODUCT_RELATED_PRODUCT_CATEGORY('part',$,(#7));
ENDSEC;
END-ISO-10303-21;
