ISO-10303-21;
HEADER;
FILE_DESCRIPTION(('Open CASCADE Model'),'2;1');
FILE_NAME('Open CASCADE Shape Model','2026-10-09T10:52:38',('Author'),(
    'Open CASCADE'),'Open CASCADE STEP processor 7.9','Open CASCADE 7.9'
  ,'Unknown');
FILE_SCHEMA(('AUTOMOTIVE_DESIGN { 1 0 10303 214 1 1 1 1 }'));
ENDSEC;
DATA;
#1 = APPLICATION_PROTOCOL_DEFINITION('international standard',
  'automotive_design',2000,#2);
#2 = APPLICATION_CONTEXT(
  'core data for automotive mechanical design processes');
#3 = SHAPE_DEFINITION_REPRESENTATION(#4,#10);
#4 = PRODUCT_DEFINITION_SHAPE('','',#5);
#5 = PRODUCT_DEFINITION('design','',#6,#9);
#6 = PRODUCT_DEFINITION_FORMATION('','',#7);
#7 = PRODUCT('Open CASCADE STEP translator 7.9 10',
  'Open CASCADE STEP translator 7.9 10','',(#8));
#8 = PRODUCT_CONTEXT('',#2,'mechanical');
#9 = PRODUCT_DEFINITION_CONTEXT('part definition',#2,'design');
#10 = ADVANCED_BREP_SHAPE_REPRESENTATION('',(#11,#15),#2975);
#11 = AXIS2_PLACEMENT_3D('',#12,#13,#14);
#12 = CARTESIAN_POINT('',(0.,0.,0.));
#13 = DIRECTION('',(0.,0.,1.));
#14 = DIRECTION('',(1.,0.,-0.));
#15 = MANIFOLD_SOLID_BREP('',#16);
#16 = CLOSED_SHELL('',(#17,#289,#596,#650,#910,#1407,#1459,#1511,#1600,
    #1627,#1806,#2293,#2320,#2394,#2425,#2431,#2532,#2633,#2682,#2715,
    #2767,#2826,#2876,#2903,#2932,#2961,#2968));
#17 = ADVANCED_FACE('',(#18),#32,.F.);
#18 = FACE_BOUND('',#19,.F.);
#19 = EDGE_LOOP('',(#20,#55,#83,#112,#136,#159,#188,#212,#235,#263));
#20 = ORIENTED_EDGE('',*,*,#21,.F.);
#21 = EDGE_CURVE('',#22,#24,#26,.T.);
#22 = VERTEX_POINT('',#23);
#23 = CARTESIAN_POINT('',(-19.,-1.99999995,9.999999406318E-08));
#24 = VERTEX_POINT('',#25);
#25 = CARTESIAN_POINT('',(-19.,2.00000005,9.999999406318E-08));
#26 = SURFACE_CURVE('',#27,(#31,#43),.PCURVE_S1.);
#27 = LINE('',#28,#29);
#28 = CARTESIAN_POINT('',(-19.,-2.99999995,9.999999406318E-08));
#29 = VECTOR('',#30,1.);
#30 = DIRECTION('',(0.,1.,0.));
#31 = PCURVE('',#32,#37);
#32 = PLANE('',#33);
#33 = AXIS2_PLACEMENT_3D('',#34,#35,#36);
#34 = CARTESIAN_POINT('',(19.,-2.99999995,9.999999406318E-08));
#35 = DIRECTION('',(1.110223024625E-16,0.,1.));
#36 = DIRECTION('',(-1.,0.,1.110223024625E-16));
#37 = DEFINITIONAL_REPRESENTATION('',(#38),#42);
#38 = LINE('',#39,#40);
#39 = CARTESIAN_POINT('',(38.,0.));
#40 = VECTOR('',#41,1.);
#41 = DIRECTION('',(0.,-1.));
#42 = ( GEOMETRIC_REPRESENTATION_CONTEXT(2) 
PARAMETRIC_REPRESENTATION_CONTEXT() REPRESENTATION_CONTEXT('2D SPACE',''
  ) );
#43 = PCURVE('',#44,#49);
#44 = PLANE('',#45);
#45 = AXIS2_PLACEMENT_3D('',#46,#47,#48);
#46 = CARTESIAN_POINT('',(-19.,-2.99999995,9.999999406318E-08));
#47 = DIRECTION('',(-1.,0.,1.110223024625E-16));
#48 = DIRECTION('',(1.110223024625E-16,0.,1.));
#49 = DEFINITIONAL_REPRESENTATION('',(#50),#54);
#50 = LINE('',#51,#52);
#51 = CARTESIAN_POINT('',(0.,0.));
#52 = VECTOR('',#53,1.);
#53 = DIRECTION('',(0.,1.));
#54 = ( GEOMETRIC_REPRESENTATION_CONTEXT(2) 
PARAMETRIC_REPRESENTATION_CONTEXT() REPRESENTATION_CONTEXT('2D SPACE',''
  ) );
#55 = ORIENTED_EDGE('',*,*,#56,.F.);
#56 = EDGE_CURVE('',#57,#22,#59,.T.);
#57 = VERTEX_POINT('',#58);
#58 = CARTESIAN_POINT('',(5.625227291513,-1.99999995,9.999999406318E-08)
  );
#59 = SURFACE_CURVE('',#60,(#64,#71),.PCURVE_S1.);
#60 = LINE('',#61,#62);
#61 = CARTESIAN_POINT('',(19.,-1.99999995,9.999999406318E-08));
#62 = VECTOR('',#63,1.);
#63 = DIRECTION('',(-1.,0.,1.110223024625E-16));
#64 = PCURVE('',#32,#65);
#65 = DEFINITIONAL_REPRESENTATION('',(#66),#70);
#66 = LINE('',#67,#68);
#67 = CARTESIAN_POINT('',(0.,-1.));
#68 = VECTOR('',#69,1.);
#69 = DIRECTION('',(1.,0.));
#70 = ( GEOMETRIC_REPRESENTATION_CONTEXT(2) 
PARAMETRIC_REPRESENTATION_CONTEXT() REPRESENTATION_CONTEXT('2D SPACE',''
  ) );
#71 = PCURVE('',#72,#77);
#72 = CYLINDRICAL_SURFACE('',#73,1.);
#73 = AXIS2_PLACEMENT_3D('',#74,#75,#76);
#74 = CARTESIAN_POINT('',(19.,-1.99999995,1.0000001));
#75 = DIRECTION('',(-1.,0.,1.110223024625E-16));
#76 = DIRECTION('',(-1.110223024625E-16,0.,-1.));
#77 = DEFINITIONAL_REPRESENTATION('',(#78),#82);
#78 = LINE('',#79,#80);
#79 = CARTESIAN_POINT('',(0.,0.));
#80 = VECTOR('',#81,1.);
#81 = DIRECTION('',(0.,1.));
#82 = ( GEOMETRIC_REPRESENTATION_CONTEXT(2) 
PARAMETRIC_REPRESENTATION_CONTEXT() REPRESENTATION_CONTEXT('2D SPACE',''
  ) );
#83 = ORIENTED_EDGE('',*,*,#84,.F.);
#84 = EDGE_CURVE('',#85,#57,#87,.T.);
#85 = VERTEX_POINT('',#86);
#86 = CARTESIAN_POINT('',(5.3,-0.99999995,9.999999406318E-08));
#87 = SURFACE_CURVE('',#88,(#93,#100),.PCURVE_S1.);
#88 = CIRCLE('',#89,1.7);
#89 = AXIS2_PLACEMENT_3D('',#90,#91,#92);
#90 = CARTESIAN_POINT('',(7.,-0.99999995,9.999999406318E-08));
#91 = DIRECTION('',(1.110223024625E-16,0.,1.));
#92 = DIRECTION('',(-1.,0.,1.110223024625E-16));
#93 = PCURVE('',#32,#94);
#94 = DEFINITIONAL_REPRESENTATION('',(#95),#99);
#95 = CIRCLE('',#96,1.7);
#96 = AXIS2_PLACEMENT_2D('',#97,#98);
#97 = CARTESIAN_POINT('',(12.,-2.));
#98 = DIRECTION('',(1.,0.));
#99 = ( GEOMETRIC_REPRESENTATION_CONTEXT(2) 
PARAMETRIC_REPRESENTATION_CONTEXT() REPRESENTATION_CONTEXT('2D SPACE',''
  ) );
#100 = PCURVE('',#101,#106);
#101 = CYLINDRICAL_SURFACE('',#102,1.7);
#102 = AXIS2_PLACEMENT_3D('',#103,#104,#105);
#103 = CARTESIAN_POINT('',(7.,-0.99999995,-0.9999999));
#104 = DIRECTION('',(1.110223024625E-16,0.,1.));
#105 = DIRECTION('',(-1.,0.,1.110223024625E-16));
#106 = DEFINITIONAL_REPRESENTATION('',(#107),#111);
#107 = LINE('',#108,#109);
#108 = CARTESIAN_POINT('',(0.,1.));
#109 = VECTOR('',#110,1.);
#110 = DIRECTION('',(1.,0.));
#111 = ( GEOMETRIC_REPRESENTATION_CONTEXT(2) 
PARAMETRIC_REPRESENTATION_CONTEXT() REPRESENTATION_CONTEXT('2D SPACE',''
  ) );
#112 = ORIENTED_EDGE('',*,*,#113,.F.);
#113 = EDGE_CURVE('',#114,#85,#116,.T.);
#114 = VERTEX_POINT('',#115);
#115 = CARTESIAN_POINT('',(8.374772708487,-1.99999995,9.999999406318E-08
    ));
#116 = SURFACE_CURVE('',#117,(#122,#129),.PCURVE_S1.);
#117 = CIRCLE('',#118,1.7);
#118 = AXIS2_PLACEMENT_3D('',#119,#120,#121);
#119 = CARTESIAN_POINT('',(7.,-0.99999995,9.999999406318E-08));
#120 = DIRECTION('',(1.110223024625E-16,0.,1.));
#121 = DIRECTION('',(-1.,0.,1.110223024625E-16));
#122 = PCURVE('',#32,#123);
#123 = DEFINITIONAL_REPRESENTATION('',(#124),#128);
#124 = CIRCLE('',#125,1.7);
#125 = AXIS2_PLACEMENT_2D('',#126,#127);
#126 = CARTESIAN_POINT('',(12.,-2.));
#127 = DIRECTION('',(1.,0.));
#128 = ( GEOMETRIC_REPRESENTATION_CONTEXT(2) 
PARAMETRIC_REPRESENTATION_CONTEXT() REPRESENTATION_CONTEXT('2D SPACE',''
  ) );
#129 = PCURVE('',#101,#130);
#130 = DEFINITIONAL_REPRESENTATION('',(#131),#135);
#131 = LINE('',#132,#133);
#132 = CARTESIAN_POINT('',(0.,1.));
#133 = VECTOR('',#134,1.);
#134 = DIRECTION('',(1.,0.));
#135 = ( GEOMETRIC_REPRESENTATION_CONTEXT(2) 
PARAMETRIC_REPRESENTATION_CONTEXT() REPRESENTATION_CONTEXT('2D SPACE',''
  ) );
#136 = ORIENTED_EDGE('',*,*,#137,.F.);
#137 = EDGE_CURVE('',#138,#114,#140,.T.);
#138 = VERTEX_POINT('',#139);
#139 = CARTESIAN_POINT('',(13.625227291513,-1.99999995,
    9.999999406318E-08));
#140 = SURFACE_CURVE('',#141,(#145,#152),.PCURVE_S1.);
#141 = LINE('',#142,#143);
#142 = CARTESIAN_POINT('',(19.,-1.99999995,9.999999406318E-08));
#143 = VECTOR('',#144,1.);
#144 = DIRECTION('',(-1.,0.,1.110223024625E-16));
#145 = PCURVE('',#32,#146);
#146 = DEFINITIONAL_REPRESENTATION('',(#147),#151);
#147 = LINE('',#148,#149);
#148 = CARTESIAN_POINT('',(0.,-1.));
#149 = VECTOR('',#150,1.);
#150 = DIRECTION('',(1.,0.));
#151 = ( GEOMETRIC_REPRESENTATION_CONTEXT(2) 
PARAMETRIC_REPRESENTATION_CONTEXT() REPRESENTATION_CONTEXT('2D SPACE',''
  ) );
#152 = PCURVE('',#72,#153);
#153 = DEFINITIONAL_REPRESENTATION('',(#154),#158);
#154 = LINE('',#155,#156);
#155 = CARTESIAN_POINT('',(0.,0.));
#156 = VECTOR('',#157,1.);
#157 = DIRECTION('',(0.,1.));
#158 = ( GEOMETRIC_REPRESENTATION_CONTEXT(2) 
PARAMETRIC_REPRESENTATION_CONTEXT() REPRESENTATION_CONTEXT('2D SPACE',''
  ) );
#159 = ORIENTED_EDGE('',*,*,#160,.F.);
#160 = EDGE_CURVE('',#161,#138,#163,.T.);
#161 = VERTEX_POINT('',#162);
#162 = CARTESIAN_POINT('',(13.3,-0.99999995,9.999999406318E-08));
#163 = SURFACE_CURVE('',#164,(#169,#176),.PCURVE_S1.);
#164 = CIRCLE('',#165,1.7);
#165 = AXIS2_PLACEMENT_3D('',#166,#167,#168);
#166 = CARTESIAN_POINT('',(15.,-0.99999995,9.999999406318E-08));
#167 = DIRECTION('',(1.110223024625E-16,0.,1.));
#168 = DIRECTION('',(-1.,0.,1.110223024625E-16));
#169 = PCURVE('',#32,#170);
#170 = DEFINITIONAL_REPRESENTATION('',(#171),#175);
#171 = CIRCLE('',#172,1.7);
#172 = AXIS2_PLACEMENT_2D('',#173,#174);
#173 = CARTESIAN_POINT('',(4.,-2.));
#174 = DIRECTION('',(1.,0.));
#175 = ( GEOMETRIC_REPRESENTATION_CONTEXT(2) 
PARAMETRIC_REPRESENTATION_CONTEXT() REPRESENTATION_CONTEXT('2D SPACE',''
  ) );
#176 = PCURVE('',#177,#182);
#177 = CYLINDRICAL_SURFACE('',#178,1.7);
#178 = AXIS2_PLACEMENT_3D('',#179,#180,#181);
#179 = CARTESIAN_POINT('',(15.,-0.99999995,-0.9999999));
#180 = DIRECTION('',(1.110223024625E-16,0.,1.));
#181 = DIRECTION('',(-1.,0.,1.110223024625E-16));
#182 = DEFINITIONAL_REPRESENTATION('',(#183),#187);
#183 = LINE('',#184,#185);
#184 = CARTESIAN_POINT('',(0.,1.));
#185 = VECTOR('',#186,1.);
#186 = DIRECTION('',(1.,0.));
#187 = ( GEOMETRIC_REPRESENTATION_CONTEXT(2) 
PARAMETRIC_REPRESENTATION_CONTEXT() REPRESENTATION_CONTEXT('2D SPACE',''
  ) );
#188 = ORIENTED_EDGE('',*,*,#189,.F.);
#189 = EDGE_CURVE('',#190,#161,#192,.T.);
#190 = VERTEX_POINT('',#191);
#191 = CARTESIAN_POINT('',(16.374772708487,-1.99999995,
    9.999999406318E-08));
#192 = SURFACE_CURVE('',#193,(#198,#205),.PCURVE_S1.);
#193 = CIRCLE('',#194,1.7);
#194 = AXIS2_PLACEMENT_3D('',#195,#196,#197);
#195 = CARTESIAN_POINT('',(15.,-0.99999995,9.999999406318E-08));
#196 = DIRECTION('',(1.110223024625E-16,0.,1.));
#197 = DIRECTION('',(-1.,0.,1.110223024625E-16));
#198 = PCURVE('',#32,#199);
#199 = DEFINITIONAL_REPRESENTATION('',(#200),#204);
#200 = CIRCLE('',#201,1.7);
#201 = AXIS2_PLACEMENT_2D('',#202,#203);
#202 = CARTESIAN_POINT('',(4.,-2.));
#203 = DIRECTION('',(1.,0.));
#204 = ( GEOMETRIC_REPRESENTATION_CONTEXT(2) 
PARAMETRIC_REPRESENTATION_CONTEXT() REPRESENTATION_CONTEXT('2D SPACE',''
  ) );
#205 = PCURVE('',#177,#206);
#206 = DEFINITIONAL_REPRESENTATION('',(#207),#211);
#207 = LINE('',#208,#209);
#208 = CARTESIAN_POINT('',(0.,1.));
#209 = VECTOR('',#210,1.);
#210 = DIRECTION('',(1.,0.));
#211 = ( GEOMETRIC_REPRESENTATION_CONTEXT(2) 
PARAMETRIC_REPRESENTATION_CONTEXT() REPRESENTATION_CONTEXT('2D SPACE',''
  ) );
#212 = ORIENTED_EDGE('',*,*,#213,.F.);
#213 = EDGE_CURVE('',#214,#190,#216,.T.);
#214 = VERTEX_POINT('',#215);
#215 = CARTESIAN_POINT('',(19.,-1.99999995,9.999999406318E-08));
#216 = SURFACE_CURVE('',#217,(#221,#228),.PCURVE_S1.);
#217 = LINE('',#218,#219);
#218 = CARTESIAN_POINT('',(19.,-1.99999995,9.999999406318E-08));
#219 = VECTOR('',#220,1.);
#220 = DIRECTION('',(-1.,0.,1.110223024625E-16));
#221 = PCURVE('',#32,#222);
#222 = DEFINITIONAL_REPRESENTATION('',(#223),#227);
#223 = LINE('',#224,#225);
#224 = CARTESIAN_POINT('',(0.,-1.));
#225 = VECTOR('',#226,1.);
#226 = DIRECTION('',(1.,0.));
#227 = ( GEOMETRIC_REPRESENTATION_CONTEXT(2) 
PARAMETRIC_REPRESENTATION_CONTEXT() REPRESENTATION_CONTEXT('2D SPACE',''
  ) );
#228 = PCURVE('',#72,#229);
#229 = DEFINITIONAL_REPRESENTATION('',(#230),#234);
#230 = LINE('',#231,#232);
#231 = CARTESIAN_POINT('',(0.,0.));
#232 = VECTOR('',#233,1.);
#233 = DIRECTION('',(0.,1.));
#234 = ( GEOMETRIC_REPRESENTATION_CONTEXT(2) 
PARAMETRIC_REPRESENTATION_CONTEXT() REPRESENTATION_CONTEXT('2D SPACE',''
  ) );
#235 = ORIENTED_EDGE('',*,*,#236,.T.);
#236 = EDGE_CURVE('',#214,#237,#239,.T.);
#237 = VERTEX_POINT('',#238);
#238 = CARTESIAN_POINT('',(19.,2.00000005,9.999999406318E-08));
#239 = SURFACE_CURVE('',#240,(#244,#251),.PCURVE_S1.);
#240 = LINE('',#241,#242);
#241 = CARTESIAN_POINT('',(19.,-2.99999995,9.999999406318E-08));
#242 = VECTOR('',#243,1.);
#243 = DIRECTION('',(0.,1.,0.));
#244 = PCURVE('',#32,#245);
#245 = DEFINITIONAL_REPRESENTATION('',(#246),#250);
#246 = LINE('',#247,#248);
#247 = CARTESIAN_POINT('',(0.,0.));
#248 = VECTOR('',#249,1.);
#249 = DIRECTION('',(0.,-1.));
#250 = ( GEOMETRIC_REPRESENTATION_CONTEXT(2) 
PARAMETRIC_REPRESENTATION_CONTEXT() REPRESENTATION_CONTEXT('2D SPACE',''
  ) );
#251 = PCURVE('',#252,#257);
#252 = PLANE('',#253);
#253 = AXIS2_PLACEMENT_3D('',#254,#255,#256);
#254 = CARTESIAN_POINT('',(19.,-2.99999995,9.999999406318E-08));
#255 = DIRECTION('',(-1.,0.,1.110223024625E-16));
#256 = DIRECTION('',(1.110223024625E-16,0.,1.));
#257 = DEFINITIONAL_REPRESENTATION('',(#258),#262);
#258 = LINE('',#259,#260);
#259 = CARTESIAN_POINT('',(0.,0.));
#260 = VECTOR('',#261,1.);
#261 = DIRECTION('',(0.,1.));
#262 = ( GEOMETRIC_REPRESENTATION_CONTEXT(2) 
PARAMETRIC_REPRESENTATION_CONTEXT() REPRESENTATION_CONTEXT('2D SPACE',''
  ) );
#263 = ORIENTED_EDGE('',*,*,#264,.T.);
#264 = EDGE_CURVE('',#237,#24,#265,.T.);
#265 = SURFACE_CURVE('',#266,(#270,#277),.PCURVE_S1.);
#266 = LINE('',#267,#268);
#267 = CARTESIAN_POINT('',(19.,2.00000005,9.999999406318E-08));
#268 = VECTOR('',#269,1.);
#269 = DIRECTION('',(-1.,0.,1.110223024625E-16));
#270 = PCURVE('',#32,#271);
#271 = DEFINITIONAL_REPRESENTATION('',(#272),#276);
#272 = LINE('',#273,#274);
#273 = CARTESIAN_POINT('',(0.,-5.));
#274 = VECTOR('',#275,1.);
#275 = DIRECTION('',(1.,0.));
#276 = ( GEOMETRIC_REPRESENTATION_CONTEXT(2) 
PARAMETRIC_REPRESENTATION_CONTEXT() REPRESENTATION_CONTEXT('2D SPACE',''
  ) );
#277 = PCURVE('',#278,#283);
#278 = CYLINDRICAL_SURFACE('',#279,1.);
#279 = AXIS2_PLACEMENT_3D('',#280,#281,#282);
#280 = CARTESIAN_POINT('',(19.,2.00000005,1.0000001));
#281 = DIRECTION('',(-1.,0.,1.110223024625E-16));
#282 = DIRECTION('',(-1.110223024625E-16,0.,-1.));
#283 = DEFINITIONAL_REPRESENTATION('',(#284),#288);
#284 = LINE('',#285,#286);
#285 = CARTESIAN_POINT('',(-0.,0.));
#286 = VECTOR('',#287,1.);
#287 = DIRECTION('',(-0.,1.));
#288 = ( GEOMETRIC_REPRESENTATION_CONTEXT(2) 
PARAMETRIC_REPRESENTATION_CONTEXT() REPRESENTATION_CONTEXT('2D SPACE',''
  ) );
#289 = ADVANCED_FACE('',(#290),#44,.T.);
#290 = FACE_BOUND('',#291,.T.);
#291 = EDGE_LOOP('',(#292,#293,#317,#345,#373,#401,#424,#452,#485,#513,
    #542,#570));
#292 = ORIENTED_EDGE('',*,*,#21,.F.);
#293 = ORIENTED_EDGE('',*,*,#294,.T.);
#294 = EDGE_CURVE('',#22,#295,#297,.T.);
#295 = VERTEX_POINT('',#296);
#296 = CARTESIAN_POINT('',(-19.,-2.99999995,1.0000001));
#297 = SURFACE_CURVE('',#298,(#303,#310),.PCURVE_S1.);
#298 = CIRCLE('',#299,1.);
#299 = AXIS2_PLACEMENT_3D('',#300,#301,#302);
#300 = CARTESIAN_POINT('',(-19.,-1.99999995,1.0000001));
#301 = DIRECTION('',(-1.,0.,1.110223024625E-16));
#302 = DIRECTION('',(0.,-1.,0.));
#303 = PCURVE('',#44,#304);
#304 = DEFINITIONAL_REPRESENTATION('',(#305),#309);
#305 = CIRCLE('',#306,1.);
#306 = AXIS2_PLACEMENT_2D('',#307,#308);
#307 = CARTESIAN_POINT('',(1.,1.));
#308 = DIRECTION('',(0.,-1.));
#309 = ( GEOMETRIC_REPRESENTATION_CONTEXT(2) 
PARAMETRIC_REPRESENTATION_CONTEXT() REPRESENTATION_CONTEXT('2D SPACE',''
  ) );
#310 = PCURVE('',#72,#311);
#311 = DEFINITIONAL_REPRESENTATION('',(#312),#316);
#312 = LINE('',#313,#314);
#313 = CARTESIAN_POINT('',(-4.712388980385,38.));
#314 = VECTOR('',#315,1.);
#315 = DIRECTION('',(1.,0.));
#316 = ( GEOMETRIC_REPRESENTATION_CONTEXT(2) 
PARAMETRIC_REPRESENTATION_CONTEXT() REPRESENTATION_CONTEXT('2D SPACE',''
  ) );
#317 = ORIENTED_EDGE('',*,*,#318,.T.);
#318 = EDGE_CURVE('',#295,#319,#321,.T.);
#319 = VERTEX_POINT('',#320);
#320 = CARTESIAN_POINT('',(-19.,-2.99999995,2.625227391513));
#321 = SURFACE_CURVE('',#322,(#326,#333),.PCURVE_S1.);
#322 = LINE('',#323,#324);
#323 = CARTESIAN_POINT('',(-19.,-2.99999995,9.999999406318E-08));
#324 = VECTOR('',#325,1.);
#325 = DIRECTION('',(1.110223024625E-16,0.,1.));
#326 = PCURVE('',#44,#327);
#327 = DEFINITIONAL_REPRESENTATION('',(#328),#332);
#328 = LINE('',#329,#330);
#329 = CARTESIAN_POINT('',(0.,0.));
#330 = VECTOR('',#331,1.);
#331 = DIRECTION('',(1.,0.));
#332 = ( GEOMETRIC_REPRESENTATION_CONTEXT(2) 
PARAMETRIC_REPRESENTATION_CONTEXT() REPRESENTATION_CONTEXT('2D SPACE',''
  ) );
#333 = PCURVE('',#334,#339);
#334 = PLANE('',#335);
#335 = AXIS2_PLACEMENT_3D('',#336,#337,#338);
#336 = CARTESIAN_POINT('',(19.,-2.99999995,9.999999406318E-08));
#337 = DIRECTION('',(0.,1.,0.));
#338 = DIRECTION('',(-1.,0.,1.110223024625E-16));
#339 = DEFINITIONAL_REPRESENTATION('',(#340),#344);
#340 = LINE('',#341,#342);
#341 = CARTESIAN_POINT('',(38.,-4.218847493576E-15));
#342 = VECTOR('',#343,1.);
#343 = DIRECTION('',(0.,1.));
#344 = ( GEOMETRIC_REPRESENTATION_CONTEXT(2) 
PARAMETRIC_REPRESENTATION_CONTEXT() REPRESENTATION_CONTEXT('2D SPACE',''
  ) );
#345 = ORIENTED_EDGE('',*,*,#346,.T.);
#346 = EDGE_CURVE('',#319,#347,#349,.T.);
#347 = VERTEX_POINT('',#348);
#348 = CARTESIAN_POINT('',(-19.,5.00000005843E-08,2.625227391513));
#349 = SURFACE_CURVE('',#350,(#354,#361),.PCURVE_S1.);
#350 = LINE('',#351,#352);
#351 = CARTESIAN_POINT('',(-19.,-3.99999995,2.625227391513));
#352 = VECTOR('',#353,1.);
#353 = DIRECTION('',(0.,1.,0.));
#354 = PCURVE('',#44,#355);
#355 = DEFINITIONAL_REPRESENTATION('',(#356),#360);
#356 = LINE('',#357,#358);
#357 = CARTESIAN_POINT('',(2.625227291513,-1.));
#358 = VECTOR('',#359,1.);
#359 = DIRECTION('',(0.,1.));
#360 = ( GEOMETRIC_REPRESENTATION_CONTEXT(2) 
PARAMETRIC_REPRESENTATION_CONTEXT() REPRESENTATION_CONTEXT('2D SPACE',''
  ) );
#361 = PCURVE('',#362,#367);
#362 = CYLINDRICAL_SURFACE('',#363,3.3);
#363 = AXIS2_PLACEMENT_3D('',#364,#365,#366);
#364 = CARTESIAN_POINT('',(-16.,-3.99999995,4.0000001));
#365 = DIRECTION('',(0.,1.,0.));
#366 = DIRECTION('',(-1.,0.,1.110223024625E-16));
#367 = DEFINITIONAL_REPRESENTATION('',(#368),#372);
#368 = LINE('',#369,#370);
#369 = CARTESIAN_POINT('',(5.853485641028,0.));
#370 = VECTOR('',#371,1.);
#371 = DIRECTION('',(0.,1.));
#372 = ( GEOMETRIC_REPRESENTATION_CONTEXT(2) 
PARAMETRIC_REPRESENTATION_CONTEXT() REPRESENTATION_CONTEXT('2D SPACE',''
  ) );
#373 = ORIENTED_EDGE('',*,*,#374,.F.);
#374 = EDGE_CURVE('',#375,#347,#377,.T.);
#375 = VERTEX_POINT('',#376);
#376 = CARTESIAN_POINT('',(-19.,5.00000005843E-08,5.374772808487));
#377 = SURFACE_CURVE('',#378,(#382,#389),.PCURVE_S1.);
#378 = LINE('',#379,#380);
#379 = CARTESIAN_POINT('',(-19.,5.00000005843E-08,2.0000001));
#380 = VECTOR('',#381,1.);
#381 = DIRECTION('',(-1.110223024625E-16,0.,-1.));
#382 = PCURVE('',#44,#383);
#383 = DEFINITIONAL_REPRESENTATION('',(#384),#388);
#384 = LINE('',#385,#386);
#385 = CARTESIAN_POINT('',(2.,3.));
#386 = VECTOR('',#387,1.);
#387 = DIRECTION('',(-1.,0.));
#388 = ( GEOMETRIC_REPRESENTATION_CONTEXT(2) 
PARAMETRIC_REPRESENTATION_CONTEXT() REPRESENTATION_CONTEXT('2D SPACE',''
  ) );
#389 = PCURVE('',#390,#395);
#390 = PLANE('',#391);
#391 = AXIS2_PLACEMENT_3D('',#392,#393,#394);
#392 = CARTESIAN_POINT('',(-16.,5.00000005843E-08,4.0000001));
#393 = DIRECTION('',(0.,1.,0.));
#394 = DIRECTION('',(-1.,0.,1.110223024625E-16));
#395 = DEFINITIONAL_REPRESENTATION('',(#396),#400);
#396 = LINE('',#397,#398);
#397 = CARTESIAN_POINT('',(3.,-2.));
#398 = VECTOR('',#399,1.);
#399 = DIRECTION('',(0.,-1.));
#400 = ( GEOMETRIC_REPRESENTATION_CONTEXT(2) 
PARAMETRIC_REPRESENTATION_CONTEXT() REPRESENTATION_CONTEXT('2D SPACE',''
  ) );
#401 = ORIENTED_EDGE('',*,*,#402,.F.);
#402 = EDGE_CURVE('',#403,#375,#405,.T.);
#403 = VERTEX_POINT('',#404);
#404 = CARTESIAN_POINT('',(-19.,-2.99999995,5.374772808487));
#405 = SURFACE_CURVE('',#406,(#410,#417),.PCURVE_S1.);
#406 = LINE('',#407,#408);
#407 = CARTESIAN_POINT('',(-19.,-3.99999995,5.374772808487));
#408 = VECTOR('',#409,1.);
#409 = DIRECTION('',(0.,1.,0.));
#410 = PCURVE('',#44,#411);
#411 = DEFINITIONAL_REPRESENTATION('',(#412),#416);
#412 = LINE('',#413,#414);
#413 = CARTESIAN_POINT('',(5.374772708487,-1.));
#414 = VECTOR('',#415,1.);
#415 = DIRECTION('',(0.,1.));
#416 = ( GEOMETRIC_REPRESENTATION_CONTEXT(2) 
PARAMETRIC_REPRESENTATION_CONTEXT() REPRESENTATION_CONTEXT('2D SPACE',''
  ) );
#417 = PCURVE('',#362,#418);
#418 = DEFINITIONAL_REPRESENTATION('',(#419),#423);
#419 = LINE('',#420,#421);
#420 = CARTESIAN_POINT('',(0.429699666151,0.));
#421 = VECTOR('',#422,1.);
#422 = DIRECTION('',(0.,1.));
#423 = ( GEOMETRIC_REPRESENTATION_CONTEXT(2) 
PARAMETRIC_REPRESENTATION_CONTEXT() REPRESENTATION_CONTEXT('2D SPACE',''
  ) );
#424 = ORIENTED_EDGE('',*,*,#425,.T.);
#425 = EDGE_CURVE('',#403,#426,#428,.T.);
#426 = VERTEX_POINT('',#427);
#427 = CARTESIAN_POINT('',(-19.,-2.99999995,7.0000001));
#428 = SURFACE_CURVE('',#429,(#433,#440),.PCURVE_S1.);
#429 = LINE('',#430,#431);
#430 = CARTESIAN_POINT('',(-19.,-2.99999995,9.999999406318E-08));
#431 = VECTOR('',#432,1.);
#432 = DIRECTION('',(1.110223024625E-16,0.,1.));
#433 = PCURVE('',#44,#434);
#434 = DEFINITIONAL_REPRESENTATION('',(#435),#439);
#435 = LINE('',#436,#437);
#436 = CARTESIAN_POINT('',(0.,0.));
#437 = VECTOR('',#438,1.);
#438 = DIRECTION('',(1.,0.));
#439 = ( GEOMETRIC_REPRESENTATION_CONTEXT(2) 
PARAMETRIC_REPRESENTATION_CONTEXT() REPRESENTATION_CONTEXT('2D SPACE',''
  ) );
#440 = PCURVE('',#441,#446);
#441 = PLANE('',#442);
#442 = AXIS2_PLACEMENT_3D('',#443,#444,#445);
#443 = CARTESIAN_POINT('',(19.,-2.99999995,9.999999406318E-08));
#444 = DIRECTION('',(0.,1.,0.));
#445 = DIRECTION('',(-1.,0.,1.110223024625E-16));
#446 = DEFINITIONAL_REPRESENTATION('',(#447),#451);
#447 = LINE('',#448,#449);
#448 = CARTESIAN_POINT('',(38.,-4.218847493576E-15));
#449 = VECTOR('',#450,1.);
#450 = DIRECTION('',(0.,1.));
#451 = ( GEOMETRIC_REPRESENTATION_CONTEXT(2) 
PARAMETRIC_REPRESENTATION_CONTEXT() REPRESENTATION_CONTEXT('2D SPACE',''
  ) );
#452 = ORIENTED_EDGE('',*,*,#453,.F.);
#453 = EDGE_CURVE('',#454,#426,#456,.T.);
#454 = VERTEX_POINT('',#455);
#455 = CARTESIAN_POINT('',(-19.,-1.99999995,8.0000001));
#456 = SURFACE_CURVE('',#457,(#462,#473),.PCURVE_S1.);
#457 = CIRCLE('',#458,1.);
#458 = AXIS2_PLACEMENT_3D('',#459,#460,#461);
#459 = CARTESIAN_POINT('',(-19.,-1.99999995,7.0000001));
#460 = DIRECTION('',(1.,0.,-1.110223024625E-16));
#461 = DIRECTION('',(0.,-1.,0.));
#462 = PCURVE('',#44,#463);
#463 = DEFINITIONAL_REPRESENTATION('',(#464),#472);
#464 = ( BOUNDED_CURVE() B_SPLINE_CURVE(2,(#465,#466,#467,#468,#469,#470
,#471),.UNSPECIFIED.,.T.,.F.) B_SPLINE_CURVE_WITH_KNOTS((1,2,2,2,2,1),(
    -2.094395102393,0.,2.094395102393,4.188790204786,6.28318530718,
8.377580409573),.UNSPECIFIED.) CURVE() GEOMETRIC_REPRESENTATION_ITEM() 
RATIONAL_B_SPLINE_CURVE((1.,0.5,1.,0.5,1.,0.5,1.)) REPRESENTATION_ITEM(
  '') );
#465 = CARTESIAN_POINT('',(7.,0.));
#466 = CARTESIAN_POINT('',(5.267949192431,0.));
#467 = CARTESIAN_POINT('',(6.133974596216,1.5));
#468 = CARTESIAN_POINT('',(7.,3.));
#469 = CARTESIAN_POINT('',(7.866025403784,1.5));
#470 = CARTESIAN_POINT('',(8.732050807569,1.554312234475E-15));
#471 = CARTESIAN_POINT('',(7.,0.));
#472 = ( GEOMETRIC_REPRESENTATION_CONTEXT(2) 
PARAMETRIC_REPRESENTATION_CONTEXT() REPRESENTATION_CONTEXT('2D SPACE',''
  ) );
#473 = PCURVE('',#474,#479);
#474 = CYLINDRICAL_SURFACE('',#475,1.);
#475 = AXIS2_PLACEMENT_3D('',#476,#477,#478);
#476 = CARTESIAN_POINT('',(19.,-1.99999995,7.0000001));
#477 = DIRECTION('',(-1.,0.,1.110223024625E-16));
#478 = DIRECTION('',(1.110223024625E-16,0.,1.));
#479 = DEFINITIONAL_REPRESENTATION('',(#480),#484);
#480 = LINE('',#481,#482);
#481 = CARTESIAN_POINT('',(4.712388980385,38.));
#482 = VECTOR('',#483,1.);
#483 = DIRECTION('',(-1.,0.));
#484 = ( GEOMETRIC_REPRESENTATION_CONTEXT(2) 
PARAMETRIC_REPRESENTATION_CONTEXT() REPRESENTATION_CONTEXT('2D SPACE',''
  ) );
#485 = ORIENTED_EDGE('',*,*,#486,.T.);
#486 = EDGE_CURVE('',#454,#487,#489,.T.);
#487 = VERTEX_POINT('',#488);
#488 = CARTESIAN_POINT('',(-19.,2.00000005,8.0000001));
#489 = SURFACE_CURVE('',#490,(#494,#501),.PCURVE_S1.);
#490 = LINE('',#491,#492);
#491 = CARTESIAN_POINT('',(-19.,-2.99999995,8.0000001));
#492 = VECTOR('',#493,1.);
#493 = DIRECTION('',(0.,1.,0.));
#494 = PCURVE('',#44,#495);
#495 = DEFINITIONAL_REPRESENTATION('',(#496),#500);
#496 = LINE('',#497,#498);
#497 = CARTESIAN_POINT('',(8.,0.));
#498 = VECTOR('',#499,1.);
#499 = DIRECTION('',(0.,1.));
#500 = ( GEOMETRIC_REPRESENTATION_CONTEXT(2) 
PARAMETRIC_REPRESENTATION_CONTEXT() REPRESENTATION_CONTEXT('2D SPACE',''
  ) );
#501 = PCURVE('',#502,#507);
#502 = PLANE('',#503);
#503 = AXIS2_PLACEMENT_3D('',#504,#505,#506);
#504 = CARTESIAN_POINT('',(19.,-2.99999995,8.0000001));
#505 = DIRECTION('',(1.110223024625E-16,0.,1.));
#506 = DIRECTION('',(-1.,0.,1.110223024625E-16));
#507 = DEFINITIONAL_REPRESENTATION('',(#508),#512);
#508 = LINE('',#509,#510);
#509 = CARTESIAN_POINT('',(38.,0.));
#510 = VECTOR('',#511,1.);
#511 = DIRECTION('',(0.,-1.));
#512 = ( GEOMETRIC_REPRESENTATION_CONTEXT(2) 
PARAMETRIC_REPRESENTATION_CONTEXT() REPRESENTATION_CONTEXT('2D SPACE',''
  ) );
#513 = ORIENTED_EDGE('',*,*,#514,.T.);
#514 = EDGE_CURVE('',#487,#515,#517,.T.);
#515 = VERTEX_POINT('',#516);
#516 = CARTESIAN_POINT('',(-19.,3.00000005,7.0000001));
#517 = SURFACE_CURVE('',#518,(#523,#530),.PCURVE_S1.);
#518 = CIRCLE('',#519,1.);
#519 = AXIS2_PLACEMENT_3D('',#520,#521,#522);
#520 = CARTESIAN_POINT('',(-19.,2.00000005,7.0000001));
#521 = DIRECTION('',(-1.,0.,1.110223024625E-16));
#522 = DIRECTION('',(0.,-1.,0.));
#523 = PCURVE('',#44,#524);
#524 = DEFINITIONAL_REPRESENTATION('',(#525),#529);
#525 = CIRCLE('',#526,1.);
#526 = AXIS2_PLACEMENT_2D('',#527,#528);
#527 = CARTESIAN_POINT('',(7.,5.));
#528 = DIRECTION('',(0.,-1.));
#529 = ( GEOMETRIC_REPRESENTATION_CONTEXT(2) 
PARAMETRIC_REPRESENTATION_CONTEXT() REPRESENTATION_CONTEXT('2D SPACE',''
  ) );
#530 = PCURVE('',#531,#536);
#531 = CYLINDRICAL_SURFACE('',#532,1.);
#532 = AXIS2_PLACEMENT_3D('',#533,#534,#535);
#533 = CARTESIAN_POINT('',(19.,2.00000005,7.0000001));
#534 = DIRECTION('',(-1.,0.,1.110223024625E-16));
#535 = DIRECTION('',(1.110223024625E-16,0.,1.));
#536 = DEFINITIONAL_REPRESENTATION('',(#537),#541);
#537 = LINE('',#538,#539);
#538 = CARTESIAN_POINT('',(-1.570796326795,38.));
#539 = VECTOR('',#540,1.);
#540 = DIRECTION('',(1.,0.));
#541 = ( GEOMETRIC_REPRESENTATION_CONTEXT(2) 
PARAMETRIC_REPRESENTATION_CONTEXT() REPRESENTATION_CONTEXT('2D SPACE',''
  ) );
#542 = ORIENTED_EDGE('',*,*,#543,.F.);
#543 = EDGE_CURVE('',#544,#515,#546,.T.);
#544 = VERTEX_POINT('',#545);
#545 = CARTESIAN_POINT('',(-19.,3.00000005,1.0000001));
#546 = SURFACE_CURVE('',#547,(#551,#558),.PCURVE_S1.);
#547 = LINE('',#548,#549);
#548 = CARTESIAN_POINT('',(-19.,3.00000005,9.999999406318E-08));
#549 = VECTOR('',#550,1.);
#550 = DIRECTION('',(1.110223024625E-16,0.,1.));
#551 = PCURVE('',#44,#552);
#552 = DEFINITIONAL_REPRESENTATION('',(#553),#557);
#553 = LINE('',#554,#555);
#554 = CARTESIAN_POINT('',(0.,6.));
#555 = VECTOR('',#556,1.);
#556 = DIRECTION('',(1.,0.));
#557 = ( GEOMETRIC_REPRESENTATION_CONTEXT(2) 
PARAMETRIC_REPRESENTATION_CONTEXT() REPRESENTATION_CONTEXT('2D SPACE',''
  ) );
#558 = PCURVE('',#559,#564);
#559 = PLANE('',#560);
#560 = AXIS2_PLACEMENT_3D('',#561,#562,#563);
#561 = CARTESIAN_POINT('',(19.,3.00000005,9.999999406318E-08));
#562 = DIRECTION('',(0.,1.,0.));
#563 = DIRECTION('',(-1.,0.,1.110223024625E-16));
#564 = DEFINITIONAL_REPRESENTATION('',(#565),#569);
#565 = LINE('',#566,#567);
#566 = CARTESIAN_POINT('',(38.,-4.218847493576E-15));
#567 = VECTOR('',#568,1.);
#568 = DIRECTION('',(0.,1.));
#569 = ( GEOMETRIC_REPRESENTATION_CONTEXT(2) 
PARAMETRIC_REPRESENTATION_CONTEXT() REPRESENTATION_CONTEXT('2D SPACE',''
  ) );
#570 = ORIENTED_EDGE('',*,*,#571,.F.);
#571 = EDGE_CURVE('',#24,#544,#572,.T.);
#572 = SURFACE_CURVE('',#573,(#578,#589),.PCURVE_S1.);
#573 = CIRCLE('',#574,1.);
#574 = AXIS2_PLACEMENT_3D('',#575,#576,#577);
#575 = CARTESIAN_POINT('',(-19.,2.00000005,1.0000001));
#576 = DIRECTION('',(1.,0.,-1.110223024625E-16));
#577 = DIRECTION('',(0.,-1.,0.));
#578 = PCURVE('',#44,#579);
#579 = DEFINITIONAL_REPRESENTATION('',(#580),#588);
#580 = ( BOUNDED_CURVE() B_SPLINE_CURVE(2,(#581,#582,#583,#584,#585,#586
,#587),.UNSPECIFIED.,.T.,.F.) B_SPLINE_CURVE_WITH_KNOTS((1,2,2,2,2,1),(
    -2.094395102393,0.,2.094395102393,4.188790204786,6.28318530718,
8.377580409573),.UNSPECIFIED.) CURVE() GEOMETRIC_REPRESENTATION_ITEM() 
RATIONAL_B_SPLINE_CURVE((1.,0.5,1.,0.5,1.,0.5,1.)) REPRESENTATION_ITEM(
  '') );
#581 = CARTESIAN_POINT('',(1.,4.));
#582 = CARTESIAN_POINT('',(-0.732050807569,4.));
#583 = CARTESIAN_POINT('',(0.133974596216,5.5));
#584 = CARTESIAN_POINT('',(1.,7.));
#585 = CARTESIAN_POINT('',(1.866025403784,5.5));
#586 = CARTESIAN_POINT('',(2.732050807569,4.));
#587 = CARTESIAN_POINT('',(1.,4.));
#588 = ( GEOMETRIC_REPRESENTATION_CONTEXT(2) 
PARAMETRIC_REPRESENTATION_CONTEXT() REPRESENTATION_CONTEXT('2D SPACE',''
  ) );
#589 = PCURVE('',#278,#590);
#590 = DEFINITIONAL_REPRESENTATION('',(#591),#595);
#591 = LINE('',#592,#593);
#592 = CARTESIAN_POINT('',(1.570796326795,38.));
#593 = VECTOR('',#594,1.);
#594 = DIRECTION('',(-1.,0.));
#595 = ( GEOMETRIC_REPRESENTATION_CONTEXT(2) 
PARAMETRIC_REPRESENTATION_CONTEXT() REPRESENTATION_CONTEXT('2D SPACE',''
  ) );
#596 = ADVANCED_FACE('',(#597),#278,.T.);
#597 = FACE_BOUND('',#598,.F.);
#598 = EDGE_LOOP('',(#599,#627,#648,#649));
#599 = ORIENTED_EDGE('',*,*,#600,.T.);
#600 = EDGE_CURVE('',#237,#601,#603,.T.);
#601 = VERTEX_POINT('',#602);
#602 = CARTESIAN_POINT('',(19.,3.00000005,1.0000001));
#603 = SURFACE_CURVE('',#604,(#609,#616),.PCURVE_S1.);
#604 = CIRCLE('',#605,1.);
#605 = AXIS2_PLACEMENT_3D('',#606,#607,#608);
#606 = CARTESIAN_POINT('',(19.,2.00000005,1.0000001));
#607 = DIRECTION('',(1.,0.,-1.110223024625E-16));
#608 = DIRECTION('',(0.,-1.,0.));
#609 = PCURVE('',#278,#610);
#610 = DEFINITIONAL_REPRESENTATION('',(#611),#615);
#611 = LINE('',#612,#613);
#612 = CARTESIAN_POINT('',(1.570796326795,-0.));
#613 = VECTOR('',#614,1.);
#614 = DIRECTION('',(-1.,0.));
#615 = ( GEOMETRIC_REPRESENTATION_CONTEXT(2) 
PARAMETRIC_REPRESENTATION_CONTEXT() REPRESENTATION_CONTEXT('2D SPACE',''
  ) );
#616 = PCURVE('',#252,#617);
#617 = DEFINITIONAL_REPRESENTATION('',(#618),#626);
#618 = ( BOUNDED_CURVE() B_SPLINE_CURVE(2,(#619,#620,#621,#622,#623,#624
,#625),.UNSPECIFIED.,.T.,.F.) B_SPLINE_CURVE_WITH_KNOTS((1,2,2,2,2,1),(
    -2.094395102393,0.,2.094395102393,4.188790204786,6.28318530718,
8.377580409573),.UNSPECIFIED.) CURVE() GEOMETRIC_REPRESENTATION_ITEM() 
RATIONAL_B_SPLINE_CURVE((1.,0.5,1.,0.5,1.,0.5,1.)) REPRESENTATION_ITEM(
  '') );
#619 = CARTESIAN_POINT('',(1.,4.));
#620 = CARTESIAN_POINT('',(-0.732050807569,4.));
#621 = CARTESIAN_POINT('',(0.133974596216,5.5));
#622 = CARTESIAN_POINT('',(1.,7.));
#623 = CARTESIAN_POINT('',(1.866025403784,5.5));
#624 = CARTESIAN_POINT('',(2.732050807569,4.));
#625 = CARTESIAN_POINT('',(1.,4.));
#626 = ( GEOMETRIC_REPRESENTATION_CONTEXT(2) 
PARAMETRIC_REPRESENTATION_CONTEXT() REPRESENTATION_CONTEXT('2D SPACE',''
  ) );
#627 = ORIENTED_EDGE('',*,*,#628,.T.);
#628 = EDGE_CURVE('',#601,#544,#629,.T.);
#629 = SURFACE_CURVE('',#630,(#634,#641),.PCURVE_S1.);
#630 = LINE('',#631,#632);
#631 = CARTESIAN_POINT('',(19.,3.00000005,1.0000001));
#632 = VECTOR('',#633,1.);
#633 = DIRECTION('',(-1.,0.,1.110223024625E-16));
#634 = PCURVE('',#278,#635);
#635 = DEFINITIONAL_REPRESENTATION('',(#636),#640);
#636 = LINE('',#637,#638);
#637 = CARTESIAN_POINT('',(-1.570796326795,0.));
#638 = VECTOR('',#639,1.);
#639 = DIRECTION('',(-0.,1.));
#640 = ( GEOMETRIC_REPRESENTATION_CONTEXT(2) 
PARAMETRIC_REPRESENTATION_CONTEXT() REPRESENTATION_CONTEXT('2D SPACE',''
  ) );
#641 = PCURVE('',#559,#642);
#642 = DEFINITIONAL_REPRESENTATION('',(#643),#647);
#643 = LINE('',#644,#645);
#644 = CARTESIAN_POINT('',(1.110223024625E-16,1.));
#645 = VECTOR('',#646,1.);
#646 = DIRECTION('',(1.,0.));
#647 = ( GEOMETRIC_REPRESENTATION_CONTEXT(2) 
PARAMETRIC_REPRESENTATION_CONTEXT() REPRESENTATION_CONTEXT('2D SPACE',''
  ) );
#648 = ORIENTED_EDGE('',*,*,#571,.F.);
#649 = ORIENTED_EDGE('',*,*,#264,.F.);
#650 = ADVANCED_FACE('',(#651),#252,.F.);
#651 = FACE_BOUND('',#652,.F.);
#652 = EDGE_LOOP('',(#653,#654,#678,#706,#734,#762,#790,#813,#841,#864,
    #888,#909));
#653 = ORIENTED_EDGE('',*,*,#236,.F.);
#654 = ORIENTED_EDGE('',*,*,#655,.T.);
#655 = EDGE_CURVE('',#214,#656,#658,.T.);
#656 = VERTEX_POINT('',#657);
#657 = CARTESIAN_POINT('',(19.,-2.99999995,1.0000001));
#658 = SURFACE_CURVE('',#659,(#664,#671),.PCURVE_S1.);
#659 = CIRCLE('',#660,1.);
#660 = AXIS2_PLACEMENT_3D('',#661,#662,#663);
#661 = CARTESIAN_POINT('',(19.,-1.99999995,1.0000001));
#662 = DIRECTION('',(-1.,0.,1.110223024625E-16));
#663 = DIRECTION('',(0.,-1.,0.));
#664 = PCURVE('',#252,#665);
#665 = DEFINITIONAL_REPRESENTATION('',(#666),#670);
#666 = CIRCLE('',#667,1.);
#667 = AXIS2_PLACEMENT_2D('',#668,#669);
#668 = CARTESIAN_POINT('',(1.,1.));
#669 = DIRECTION('',(0.,-1.));
#670 = ( GEOMETRIC_REPRESENTATION_CONTEXT(2) 
PARAMETRIC_REPRESENTATION_CONTEXT() REPRESENTATION_CONTEXT('2D SPACE',''
  ) );
#671 = PCURVE('',#72,#672);
#672 = DEFINITIONAL_REPRESENTATION('',(#673),#677);
#673 = LINE('',#674,#675);
#674 = CARTESIAN_POINT('',(-4.712388980385,0.));
#675 = VECTOR('',#676,1.);
#676 = DIRECTION('',(1.,0.));
#677 = ( GEOMETRIC_REPRESENTATION_CONTEXT(2) 
PARAMETRIC_REPRESENTATION_CONTEXT() REPRESENTATION_CONTEXT('2D SPACE',''
  ) );
#678 = ORIENTED_EDGE('',*,*,#679,.T.);
#679 = EDGE_CURVE('',#656,#680,#682,.T.);
#680 = VERTEX_POINT('',#681);
#681 = CARTESIAN_POINT('',(19.,-2.99999995,2.3500001));
#682 = SURFACE_CURVE('',#683,(#687,#694),.PCURVE_S1.);
#683 = LINE('',#684,#685);
#684 = CARTESIAN_POINT('',(19.,-2.99999995,9.999999406318E-08));
#685 = VECTOR('',#686,1.);
#686 = DIRECTION('',(1.110223024625E-16,0.,1.));
#687 = PCURVE('',#252,#688);
#688 = DEFINITIONAL_REPRESENTATION('',(#689),#693);
#689 = LINE('',#690,#691);
#690 = CARTESIAN_POINT('',(0.,0.));
#691 = VECTOR('',#692,1.);
#692 = DIRECTION('',(1.,0.));
#693 = ( GEOMETRIC_REPRESENTATION_CONTEXT(2) 
PARAMETRIC_REPRESENTATION_CONTEXT() REPRESENTATION_CONTEXT('2D SPACE',''
  ) );
#694 = PCURVE('',#695,#700);
#695 = PLANE('',#696);
#696 = AXIS2_PLACEMENT_3D('',#697,#698,#699);
#697 = CARTESIAN_POINT('',(19.,-2.99999995,9.999999406318E-08));
#698 = DIRECTION('',(0.,1.,0.));
#699 = DIRECTION('',(-1.,0.,1.110223024625E-16));
#700 = DEFINITIONAL_REPRESENTATION('',(#701),#705);
#701 = LINE('',#702,#703);
#702 = CARTESIAN_POINT('',(0.,0.));
#703 = VECTOR('',#704,1.);
#704 = DIRECTION('',(0.,1.));
#705 = ( GEOMETRIC_REPRESENTATION_CONTEXT(2) 
PARAMETRIC_REPRESENTATION_CONTEXT() REPRESENTATION_CONTEXT('2D SPACE',''
  ) );
#706 = ORIENTED_EDGE('',*,*,#707,.T.);
#707 = EDGE_CURVE('',#680,#708,#710,.T.);
#708 = VERTEX_POINT('',#709);
#709 = CARTESIAN_POINT('',(19.,1.00000005,2.3500001));
#710 = SURFACE_CURVE('',#711,(#715,#722),.PCURVE_S1.);
#711 = LINE('',#712,#713);
#712 = CARTESIAN_POINT('',(19.,-3.49999995,2.3500001));
#713 = VECTOR('',#714,1.);
#714 = DIRECTION('',(0.,1.,0.));
#715 = PCURVE('',#252,#716);
#716 = DEFINITIONAL_REPRESENTATION('',(#717),#721);
#717 = LINE('',#718,#719);
#718 = CARTESIAN_POINT('',(2.35,-0.5));
#719 = VECTOR('',#720,1.);
#720 = DIRECTION('',(0.,1.));
#721 = ( GEOMETRIC_REPRESENTATION_CONTEXT(2) 
PARAMETRIC_REPRESENTATION_CONTEXT() REPRESENTATION_CONTEXT('2D SPACE',''
  ) );
#722 = PCURVE('',#723,#728);
#723 = PLANE('',#724);
#724 = AXIS2_PLACEMENT_3D('',#725,#726,#727);
#725 = CARTESIAN_POINT('',(19.5,-3.99999995,2.3500001));
#726 = DIRECTION('',(1.110223024625E-16,0.,1.));
#727 = DIRECTION('',(-1.,0.,1.110223024625E-16));
#728 = DEFINITIONAL_REPRESENTATION('',(#729),#733);
#729 = LINE('',#730,#731);
#730 = CARTESIAN_POINT('',(0.5,-0.5));
#731 = VECTOR('',#732,1.);
#732 = DIRECTION('',(0.,-1.));
#733 = ( GEOMETRIC_REPRESENTATION_CONTEXT(2) 
PARAMETRIC_REPRESENTATION_CONTEXT() REPRESENTATION_CONTEXT('2D SPACE',''
  ) );
#734 = ORIENTED_EDGE('',*,*,#735,.F.);
#735 = EDGE_CURVE('',#736,#708,#738,.T.);
#736 = VERTEX_POINT('',#737);
#737 = CARTESIAN_POINT('',(19.,1.00000005,5.6500001));
#738 = SURFACE_CURVE('',#739,(#743,#750),.PCURVE_S1.);
#739 = LINE('',#740,#741);
#740 = CARTESIAN_POINT('',(19.,1.00000005,1.1750001));
#741 = VECTOR('',#742,1.);
#742 = DIRECTION('',(-1.110223024625E-16,0.,-1.));
#743 = PCURVE('',#252,#744);
#744 = DEFINITIONAL_REPRESENTATION('',(#745),#749);
#745 = LINE('',#746,#747);
#746 = CARTESIAN_POINT('',(1.175,4.));
#747 = VECTOR('',#748,1.);
#748 = DIRECTION('',(-1.,0.));
#749 = ( GEOMETRIC_REPRESENTATION_CONTEXT(2) 
PARAMETRIC_REPRESENTATION_CONTEXT() REPRESENTATION_CONTEXT('2D SPACE',''
  ) );
#750 = PCURVE('',#751,#756);
#751 = PLANE('',#752);
#752 = AXIS2_PLACEMENT_3D('',#753,#754,#755);
#753 = CARTESIAN_POINT('',(19.5,1.00000005,2.3500001));
#754 = DIRECTION('',(0.,1.,0.));
#755 = DIRECTION('',(-1.,0.,1.110223024625E-16));
#756 = DEFINITIONAL_REPRESENTATION('',(#757),#761);
#757 = LINE('',#758,#759);
#758 = CARTESIAN_POINT('',(0.5,-1.175));
#759 = VECTOR('',#760,1.);
#760 = DIRECTION('',(0.,-1.));
#761 = ( GEOMETRIC_REPRESENTATION_CONTEXT(2) 
PARAMETRIC_REPRESENTATION_CONTEXT() REPRESENTATION_CONTEXT('2D SPACE',''
  ) );
#762 = ORIENTED_EDGE('',*,*,#763,.F.);
#763 = EDGE_CURVE('',#764,#736,#766,.T.);
#764 = VERTEX_POINT('',#765);
#765 = CARTESIAN_POINT('',(19.,-2.99999995,5.6500001));
#766 = SURFACE_CURVE('',#767,(#771,#778),.PCURVE_S1.);
#767 = LINE('',#768,#769);
#768 = CARTESIAN_POINT('',(19.,-3.49999995,5.6500001));
#769 = VECTOR('',#770,1.);
#770 = DIRECTION('',(0.,1.,0.));
#771 = PCURVE('',#252,#772);
#772 = DEFINITIONAL_REPRESENTATION('',(#773),#777);
#773 = LINE('',#774,#775);
#774 = CARTESIAN_POINT('',(5.65,-0.5));
#775 = VECTOR('',#776,1.);
#776 = DIRECTION('',(0.,1.));
#777 = ( GEOMETRIC_REPRESENTATION_CONTEXT(2) 
PARAMETRIC_REPRESENTATION_CONTEXT() REPRESENTATION_CONTEXT('2D SPACE',''
  ) );
#778 = PCURVE('',#779,#784);
#779 = PLANE('',#780);
#780 = AXIS2_PLACEMENT_3D('',#781,#782,#783);
#781 = CARTESIAN_POINT('',(19.5,-3.99999995,5.6500001));
#782 = DIRECTION('',(1.110223024625E-16,0.,1.));
#783 = DIRECTION('',(-1.,0.,1.110223024625E-16));
#784 = DEFINITIONAL_REPRESENTATION('',(#785),#789);
#785 = LINE('',#786,#787);
#786 = CARTESIAN_POINT('',(0.5,-0.5));
#787 = VECTOR('',#788,1.);
#788 = DIRECTION('',(0.,-1.));
#789 = ( GEOMETRIC_REPRESENTATION_CONTEXT(2) 
PARAMETRIC_REPRESENTATION_CONTEXT() REPRESENTATION_CONTEXT('2D SPACE',''
  ) );
#790 = ORIENTED_EDGE('',*,*,#791,.T.);
#791 = EDGE_CURVE('',#764,#792,#794,.T.);
#792 = VERTEX_POINT('',#793);
#793 = CARTESIAN_POINT('',(19.,-2.99999995,7.0000001));
#794 = SURFACE_CURVE('',#795,(#799,#806),.PCURVE_S1.);
#795 = LINE('',#796,#797);
#796 = CARTESIAN_POINT('',(19.,-2.99999995,9.999999406318E-08));
#797 = VECTOR('',#798,1.);
#798 = DIRECTION('',(1.110223024625E-16,0.,1.));
#799 = PCURVE('',#252,#800);
#800 = DEFINITIONAL_REPRESENTATION('',(#801),#805);
#801 = LINE('',#802,#803);
#802 = CARTESIAN_POINT('',(0.,0.));
#803 = VECTOR('',#804,1.);
#804 = DIRECTION('',(1.,0.));
#805 = ( GEOMETRIC_REPRESENTATION_CONTEXT(2) 
PARAMETRIC_REPRESENTATION_CONTEXT() REPRESENTATION_CONTEXT('2D SPACE',''
  ) );
#806 = PCURVE('',#695,#807);
#807 = DEFINITIONAL_REPRESENTATION('',(#808),#812);
#808 = LINE('',#809,#810);
#809 = CARTESIAN_POINT('',(0.,0.));
#810 = VECTOR('',#811,1.);
#811 = DIRECTION('',(0.,1.));
#812 = ( GEOMETRIC_REPRESENTATION_CONTEXT(2) 
PARAMETRIC_REPRESENTATION_CONTEXT() REPRESENTATION_CONTEXT('2D SPACE',''
  ) );
#813 = ORIENTED_EDGE('',*,*,#814,.F.);
#814 = EDGE_CURVE('',#815,#792,#817,.T.);
#815 = VERTEX_POINT('',#816);
#816 = CARTESIAN_POINT('',(19.,-1.99999995,8.0000001));
#817 = SURFACE_CURVE('',#818,(#823,#834),.PCURVE_S1.);
#818 = CIRCLE('',#819,1.);
#819 = AXIS2_PLACEMENT_3D('',#820,#821,#822);
#820 = CARTESIAN_POINT('',(19.,-1.99999995,7.0000001));
#821 = DIRECTION('',(1.,0.,-1.110223024625E-16));
#822 = DIRECTION('',(0.,-1.,0.));
#823 = PCURVE('',#252,#824);
#824 = DEFINITIONAL_REPRESENTATION('',(#825),#833);
#825 = ( BOUNDED_CURVE() B_SPLINE_CURVE(2,(#826,#827,#828,#829,#830,#831
,#832),.UNSPECIFIED.,.T.,.F.) B_SPLINE_CURVE_WITH_KNOTS((1,2,2,2,2,1),(
    -2.094395102393,0.,2.094395102393,4.188790204786,6.28318530718,
8.377580409573),.UNSPECIFIED.) CURVE() GEOMETRIC_REPRESENTATION_ITEM() 
RATIONAL_B_SPLINE_CURVE((1.,0.5,1.,0.5,1.,0.5,1.)) REPRESENTATION_ITEM(
  '') );
#826 = CARTESIAN_POINT('',(7.,0.));
#827 = CARTESIAN_POINT('',(5.267949192431,0.));
#828 = CARTESIAN_POINT('',(6.133974596216,1.5));
#829 = CARTESIAN_POINT('',(7.,3.));
#830 = CARTESIAN_POINT('',(7.866025403784,1.5));
#831 = CARTESIAN_POINT('',(8.732050807569,1.554312234475E-15));
#832 = CARTESIAN_POINT('',(7.,0.));
#833 = ( GEOMETRIC_REPRESENTATION_CONTEXT(2) 
PARAMETRIC_REPRESENTATION_CONTEXT() REPRESENTATION_CONTEXT('2D SPACE',''
  ) );
#834 = PCURVE('',#474,#835);
#835 = DEFINITIONAL_REPRESENTATION('',(#836),#840);
#836 = LINE('',#837,#838);
#837 = CARTESIAN_POINT('',(4.712388980385,-0.));
#838 = VECTOR('',#839,1.);
#839 = DIRECTION('',(-1.,0.));
#840 = ( GEOMETRIC_REPRESENTATION_CONTEXT(2) 
PARAMETRIC_REPRESENTATION_CONTEXT() REPRESENTATION_CONTEXT('2D SPACE',''
  ) );
#841 = ORIENTED_EDGE('',*,*,#842,.T.);
#842 = EDGE_CURVE('',#815,#843,#845,.T.);
#843 = VERTEX_POINT('',#844);
#844 = CARTESIAN_POINT('',(19.,2.00000005,8.0000001));
#845 = SURFACE_CURVE('',#846,(#850,#857),.PCURVE_S1.);
#846 = LINE('',#847,#848);
#847 = CARTESIAN_POINT('',(19.,-2.99999995,8.0000001));
#848 = VECTOR('',#849,1.);
#849 = DIRECTION('',(0.,1.,0.));
#850 = PCURVE('',#252,#851);
#851 = DEFINITIONAL_REPRESENTATION('',(#852),#856);
#852 = LINE('',#853,#854);
#853 = CARTESIAN_POINT('',(8.,0.));
#854 = VECTOR('',#855,1.);
#855 = DIRECTION('',(0.,1.));
#856 = ( GEOMETRIC_REPRESENTATION_CONTEXT(2) 
PARAMETRIC_REPRESENTATION_CONTEXT() REPRESENTATION_CONTEXT('2D SPACE',''
  ) );
#857 = PCURVE('',#502,#858);
#858 = DEFINITIONAL_REPRESENTATION('',(#859),#863);
#859 = LINE('',#860,#861);
#860 = CARTESIAN_POINT('',(0.,0.));
#861 = VECTOR('',#862,1.);
#862 = DIRECTION('',(0.,-1.));
#863 = ( GEOMETRIC_REPRESENTATION_CONTEXT(2) 
PARAMETRIC_REPRESENTATION_CONTEXT() REPRESENTATION_CONTEXT('2D SPACE',''
  ) );
#864 = ORIENTED_EDGE('',*,*,#865,.T.);
#865 = EDGE_CURVE('',#843,#866,#868,.T.);
#866 = VERTEX_POINT('',#867);
#867 = CARTESIAN_POINT('',(19.,3.00000005,7.0000001));
#868 = SURFACE_CURVE('',#869,(#874,#881),.PCURVE_S1.);
#869 = CIRCLE('',#870,1.);
#870 = AXIS2_PLACEMENT_3D('',#871,#872,#873);
#871 = CARTESIAN_POINT('',(19.,2.00000005,7.0000001));
#872 = DIRECTION('',(-1.,0.,1.110223024625E-16));
#873 = DIRECTION('',(0.,-1.,0.));
#874 = PCURVE('',#252,#875);
#875 = DEFINITIONAL_REPRESENTATION('',(#876),#880);
#876 = CIRCLE('',#877,1.);
#877 = AXIS2_PLACEMENT_2D('',#878,#879);
#878 = CARTESIAN_POINT('',(7.,5.));
#879 = DIRECTION('',(0.,-1.));
#880 = ( GEOMETRIC_REPRESENTATION_CONTEXT(2) 
PARAMETRIC_REPRESENTATION_CONTEXT() REPRESENTATION_CONTEXT('2D SPACE',''
  ) );
#881 = PCURVE('',#531,#882);
#882 = DEFINITIONAL_REPRESENTATION('',(#883),#887);
#883 = LINE('',#884,#885);
#884 = CARTESIAN_POINT('',(-1.570796326795,0.));
#885 = VECTOR('',#886,1.);
#886 = DIRECTION('',(1.,0.));
#887 = ( GEOMETRIC_REPRESENTATION_CONTEXT(2) 
PARAMETRIC_REPRESENTATION_CONTEXT() REPRESENTATION_CONTEXT('2D SPACE',''
  ) );
#888 = ORIENTED_EDGE('',*,*,#889,.F.);
#889 = EDGE_CURVE('',#601,#866,#890,.T.);
#890 = SURFACE_CURVE('',#891,(#895,#902),.PCURVE_S1.);
#891 = LINE('',#892,#893);
#892 = CARTESIAN_POINT('',(19.,3.00000005,9.999999406318E-08));
#893 = VECTOR('',#894,1.);
#894 = DIRECTION('',(1.110223024625E-16,0.,1.));
#895 = PCURVE('',#252,#896);
#896 = DEFINITIONAL_REPRESENTATION('',(#897),#901);
#897 = LINE('',#898,#899);
#898 = CARTESIAN_POINT('',(0.,6.));
#899 = VECTOR('',#900,1.);
#900 = DIRECTION('',(1.,0.));
#901 = ( GEOMETRIC_REPRESENTATION_CONTEXT(2) 
PARAMETRIC_REPRESENTATION_CONTEXT() REPRESENTATION_CONTEXT('2D SPACE',''
  ) );
#902 = PCURVE('',#559,#903);
#903 = DEFINITIONAL_REPRESENTATION('',(#904),#908);
#904 = LINE('',#905,#906);
#905 = CARTESIAN_POINT('',(0.,0.));
#906 = VECTOR('',#907,1.);
#907 = DIRECTION('',(0.,1.));
#908 = ( GEOMETRIC_REPRESENTATION_CONTEXT(2) 
PARAMETRIC_REPRESENTATION_CONTEXT() REPRESENTATION_CONTEXT('2D SPACE',''
  ) );
#909 = ORIENTED_EDGE('',*,*,#600,.F.);
#910 = ADVANCED_FACE('',(#911),#72,.T.);
#911 = FACE_BOUND('',#912,.T.);
#912 = EDGE_LOOP('',(#913,#914,#915,#938,#1023,#1051,#1131,#1152,#1153,
    #1154,#1280,#1281));
#913 = ORIENTED_EDGE('',*,*,#213,.F.);
#914 = ORIENTED_EDGE('',*,*,#655,.T.);
#915 = ORIENTED_EDGE('',*,*,#916,.T.);
#916 = EDGE_CURVE('',#656,#917,#919,.T.);
#917 = VERTEX_POINT('',#918);
#918 = CARTESIAN_POINT('',(-6.625227291513,-2.99999995,1.0000001));
#919 = SURFACE_CURVE('',#920,(#924,#931),.PCURVE_S1.);
#920 = LINE('',#921,#922);
#921 = CARTESIAN_POINT('',(19.,-2.99999995,1.0000001));
#922 = VECTOR('',#923,1.);
#923 = DIRECTION('',(-1.,0.,1.110223024625E-16));
#924 = PCURVE('',#72,#925);
#925 = DEFINITIONAL_REPRESENTATION('',(#926),#930);
#926 = LINE('',#927,#928);
#927 = CARTESIAN_POINT('',(1.570796326795,0.));
#928 = VECTOR('',#929,1.);
#929 = DIRECTION('',(0.,1.));
#930 = ( GEOMETRIC_REPRESENTATION_CONTEXT(2) 
PARAMETRIC_REPRESENTATION_CONTEXT() REPRESENTATION_CONTEXT('2D SPACE',''
  ) );
#931 = PCURVE('',#695,#932);
#932 = DEFINITIONAL_REPRESENTATION('',(#933),#937);
#933 = LINE('',#934,#935);
#934 = CARTESIAN_POINT('',(1.110223024625E-16,1.));
#935 = VECTOR('',#936,1.);
#936 = DIRECTION('',(1.,0.));
#937 = ( GEOMETRIC_REPRESENTATION_CONTEXT(2) 
PARAMETRIC_REPRESENTATION_CONTEXT() REPRESENTATION_CONTEXT('2D SPACE',''
  ) );
#938 = ORIENTED_EDGE('',*,*,#939,.T.);
#939 = EDGE_CURVE('',#917,#940,#942,.T.);
#940 = VERTEX_POINT('',#941);
#941 = CARTESIAN_POINT('',(-9.374772708487,-2.99999995,1.0000001));
#942 = SURFACE_CURVE('',#943,(#966,#992),.PCURVE_S1.);
#943 = B_SPLINE_CURVE_WITH_KNOTS('',6,(#944,#945,#946,#947,#948,#949,
    #950,#951,#952,#953,#954,#955,#956,#957,#958,#959,#960,#961,#962,
    #963,#964,#965),.UNSPECIFIED.,.F.,.F.,(7,5,5,5,7),(0.,0.195497768814
    ,0.500000547348,0.804244451852,1.),.UNSPECIFIED.);
#944 = CARTESIAN_POINT('',(-6.625227291513,-2.99999995,1.0000001));
#945 = CARTESIAN_POINT('',(-6.709263557418,-2.99999995,0.961489845037));
#946 = CARTESIAN_POINT('',(-6.79459231818,-2.998220577987,0.925805432922
    ));
#947 = CARTESIAN_POINT('',(-6.881050073666,-2.995150172346,
    0.893021059585));
#948 = CARTESIAN_POINT('',(-6.968500679684,-2.991220603334,
    0.863179553621));
#949 = CARTESIAN_POINT('',(-7.05683591964,-2.986810749007,0.836306393771
    ));
#950 = CARTESIAN_POINT('',(-7.284818711166,-2.975146209638,
    0.775224639059));
#951 = CARTESIAN_POINT('',(-7.425853877446,-2.967663611747,
    0.745216321549));
#952 = CARTESIAN_POINT('',(-7.568351806548,-2.961061417288,
    0.722645673374));
#953 = CARTESIAN_POINT('',(-7.711788650901,-2.956317580483,0.70756350409
    ));
#954 = CARTESIAN_POINT('',(-7.855779318601,-2.953939151417,0.7000001));
#955 = CARTESIAN_POINT('',(-8.144098071716,-2.953939151417,0.7000001));
#956 = CARTESIAN_POINT('',(-8.287966941353,-2.956313539039,
    0.707550649772));
#957 = CARTESIAN_POINT('',(-8.431283345631,-2.961049347,0.722607305133)
  );
#958 = CARTESIAN_POINT('',(-8.573663006639,-2.967641244398,
    0.745139833275));
#959 = CARTESIAN_POINT('',(-8.714583390825,-2.975114493009,
    0.775097519962));
#960 = CARTESIAN_POINT('',(-8.942579997462,-2.986781584498,
    0.836128764278));
#961 = CARTESIAN_POINT('',(-9.031036729242,-2.9911998066,0.863021733516)
  );
#962 = CARTESIAN_POINT('',(-9.118606934492,-2.995137984389,
    0.892891014819));
#963 = CARTESIAN_POINT('',(-9.205182019853,-2.998215870803,
    0.925711067099));
#964 = CARTESIAN_POINT('',(-9.290625328108,-2.99999995,0.961438925988));
#965 = CARTESIAN_POINT('',(-9.374772708487,-2.99999995,1.0000001));
#966 = PCURVE('',#72,#967);
#967 = DEFINITIONAL_REPRESENTATION('',(#968),#991);
#968 = B_SPLINE_CURVE_WITH_KNOTS('',6,(#969,#970,#971,#972,#973,#974,
    #975,#976,#977,#978,#979,#980,#981,#982,#983,#984,#985,#986,#987,
    #988,#989,#990),.UNSPECIFIED.,.F.,.F.,(7,5,5,5,7),(0.,0.195497768814
    ,0.500000547348,0.804244451852,1.),.UNSPECIFIED.);
#969 = CARTESIAN_POINT('',(1.570796326795,25.625227291513));
#970 = CARTESIAN_POINT('',(1.532286071832,25.709263557418));
#971 = CARTESIAN_POINT('',(1.496601442817,25.79459231818));
#972 = CARTESIAN_POINT('',(1.463714925728,25.881050073666));
#973 = CARTESIAN_POINT('',(1.433639558804,25.968500679684));
#974 = CARTESIAN_POINT('',(1.40641643217,26.056835919641));
#975 = CARTESIAN_POINT('',(1.344230885317,26.284818711166));
#976 = CARTESIAN_POINT('',(1.313352019496,26.425853877446));
#977 = CARTESIAN_POINT('',(1.289844013244,26.568351806548));
#978 = CARTESIAN_POINT('',(1.274031918728,26.711788650901));
#979 = CARTESIAN_POINT('',(1.266103672779,26.855779318601));
#980 = CARTESIAN_POINT('',(1.266103672779,27.144098071716));
#981 = CARTESIAN_POINT('',(1.274018445769,27.287966941353));
#982 = CARTESIAN_POINT('',(1.289803784548,27.431283345631));
#983 = CARTESIAN_POINT('',(1.313272359102,27.57366300664));
#984 = CARTESIAN_POINT('',(1.344100072587,27.714583390825));
#985 = CARTESIAN_POINT('',(1.406236485474,27.942579997462));
#986 = CARTESIAN_POINT('',(1.433480501499,28.031036729242));
#987 = CARTESIAN_POINT('',(1.463584475798,28.118606934492));
#988 = CARTESIAN_POINT('',(1.496507075502,28.205182019853));
#989 = CARTESIAN_POINT('',(1.532235152783,28.290625328108));
#990 = CARTESIAN_POINT('',(1.570796326795,28.374772708487));
#991 = ( GEOMETRIC_REPRESENTATION_CONTEXT(2) 
PARAMETRIC_REPRESENTATION_CONTEXT() REPRESENTATION_CONTEXT('2D SPACE',''
  ) );
#992 = PCURVE('',#993,#998);
#993 = CYLINDRICAL_SURFACE('',#994,3.3);
#994 = AXIS2_PLACEMENT_3D('',#995,#996,#997);
#995 = CARTESIAN_POINT('',(-8.,-3.99999995,4.0000001));
#996 = DIRECTION('',(0.,1.,0.));
#997 = DIRECTION('',(-1.,0.,1.110223024625E-16));
#998 = DEFINITIONAL_REPRESENTATION('',(#999),#1022);
#999 = B_SPLINE_CURVE_WITH_KNOTS('',6,(#1000,#1001,#1002,#1003,#1004,
    #1005,#1006,#1007,#1008,#1009,#1010,#1011,#1012,#1013,#1014,#1015,
    #1016,#1017,#1018,#1019,#1020,#1021),.UNSPECIFIED.,.F.,.F.,(7,5,5,5,
    7),(0.,0.195497768814,0.500000547348,0.804244451852,1.),
  .UNSPECIFIED.);
#1000 = CARTESIAN_POINT('',(4.282689314233,1.));
#1001 = CARTESIAN_POINT('',(4.310701402868,1.));
#1002 = CARTESIAN_POINT('',(4.338712781395,1.001779372013));
#1003 = CARTESIAN_POINT('',(4.366708751779,1.004849777654));
#1004 = CARTESIAN_POINT('',(4.394685664426,1.008779346666));
#1005 = CARTESIAN_POINT('',(4.422649483606,1.013189200993));
#1006 = CARTESIAN_POINT('',(4.494171782935,1.024853740362));
#1007 = CARTESIAN_POINT('',(4.537807027688,1.032336338253));
#1008 = CARTESIAN_POINT('',(4.581436105468,1.038938532712));
#1009 = CARTESIAN_POINT('',(4.625052245527,1.043682369517));
#1010 = CARTESIAN_POINT('',(4.668685743597,1.046060798583));
#1011 = CARTESIAN_POINT('',(4.756055062723,1.046060798583));
#1012 = CARTESIAN_POINT('',(4.799651652459,1.043686410961));
#1013 = CARTESIAN_POINT('',(4.843230911818,1.038950603));
#1014 = CARTESIAN_POINT('',(4.886823016797,1.032358705602));
#1015 = CARTESIAN_POINT('',(4.930421198955,1.024885456991));
#1016 = CARTESIAN_POINT('',(5.001943582655,1.013218365502));
#1017 = CARTESIAN_POINT('',(5.029944308987,1.0088001434));
#1018 = CARTESIAN_POINT('',(5.057958146244,1.004861965611));
#1019 = CARTESIAN_POINT('',(5.085991100852,1.001784079197));
#1020 = CARTESIAN_POINT('',(5.114039519743,1.));
#1021 = CARTESIAN_POINT('',(5.142088646536,1.));
#1022 = ( GEOMETRIC_REPRESENTATION_CONTEXT(2) 
PARAMETRIC_REPRESENTATION_CONTEXT() REPRESENTATION_CONTEXT('2D SPACE',''
  ) );
#1023 = ORIENTED_EDGE('',*,*,#1024,.T.);
#1024 = EDGE_CURVE('',#940,#1025,#1027,.T.);
#1025 = VERTEX_POINT('',#1026);
#1026 = CARTESIAN_POINT('',(-14.62522729151,-2.99999995,1.0000001));
#1027 = SURFACE_CURVE('',#1028,(#1032,#1039),.PCURVE_S1.);
#1028 = LINE('',#1029,#1030);
#1029 = CARTESIAN_POINT('',(19.,-2.99999995,1.0000001));
#1030 = VECTOR('',#1031,1.);
#1031 = DIRECTION('',(-1.,0.,1.110223024625E-16));
#1032 = PCURVE('',#72,#1033);
#1033 = DEFINITIONAL_REPRESENTATION('',(#1034),#1038);
#1034 = LINE('',#1035,#1036);
#1035 = CARTESIAN_POINT('',(1.570796326795,0.));
#1036 = VECTOR('',#1037,1.);
#1037 = DIRECTION('',(0.,1.));
#1038 = ( GEOMETRIC_REPRESENTATION_CONTEXT(2) 
PARAMETRIC_REPRESENTATION_CONTEXT() REPRESENTATION_CONTEXT('2D SPACE',''
  ) );
#1039 = PCURVE('',#1040,#1045);
#1040 = PLANE('',#1041);
#1041 = AXIS2_PLACEMENT_3D('',#1042,#1043,#1044);
#1042 = CARTESIAN_POINT('',(19.,-2.99999995,9.999999406318E-08));
#1043 = DIRECTION('',(0.,1.,0.));
#1044 = DIRECTION('',(-1.,0.,1.110223024625E-16));
#1045 = DEFINITIONAL_REPRESENTATION('',(#1046),#1050);
#1046 = LINE('',#1047,#1048);
#1047 = CARTESIAN_POINT('',(1.110223024625E-16,1.));
#1048 = VECTOR('',#1049,1.);
#1049 = DIRECTION('',(1.,0.));
#1050 = ( GEOMETRIC_REPRESENTATION_CONTEXT(2) 
PARAMETRIC_REPRESENTATION_CONTEXT() REPRESENTATION_CONTEXT('2D SPACE',''
  ) );
#1051 = ORIENTED_EDGE('',*,*,#1052,.T.);
#1052 = EDGE_CURVE('',#1025,#1053,#1055,.T.);
#1053 = VERTEX_POINT('',#1054);
#1054 = CARTESIAN_POINT('',(-17.37477270848,-2.99999995,1.0000001));
#1055 = SURFACE_CURVE('',#1056,(#1079,#1105),.PCURVE_S1.);
#1056 = B_SPLINE_CURVE_WITH_KNOTS('',6,(#1057,#1058,#1059,#1060,#1061,
    #1062,#1063,#1064,#1065,#1066,#1067,#1068,#1069,#1070,#1071,#1072,
    #1073,#1074,#1075,#1076,#1077,#1078),.UNSPECIFIED.,.F.,.F.,(7,5,5,5,
    7),(0.,0.195480098972,0.500000111112,0.804458513167,1.),
  .UNSPECIFIED.);
#1057 = CARTESIAN_POINT('',(-14.62522729151,-2.99999995,1.0000001));
#1058 = CARTESIAN_POINT('',(-14.70925602625,-2.99999995,0.961493296251)
  );
#1059 = CARTESIAN_POINT('',(-14.79457702343,-2.998220896803,
    0.925811829202));
#1060 = CARTESIAN_POINT('',(-14.88102682676,-2.995150997933,
    0.89302987487));
#1061 = CARTESIAN_POINT('',(-14.96846932685,-2.991222012249,
    0.86319025262));
#1062 = CARTESIAN_POINT('',(-15.05679633274,-2.986812725116,
    0.83631843691));
#1063 = CARTESIAN_POINT('',(-15.28477818625,-2.975148359856,
    0.775233259159));
#1064 = CARTESIAN_POINT('',(-15.42582113334,-2.967665128329,
    0.745221507903));
#1065 = CARTESIAN_POINT('',(-15.56832708029,-2.961062235603,
    0.722648274586));
#1066 = CARTESIAN_POINT('',(-15.71177208892,-2.956317854457,
    0.707564375503));
#1067 = CARTESIAN_POINT('',(-15.85577101038,-2.953939151417,0.7000001));
#1068 = CARTESIAN_POINT('',(-16.1441998094,-2.953939151417,0.7000001));
#1069 = CARTESIAN_POINT('',(-16.28816971961,-2.956316892219,
    0.707561315071));
#1070 = CARTESIAN_POINT('',(-16.43158603201,-2.961059360441,
    0.722639135072));
#1071 = CARTESIAN_POINT('',(-16.57406380103,-2.967659799083,
    0.745203283731));
#1072 = CARTESIAN_POINT('',(-16.71507941179,-2.975140804432,
    0.775202970158));
#1073 = CARTESIAN_POINT('',(-16.9430645761,-2.986805781622,0.83627612481
    ));
#1074 = CARTESIAN_POINT('',(-17.03142051278,-2.991217061606,
    0.863152662421));
#1075 = CARTESIAN_POINT('',(-17.11889149235,-2.995148096856,
    0.892998902034));
#1076 = CARTESIAN_POINT('',(-17.20536923561,-2.998219776408,
    0.925789354928));
#1077 = CARTESIAN_POINT('',(-17.29071751183,-2.99999995,0.961481169878)
  );
#1078 = CARTESIAN_POINT('',(-17.37477270848,-2.99999995,1.0000001));
#1079 = PCURVE('',#72,#1080);
#1080 = DEFINITIONAL_REPRESENTATION('',(#1081),#1104);
#1081 = B_SPLINE_CURVE_WITH_KNOTS('',6,(#1082,#1083,#1084,#1085,#1086,
    #1087,#1088,#1089,#1090,#1091,#1092,#1093,#1094,#1095,#1096,#1097,
    #1098,#1099,#1100,#1101,#1102,#1103),.UNSPECIFIED.,.F.,.F.,(7,5,5,5,
    7),(0.,0.195480098972,0.500000111112,0.804458513167,1.),
  .UNSPECIFIED.);
#1082 = CARTESIAN_POINT('',(1.570796326795,33.625227291513));
#1083 = CARTESIAN_POINT('',(1.532289523046,33.709256026251));
#1084 = CARTESIAN_POINT('',(1.4966078392,33.794577023433));
#1085 = CARTESIAN_POINT('',(1.463723768437,33.881026826766));
#1086 = CARTESIAN_POINT('',(1.433650341556,33.96846932685));
#1087 = CARTESIAN_POINT('',(1.406428632217,34.05679633274));
#1088 = CARTESIAN_POINT('',(1.344239755737,34.284778186259));
#1089 = CARTESIAN_POINT('',(1.313357420907,34.425821133346));
#1090 = CARTESIAN_POINT('',(1.289846740604,34.568327080298));
#1091 = CARTESIAN_POINT('',(1.274032832072,34.71177208892));
#1092 = CARTESIAN_POINT('',(1.266103672779,34.855771010381));
#1093 = CARTESIAN_POINT('',(1.266103672779,35.144199809401));
#1094 = CARTESIAN_POINT('',(1.274029624284,35.288169719618));
#1095 = CARTESIAN_POINT('',(1.289837158028,35.43158603201));
#1096 = CARTESIAN_POINT('',(1.313338440922,35.574063801031));
#1097 = CARTESIAN_POINT('',(1.344208587129,35.715079411796));
#1098 = CARTESIAN_POINT('',(1.406385768731,35.943064576107));
#1099 = CARTESIAN_POINT('',(1.433612457,36.031420512781));
#1100 = CARTESIAN_POINT('',(1.463692699223,36.118891492352));
#1101 = CARTESIAN_POINT('',(1.49658536459,36.205369235613));
#1102 = CARTESIAN_POINT('',(1.532277396673,36.290717511833));
#1103 = CARTESIAN_POINT('',(1.570796326795,36.374772708487));
#1104 = ( GEOMETRIC_REPRESENTATION_CONTEXT(2) 
PARAMETRIC_REPRESENTATION_CONTEXT() REPRESENTATION_CONTEXT('2D SPACE',''
  ) );
#1105 = PCURVE('',#362,#1106);
#1106 = DEFINITIONAL_REPRESENTATION('',(#1107),#1130);
#1107 = B_SPLINE_CURVE_WITH_KNOTS('',6,(#1108,#1109,#1110,#1111,#1112,
    #1113,#1114,#1115,#1116,#1117,#1118,#1119,#1120,#1121,#1122,#1123,
    #1124,#1125,#1126,#1127,#1128,#1129),.UNSPECIFIED.,.F.,.F.,(7,5,5,5,
    7),(0.,0.195480098972,0.500000111112,0.804458513167,1.),
  .UNSPECIFIED.);
#1108 = CARTESIAN_POINT('',(4.282689314233,1.));
#1109 = CARTESIAN_POINT('',(4.310698892479,1.));
#1110 = CARTESIAN_POINT('',(4.338707760503,1.001779053197));
#1111 = CARTESIAN_POINT('',(4.366701224153,1.004848952067));
#1112 = CARTESIAN_POINT('',(4.394675634095,1.008777937751));
#1113 = CARTESIAN_POINT('',(4.422636951794,1.013187224884));
#1114 = CARTESIAN_POINT('',(4.494159245014,1.024851590144));
#1115 = CARTESIAN_POINT('',(4.537797002302,1.032334821671));
#1116 = CARTESIAN_POINT('',(4.581428586652,1.038937714397));
#1117 = CARTESIAN_POINT('',(4.625047226757,1.043682095543));
#1118 = CARTESIAN_POINT('',(4.668683225955,1.046060798583));
#1119 = CARTESIAN_POINT('',(4.756085892325,1.046060798583));
#1120 = CARTESIAN_POINT('',(4.79971310027,1.043683057781));
#1121 = CARTESIAN_POINT('',(4.843322953171,1.038940589559));
#1122 = CARTESIAN_POINT('',(4.886945728424,1.032340150917));
#1123 = CARTESIAN_POINT('',(4.930574658373,1.024859145568));
#1124 = CARTESIAN_POINT('',(5.002096977843,1.013194168378));
#1125 = CARTESIAN_POINT('',(5.030067084563,1.008782888394));
#1126 = CARTESIAN_POINT('',(5.058050287452,1.004851853144));
#1127 = CARTESIAN_POINT('',(5.086052558452,1.001780173592));
#1128 = CARTESIAN_POINT('',(5.114070247651,1.));
#1129 = CARTESIAN_POINT('',(5.142088646536,1.));
#1130 = ( GEOMETRIC_REPRESENTATION_CONTEXT(2) 
PARAMETRIC_REPRESENTATION_CONTEXT() REPRESENTATION_CONTEXT('2D SPACE',''
  ) );
#1131 = ORIENTED_EDGE('',*,*,#1132,.T.);
#1132 = EDGE_CURVE('',#1053,#295,#1133,.T.);
#1133 = SURFACE_CURVE('',#1134,(#1138,#1145),.PCURVE_S1.);
#1134 = LINE('',#1135,#1136);
#1135 = CARTESIAN_POINT('',(19.,-2.99999995,1.0000001));
#1136 = VECTOR('',#1137,1.);
#1137 = DIRECTION('',(-1.,0.,1.110223024625E-16));
#1138 = PCURVE('',#72,#1139);
#1139 = DEFINITIONAL_REPRESENTATION('',(#1140),#1144);
#1140 = LINE('',#1141,#1142);
#1141 = CARTESIAN_POINT('',(1.570796326795,0.));
#1142 = VECTOR('',#1143,1.);
#1143 = DIRECTION('',(0.,1.));
#1144 = ( GEOMETRIC_REPRESENTATION_CONTEXT(2) 
PARAMETRIC_REPRESENTATION_CONTEXT() REPRESENTATION_CONTEXT('2D SPACE',''
  ) );
#1145 = PCURVE('',#334,#1146);
#1146 = DEFINITIONAL_REPRESENTATION('',(#1147),#1151);
#1147 = LINE('',#1148,#1149);
#1148 = CARTESIAN_POINT('',(1.110223024625E-16,1.));
#1149 = VECTOR('',#1150,1.);
#1150 = DIRECTION('',(1.,0.));
#1151 = ( GEOMETRIC_REPRESENTATION_CONTEXT(2) 
PARAMETRIC_REPRESENTATION_CONTEXT() REPRESENTATION_CONTEXT('2D SPACE',''
  ) );
#1152 = ORIENTED_EDGE('',*,*,#294,.F.);
#1153 = ORIENTED_EDGE('',*,*,#56,.F.);
#1154 = ORIENTED_EDGE('',*,*,#1155,.T.);
#1155 = EDGE_CURVE('',#57,#114,#1156,.T.);
#1156 = SURFACE_CURVE('',#1157,(#1196,#1238),.PCURVE_S1.);
#1157 = B_SPLINE_CURVE_WITH_KNOTS('',7,(#1158,#1159,#1160,#1161,#1162,
    #1163,#1164,#1165,#1166,#1167,#1168,#1169,#1170,#1171,#1172,#1173,
    #1174,#1175,#1176,#1177,#1178,#1179,#1180,#1181,#1182,#1183,#1184,
    #1185,#1186,#1187,#1188,#1189,#1190,#1191,#1192,#1193,#1194,#1195),
  .UNSPECIFIED.,.F.,.F.,(8,6,6,6,6,6,8),(0.,0.237381630604,
    0.383563515375,0.499993907703,0.617099055774,0.762747414782,1.),
  .UNSPECIFIED.);
#1158 = CARTESIAN_POINT('',(5.625227291513,-1.99999995,
    9.999999406318E-08));
#1159 = CARTESIAN_POINT('',(5.690920457563,-2.090313121819,
    9.999999406318E-08));
#1160 = CARTESIAN_POINT('',(5.763053949361,-2.174929314008,
    9.51579712202E-03));
#1161 = CARTESIAN_POINT('',(5.840820294849,-2.253124115892,
    2.638762548466E-02));
#1162 = CARTESIAN_POINT('',(5.923420164702,-2.3245398063,
    4.876621334171E-02));
#1163 = CARTESIAN_POINT('',(6.010158269724,-2.388993795089,
    7.495223232274E-02));
#1164 = CARTESIAN_POINT('',(6.100470698337,-2.446414346232,
    0.103296512935));
#1165 = CARTESIAN_POINT('',(6.251480269375,-2.527740476787,
    0.149844049744));
#1166 = CARTESIAN_POINT('',(6.310390083633,-2.556135780678,
    0.167810744764));
#1167 = CARTESIAN_POINT('',(6.370618531625,-2.581917209533,
    0.185625201818));
#1168 = CARTESIAN_POINT('',(6.432120719747,-2.605044543749,
    0.202885962294));
#1169 = CARTESIAN_POINT('',(6.494861922969,-2.625466719112,
    0.219158345915));
#1170 = CARTESIAN_POINT('',(6.55883200494,-2.643120162415,0.23398306034)
  );
#1171 = CARTESIAN_POINT('',(6.676009552973,-2.669690907641,
    0.257195477322));
#1172 = CARTESIAN_POINT('',(6.728874560468,-2.679681484806,
    0.266302350523));
#1173 = CARTESIAN_POINT('',(6.78239858376,-2.687757813453,0.273930575023
    ));
#1174 = CARTESIAN_POINT('',(6.836394383038,-2.693857182451,
    0.279836079693));
#1175 = CARTESIAN_POINT('',(6.890725929749,-2.697945861178,
    0.283843874703));
#1176 = CARTESIAN_POINT('',(6.945290616703,-2.69999995,0.285857257146));
#1177 = CARTESIAN_POINT('',(7.055026443731,-2.69999995,0.285857257146));
#1178 = CARTESIAN_POINT('',(7.109904447311,-2.697921984224,
    0.283820471762));
#1179 = CARTESIAN_POINT('',(7.164545082096,-2.693786171053,
    0.279766471987));
#1180 = CARTESIAN_POINT('',(7.218844813805,-2.687616894498,
    0.273794154756));
#1181 = CARTESIAN_POINT('',(7.272665820135,-2.679448437623,
    0.266082287438));
#1182 = CARTESIAN_POINT('',(7.325817833315,-2.669344713189,
    0.256879998916));
#1183 = CARTESIAN_POINT('',(7.442994181288,-2.642618130898,
    0.233561298787));
#1184 = CARTESIAN_POINT('',(7.50669945577,-2.624963521304,0.21875627386)
  );
#1185 = CARTESIAN_POINT('',(7.569183811053,-2.604562059142,
    0.202523287982));
#1186 = CARTESIAN_POINT('',(7.630437240887,-2.581476472199,
    0.185316204382));
#1187 = CARTESIAN_POINT('',(7.69042580902,-2.555757013223,0.167564393429
    ));
#1188 = CARTESIAN_POINT('',(7.749105684988,-2.52744298659,0.149664470577
    ));
#1189 = CARTESIAN_POINT('',(7.8998306929,-2.446222436113,0.103201913842)
  );
#1190 = CARTESIAN_POINT('',(7.990082999395,-2.38881454902,
    7.487943744212E-02));
#1191 = CARTESIAN_POINT('',(8.076764685596,-2.32438027205,
    4.871606476914E-02));
#1192 = CARTESIAN_POINT('',(8.159311437729,-2.252991995695,
    2.635889307652E-02));
#1193 = CARTESIAN_POINT('',(8.237028424296,-2.174832873914,
    9.504809107966E-03));
#1194 = CARTESIAN_POINT('',(8.309117484421,-2.090260960215,
    9.999999406318E-08));
#1195 = CARTESIAN_POINT('',(8.374772708487,-1.99999995,
    9.999999406318E-08));
#1196 = PCURVE('',#72,#1197);
#1197 = DEFINITIONAL_REPRESENTATION('',(#1198),#1237);
#1198 = B_SPLINE_CURVE_WITH_KNOTS('',7,(#1199,#1200,#1201,#1202,#1203,
    #1204,#1205,#1206,#1207,#1208,#1209,#1210,#1211,#1212,#1213,#1214,
    #1215,#1216,#1217,#1218,#1219,#1220,#1221,#1222,#1223,#1224,#1225,
    #1226,#1227,#1228,#1229,#1230,#1231,#1232,#1233,#1234,#1235,#1236),
  .UNSPECIFIED.,.F.,.F.,(8,6,6,6,6,6,8),(0.,0.237381630604,
    0.383563515375,0.499993907703,0.617099055774,0.762747414782,1.),
  .UNSPECIFIED.);
#1199 = CARTESIAN_POINT('',(0.,13.374772708487));
#1200 = CARTESIAN_POINT('',(9.031317181893E-02,13.309079542437));
#1201 = CARTESIAN_POINT('',(0.174929489717,13.236946050639));
#1202 = CARTESIAN_POINT('',(0.254326691948,13.159179705151));
#1203 = CARTESIAN_POINT('',(0.328671597837,13.076579835299));
#1204 = CARTESIAN_POINT('',(0.397937919856,12.989841730276));
#1205 = CARTESIAN_POINT('',(0.461852772494,12.899529301663));
#1206 = CARTESIAN_POINT('',(0.555557696026,12.748519730625));
#1207 = CARTESIAN_POINT('',(0.589126849762,12.689609916367));
#1208 = CARTESIAN_POINT('',(0.620425739278,12.629381468375));
#1209 = CARTESIAN_POINT('',(0.649255624835,12.567879280253));
#1210 = CARTESIAN_POINT('',(0.675353375486,12.505138077031));
#1211 = CARTESIAN_POINT('',(0.698401526864,12.44116799506));
#1212 = CARTESIAN_POINT('',(0.733683545005,12.323990447027));
#1213 = CARTESIAN_POINT('',(0.747198846838,12.271125439532));
#1214 = CARTESIAN_POINT('',(0.758306293938,12.21760141624));
#1215 = CARTESIAN_POINT('',(0.766795715686,12.163605616962));
#1216 = CARTESIAN_POINT('',(0.772521276438,12.109274070251));
#1217 = CARTESIAN_POINT('',(0.775397496611,12.054709383297));
#1218 = CARTESIAN_POINT('',(0.775397496611,11.944973556269));
#1219 = CARTESIAN_POINT('',(0.772487845345,11.890095552689));
#1220 = CARTESIAN_POINT('',(0.766696272002,11.835454917904));
#1221 = CARTESIAN_POINT('',(0.758110168189,11.781155186195));
#1222 = CARTESIAN_POINT('',(0.746878376281,11.727334179865));
#1223 = CARTESIAN_POINT('',(0.73321527388,11.674182166685));
#1224 = CARTESIAN_POINT('',(0.697745963531,11.557005818712));
#1225 = CARTESIAN_POINT('',(0.674709598467,11.49330054423));
#1226 = CARTESIAN_POINT('',(0.648652568536,11.430816188947));
#1227 = CARTESIAN_POINT('',(0.619888057093,11.369562759113));
#1228 = CARTESIAN_POINT('',(0.58867540824,11.30957419098));
#1229 = CARTESIAN_POINT('',(0.555210301172,11.250894315012));
#1230 = CARTESIAN_POINT('',(0.461639221248,11.1001693071));
#1231 = CARTESIAN_POINT('',(0.397745296129,11.009917000605));
#1232 = CARTESIAN_POINT('',(0.328505449587,10.923235314404));
#1233 = CARTESIAN_POINT('',(0.254192493177,10.840688562271));
#1234 = CARTESIAN_POINT('',(0.174833048359,10.762971575704));
#1235 = CARTESIAN_POINT('',(9.026101021512E-02,10.690882515579));
#1236 = CARTESIAN_POINT('',(0.,10.625227291513));
#1237 = ( GEOMETRIC_REPRESENTATION_CONTEXT(2) 
PARAMETRIC_REPRESENTATION_CONTEXT() REPRESENTATION_CONTEXT('2D SPACE',''
  ) );
#1238 = PCURVE('',#101,#1239);
#1239 = DEFINITIONAL_REPRESENTATION('',(#1240),#1279);
#1240 = B_SPLINE_CURVE_WITH_KNOTS('',7,(#1241,#1242,#1243,#1244,#1245,
    #1246,#1247,#1248,#1249,#1250,#1251,#1252,#1253,#1254,#1255,#1256,
    #1257,#1258,#1259,#1260,#1261,#1262,#1263,#1264,#1265,#1266,#1267,
    #1268,#1269,#1270,#1271,#1272,#1273,#1274,#1275,#1276,#1277,#1278),
  .UNSPECIFIED.,.F.,.F.,(8,6,6,6,6,6,8),(0.,0.237381630604,
    0.383563515375,0.499993907703,0.617099055774,0.762747414782,1.),
  .UNSPECIFIED.);
#1241 = CARTESIAN_POINT('',(0.628874925495,1.));
#1242 = CARTESIAN_POINT('',(0.694568091545,1.));
#1243 = CARTESIAN_POINT('',(0.759779650754,1.009515697122));
#1244 = CARTESIAN_POINT('',(0.824348971219,1.026387525485));
#1245 = CARTESIAN_POINT('',(0.888260555685,1.048766113342));
#1246 = CARTESIAN_POINT('',(0.951557357347,1.074952132323));
#1247 = CARTESIAN_POINT('',(1.014346284578,1.103296412935));
#1248 = CARTESIAN_POINT('',(1.115238206704,1.149843949744));
#1249 = CARTESIAN_POINT('',(1.153667893634,1.167810644764));
#1250 = CARTESIAN_POINT('',(1.192144121859,1.185625101818));
#1251 = CARTESIAN_POINT('',(1.230725352266,1.202885862294));
#1252 = CARTESIAN_POINT('',(1.269474090227,1.219158245915));
#1253 = CARTESIAN_POINT('',(1.308468372634,1.23398296034));
#1254 = CARTESIAN_POINT('',(1.379146213469,1.257195377322));
#1255 = CARTESIAN_POINT('',(1.410772945845,1.266302250523));
#1256 = CARTESIAN_POINT('',(1.442579102332,1.273930475023));
#1257 = CARTESIAN_POINT('',(1.47450321774,1.279835979693));
#1258 = CARTESIAN_POINT('',(1.506517490309,1.283843774703));
#1259 = CARTESIAN_POINT('',(1.53861433662,1.285857157146));
#1260 = CARTESIAN_POINT('',(1.603164823107,1.285857157146));
#1261 = CARTESIAN_POINT('',(1.635445972366,1.283820371762));
#1262 = CARTESIAN_POINT('',(1.667643016756,1.279766371987));
#1263 = CARTESIAN_POINT('',(1.699748718257,1.273794054756));
#1264 = CARTESIAN_POINT('',(1.73173511351,1.266082187438));
#1265 = CARTESIAN_POINT('',(1.763539768877,1.256879898917));
#1266 = CARTESIAN_POINT('',(1.834237249843,1.233561198787));
#1267 = CARTESIAN_POINT('',(1.873082071005,1.21875617386));
#1268 = CARTESIAN_POINT('',(1.911684109405,1.202523187982));
#1269 = CARTESIAN_POINT('',(1.950120522942,1.185316104382));
#1270 = CARTESIAN_POINT('',(1.988453378545,1.167564293429));
#1271 = CARTESIAN_POINT('',(2.026740889766,1.149664370577));
#1272 = CARTESIAN_POINT('',(2.127455990069,1.103201813842));
#1273 = CARTESIAN_POINT('',(2.19021136296,1.074879337442));
#1274 = CARTESIAN_POINT('',(2.253475022326,1.048715964769));
#1275 = CARTESIAN_POINT('',(2.317352918073,1.026358793076));
#1276 = CARTESIAN_POINT('',(2.38188738184,1.009504709108));
#1277 = CARTESIAN_POINT('',(2.447062504029,1.));
#1278 = CARTESIAN_POINT('',(2.512717728095,1.));
#1279 = ( GEOMETRIC_REPRESENTATION_CONTEXT(2) 
PARAMETRIC_REPRESENTATION_CONTEXT() REPRESENTATION_CONTEXT('2D SPACE',''
  ) );
#1280 = ORIENTED_EDGE('',*,*,#137,.F.);
#1281 = ORIENTED_EDGE('',*,*,#1282,.T.);
#1282 = EDGE_CURVE('',#138,#190,#1283,.T.);
#1283 = SURFACE_CURVE('',#1284,(#1323,#1365),.PCURVE_S1.);
#1284 = B_SPLINE_CURVE_WITH_KNOTS('',7,(#1285,#1286,#1287,#1288,#1289,
    #1290,#1291,#1292,#1293,#1294,#1295,#1296,#1297,#1298,#1299,#1300,
    #1301,#1302,#1303,#1304,#1305,#1306,#1307,#1308,#1309,#1310,#1311,
    #1312,#1313,#1314,#1315,#1316,#1317,#1318,#1319,#1320,#1321,#1322),
  .UNSPECIFIED.,.F.,.F.,(8,6,6,6,6,6,8),(0.,0.237381630605,
    0.383563515376,0.499993907704,0.617099055775,0.762747414782,1.),
  .UNSPECIFIED.);
#1285 = CARTESIAN_POINT('',(13.625227291513,-1.99999995,
    9.999999406318E-08));
#1286 = CARTESIAN_POINT('',(13.690920457563,-2.090313121819,
    9.999999406318E-08));
#1287 = CARTESIAN_POINT('',(13.763053949361,-2.174929314008,
    9.515797122134E-03));
#1288 = CARTESIAN_POINT('',(13.840820294848,-2.253124115892,
    2.638762548446E-02));
#1289 = CARTESIAN_POINT('',(13.923420164702,-2.3245398063,
    4.876621334188E-02));
#1290 = CARTESIAN_POINT('',(14.010158269724,-2.388993795089,
    7.495223232266E-02));
#1291 = CARTESIAN_POINT('',(14.100470698337,-2.446414346232,
    0.103296512935));
#1292 = CARTESIAN_POINT('',(14.251480269375,-2.527740476787,
    0.149844049744));
#1293 = CARTESIAN_POINT('',(14.310390083633,-2.556135780678,
    0.167810744764));
#1294 = CARTESIAN_POINT('',(14.370618531626,-2.581917209533,
    0.185625201819));
#1295 = CARTESIAN_POINT('',(14.432120719747,-2.605044543749,
    0.202885962294));
#1296 = CARTESIAN_POINT('',(14.494861922969,-2.625466719112,
    0.219158345915));
#1297 = CARTESIAN_POINT('',(14.55883200494,-2.643120162415,
    0.233983060339));
#1298 = CARTESIAN_POINT('',(14.676009552973,-2.669690907641,
    0.257195477322));
#1299 = CARTESIAN_POINT('',(14.728874560467,-2.679681484806,
    0.266302350523));
#1300 = CARTESIAN_POINT('',(14.78239858376,-2.687757813453,
    0.273930575023));
#1301 = CARTESIAN_POINT('',(14.836394383038,-2.693857182451,
    0.279836079693));
#1302 = CARTESIAN_POINT('',(14.890725929749,-2.697945861178,
    0.283843874703));
#1303 = CARTESIAN_POINT('',(14.945290616703,-2.69999995,0.285857257146)
  );
#1304 = CARTESIAN_POINT('',(15.055026443731,-2.69999995,0.285857257146)
  );
#1305 = CARTESIAN_POINT('',(15.109904447312,-2.697921984224,
    0.283820471762));
#1306 = CARTESIAN_POINT('',(15.164545082096,-2.693786171053,
    0.279766471987));
#1307 = CARTESIAN_POINT('',(15.218844813805,-2.687616894498,
    0.273794154756));
#1308 = CARTESIAN_POINT('',(15.272665820135,-2.679448437623,
    0.266082287438));
#1309 = CARTESIAN_POINT('',(15.325817833314,-2.669344713189,
    0.256879998917));
#1310 = CARTESIAN_POINT('',(15.442994181288,-2.642618130898,
    0.233561298787));
#1311 = CARTESIAN_POINT('',(15.50669945577,-2.624963521304,0.21875627386
    ));
#1312 = CARTESIAN_POINT('',(15.569183811053,-2.604562059142,
    0.202523287982));
#1313 = CARTESIAN_POINT('',(15.630437240887,-2.581476472199,
    0.185316204382));
#1314 = CARTESIAN_POINT('',(15.69042580902,-2.555757013223,
    0.167564393429));
#1315 = CARTESIAN_POINT('',(15.749105684988,-2.52744298659,
    0.149664470577));
#1316 = CARTESIAN_POINT('',(15.8998306929,-2.446222436113,0.103201913842
    ));
#1317 = CARTESIAN_POINT('',(15.990082999395,-2.38881454902,
    7.487943744212E-02));
#1318 = CARTESIAN_POINT('',(16.076764685596,-2.324380272049,
    4.871606476917E-02));
#1319 = CARTESIAN_POINT('',(16.159311437729,-2.252991995696,
    2.635889307649E-02));
#1320 = CARTESIAN_POINT('',(16.237028424296,-2.174832873914,
    9.504809107966E-03));
#1321 = CARTESIAN_POINT('',(16.309117484421,-2.090260960215,
    9.999999406318E-08));
#1322 = CARTESIAN_POINT('',(16.374772708487,-1.99999995,
    9.999999406318E-08));
#1323 = PCURVE('',#72,#1324);
#1324 = DEFINITIONAL_REPRESENTATION('',(#1325),#1364);
#1325 = B_SPLINE_CURVE_WITH_KNOTS('',7,(#1326,#1327,#1328,#1329,#1330,
    #1331,#1332,#1333,#1334,#1335,#1336,#1337,#1338,#1339,#1340,#1341,
    #1342,#1343,#1344,#1345,#1346,#1347,#1348,#1349,#1350,#1351,#1352,
    #1353,#1354,#1355,#1356,#1357,#1358,#1359,#1360,#1361,#1362,#1363),
  .UNSPECIFIED.,.F.,.F.,(8,6,6,6,6,6,8),(0.,0.237381630605,
    0.383563515376,0.499993907704,0.617099055775,0.762747414782,1.),
  .UNSPECIFIED.);
#1326 = CARTESIAN_POINT('',(0.,5.374772708487));
#1327 = CARTESIAN_POINT('',(9.031317181911E-02,5.309079542437));
#1328 = CARTESIAN_POINT('',(0.174929489717,5.236946050639));
#1329 = CARTESIAN_POINT('',(0.254326691948,5.159179705152));
#1330 = CARTESIAN_POINT('',(0.328671597837,5.076579835298));
#1331 = CARTESIAN_POINT('',(0.397937919856,4.989841730276));
#1332 = CARTESIAN_POINT('',(0.461852772494,4.899529301663));
#1333 = CARTESIAN_POINT('',(0.555557696026,4.748519730625));
#1334 = CARTESIAN_POINT('',(0.589126849762,4.689609916367));
#1335 = CARTESIAN_POINT('',(0.620425739279,4.629381468374));
#1336 = CARTESIAN_POINT('',(0.649255624835,4.567879280253));
#1337 = CARTESIAN_POINT('',(0.675353375485,4.505138077031));
#1338 = CARTESIAN_POINT('',(0.698401526864,4.44116799506));
#1339 = CARTESIAN_POINT('',(0.733683545005,4.323990447027));
#1340 = CARTESIAN_POINT('',(0.747198846838,4.271125439533));
#1341 = CARTESIAN_POINT('',(0.758306293938,4.21760141624));
#1342 = CARTESIAN_POINT('',(0.766795715686,4.163605616962));
#1343 = CARTESIAN_POINT('',(0.772521276438,4.109274070251));
#1344 = CARTESIAN_POINT('',(0.775397496611,4.054709383297));
#1345 = CARTESIAN_POINT('',(0.775397496611,3.944973556269));
#1346 = CARTESIAN_POINT('',(0.772487845345,3.890095552688));
#1347 = CARTESIAN_POINT('',(0.766696272002,3.835454917904));
#1348 = CARTESIAN_POINT('',(0.758110168189,3.781155186195));
#1349 = CARTESIAN_POINT('',(0.746878376281,3.727334179865));
#1350 = CARTESIAN_POINT('',(0.73321527388,3.674182166686));
#1351 = CARTESIAN_POINT('',(0.697745963531,3.557005818712));
#1352 = CARTESIAN_POINT('',(0.674709598467,3.49330054423));
#1353 = CARTESIAN_POINT('',(0.648652568536,3.430816188947));
#1354 = CARTESIAN_POINT('',(0.619888057093,3.369562759113));
#1355 = CARTESIAN_POINT('',(0.58867540824,3.30957419098));
#1356 = CARTESIAN_POINT('',(0.555210301172,3.250894315012));
#1357 = CARTESIAN_POINT('',(0.461639221248,3.1001693071));
#1358 = CARTESIAN_POINT('',(0.397745296129,3.009917000605));
#1359 = CARTESIAN_POINT('',(0.328505449586,2.923235314404));
#1360 = CARTESIAN_POINT('',(0.254192493178,2.840688562271));
#1361 = CARTESIAN_POINT('',(0.174833048359,2.762971575704));
#1362 = CARTESIAN_POINT('',(9.02610102152E-02,2.690882515579));
#1363 = CARTESIAN_POINT('',(0.,2.625227291513));
#1364 = ( GEOMETRIC_REPRESENTATION_CONTEXT(2) 
PARAMETRIC_REPRESENTATION_CONTEXT() REPRESENTATION_CONTEXT('2D SPACE',''
  ) );
#1365 = PCURVE('',#177,#1366);
#1366 = DEFINITIONAL_REPRESENTATION('',(#1367),#1406);
#1367 = B_SPLINE_CURVE_WITH_KNOTS('',7,(#1368,#1369,#1370,#1371,#1372,
    #1373,#1374,#1375,#1376,#1377,#1378,#1379,#1380,#1381,#1382,#1383,
    #1384,#1385,#1386,#1387,#1388,#1389,#1390,#1391,#1392,#1393,#1394,
    #1395,#1396,#1397,#1398,#1399,#1400,#1401,#1402,#1403,#1404,#1405),
  .UNSPECIFIED.,.F.,.F.,(8,6,6,6,6,6,8),(0.,0.237381630605,
    0.383563515376,0.499993907704,0.617099055775,0.762747414782,1.),
  .UNSPECIFIED.);
#1368 = CARTESIAN_POINT('',(0.628874925495,1.));
#1369 = CARTESIAN_POINT('',(0.694568091545,1.));
#1370 = CARTESIAN_POINT('',(0.759779650754,1.009515697122));
#1371 = CARTESIAN_POINT('',(0.824348971219,1.026387525485));
#1372 = CARTESIAN_POINT('',(0.888260555685,1.048766113342));
#1373 = CARTESIAN_POINT('',(0.951557357347,1.074952132323));
#1374 = CARTESIAN_POINT('',(1.014346284578,1.103296412935));
#1375 = CARTESIAN_POINT('',(1.115238206704,1.149843949744));
#1376 = CARTESIAN_POINT('',(1.153667893634,1.167810644764));
#1377 = CARTESIAN_POINT('',(1.192144121859,1.185625101819));
#1378 = CARTESIAN_POINT('',(1.230725352266,1.202885862294));
#1379 = CARTESIAN_POINT('',(1.269474090227,1.219158245915));
#1380 = CARTESIAN_POINT('',(1.308468372634,1.23398296034));
#1381 = CARTESIAN_POINT('',(1.379146213469,1.257195377322));
#1382 = CARTESIAN_POINT('',(1.410772945845,1.266302250523));
#1383 = CARTESIAN_POINT('',(1.442579102332,1.273930475023));
#1384 = CARTESIAN_POINT('',(1.47450321774,1.279835979693));
#1385 = CARTESIAN_POINT('',(1.506517490309,1.283843774703));
#1386 = CARTESIAN_POINT('',(1.53861433662,1.285857157146));
#1387 = CARTESIAN_POINT('',(1.603164823107,1.285857157146));
#1388 = CARTESIAN_POINT('',(1.635445972366,1.283820371762));
#1389 = CARTESIAN_POINT('',(1.667643016756,1.279766371987));
#1390 = CARTESIAN_POINT('',(1.699748718257,1.273794054756));
#1391 = CARTESIAN_POINT('',(1.731735113511,1.266082187438));
#1392 = CARTESIAN_POINT('',(1.763539768877,1.256879898917));
#1393 = CARTESIAN_POINT('',(1.834237249843,1.233561198787));
#1394 = CARTESIAN_POINT('',(1.873082071005,1.21875617386));
#1395 = CARTESIAN_POINT('',(1.911684109405,1.202523187982));
#1396 = CARTESIAN_POINT('',(1.950120522942,1.185316104382));
#1397 = CARTESIAN_POINT('',(1.988453378545,1.167564293429));
#1398 = CARTESIAN_POINT('',(2.026740889766,1.149664370577));
#1399 = CARTESIAN_POINT('',(2.127455990069,1.103201813842));
#1400 = CARTESIAN_POINT('',(2.19021136296,1.074879337442));
#1401 = CARTESIAN_POINT('',(2.253475022327,1.048715964769));
#1402 = CARTESIAN_POINT('',(2.317352918072,1.026358793077));
#1403 = CARTESIAN_POINT('',(2.38188738184,1.009504709108));
#1404 = CARTESIAN_POINT('',(2.447062504029,1.));
#1405 = CARTESIAN_POINT('',(2.512717728095,1.));
#1406 = ( GEOMETRIC_REPRESENTATION_CONTEXT(2) 
PARAMETRIC_REPRESENTATION_CONTEXT() REPRESENTATION_CONTEXT('2D SPACE',''
  ) );
#1407 = ADVANCED_FACE('',(#1408),#177,.F.);
#1408 = FACE_BOUND('',#1409,.F.);
#1409 = EDGE_LOOP('',(#1410,#1434,#1455,#1456,#1457,#1458));
#1410 = ORIENTED_EDGE('',*,*,#1411,.F.);
#1411 = EDGE_CURVE('',#1412,#1412,#1414,.T.);
#1412 = VERTEX_POINT('',#1413);
#1413 = CARTESIAN_POINT('',(13.3,-0.99999995,2.3500001));
#1414 = SURFACE_CURVE('',#1415,(#1420,#1427),.PCURVE_S1.);
#1415 = CIRCLE('',#1416,1.7);
#1416 = AXIS2_PLACEMENT_3D('',#1417,#1418,#1419);
#1417 = CARTESIAN_POINT('',(15.,-0.99999995,2.3500001));
#1418 = DIRECTION('',(1.110223024625E-16,0.,1.));
#1419 = DIRECTION('',(-1.,0.,1.110223024625E-16));
#1420 = PCURVE('',#177,#1421);
#1421 = DEFINITIONAL_REPRESENTATION('',(#1422),#1426);
#1422 = LINE('',#1423,#1424);
#1423 = CARTESIAN_POINT('',(0.,3.35));
#1424 = VECTOR('',#1425,1.);
#1425 = DIRECTION('',(1.,0.));
#1426 = ( GEOMETRIC_REPRESENTATION_CONTEXT(2) 
PARAMETRIC_REPRESENTATION_CONTEXT() REPRESENTATION_CONTEXT('2D SPACE',''
  ) );
#1427 = PCURVE('',#723,#1428);
#1428 = DEFINITIONAL_REPRESENTATION('',(#1429),#1433);
#1429 = CIRCLE('',#1430,1.7);
#1430 = AXIS2_PLACEMENT_2D('',#1431,#1432);
#1431 = CARTESIAN_POINT('',(4.5,-3.));
#1432 = DIRECTION('',(1.,0.));
#1433 = ( GEOMETRIC_REPRESENTATION_CONTEXT(2) 
PARAMETRIC_REPRESENTATION_CONTEXT() REPRESENTATION_CONTEXT('2D SPACE',''
  ) );
#1434 = ORIENTED_EDGE('',*,*,#1435,.F.);
#1435 = EDGE_CURVE('',#161,#1412,#1436,.T.);
#1436 = SEAM_CURVE('',#1437,(#1441,#1448),.PCURVE_S1.);
#1437 = LINE('',#1438,#1439);
#1438 = CARTESIAN_POINT('',(13.3,-0.99999995,-0.9999999));
#1439 = VECTOR('',#1440,1.);
#1440 = DIRECTION('',(1.110223024625E-16,0.,1.));
#1441 = PCURVE('',#177,#1442);
#1442 = DEFINITIONAL_REPRESENTATION('',(#1443),#1447);
#1443 = LINE('',#1444,#1445);
#1444 = CARTESIAN_POINT('',(6.28318530718,-0.));
#1445 = VECTOR('',#1446,1.);
#1446 = DIRECTION('',(0.,1.));
#1447 = ( GEOMETRIC_REPRESENTATION_CONTEXT(2) 
PARAMETRIC_REPRESENTATION_CONTEXT() REPRESENTATION_CONTEXT('2D SPACE',''
  ) );
#1448 = PCURVE('',#177,#1449);
#1449 = DEFINITIONAL_REPRESENTATION('',(#1450),#1454);
#1450 = LINE('',#1451,#1452);
#1451 = CARTESIAN_POINT('',(0.,-0.));
#1452 = VECTOR('',#1453,1.);
#1453 = DIRECTION('',(0.,1.));
#1454 = ( GEOMETRIC_REPRESENTATION_CONTEXT(2) 
PARAMETRIC_REPRESENTATION_CONTEXT() REPRESENTATION_CONTEXT('2D SPACE',''
  ) );
#1455 = ORIENTED_EDGE('',*,*,#160,.T.);
#1456 = ORIENTED_EDGE('',*,*,#1282,.T.);
#1457 = ORIENTED_EDGE('',*,*,#189,.T.);
#1458 = ORIENTED_EDGE('',*,*,#1435,.T.);
#1459 = ADVANCED_FACE('',(#1460),#101,.F.);
#1460 = FACE_BOUND('',#1461,.F.);
#1461 = EDGE_LOOP('',(#1462,#1486,#1507,#1508,#1509,#1510));
#1462 = ORIENTED_EDGE('',*,*,#1463,.F.);
#1463 = EDGE_CURVE('',#1464,#1464,#1466,.T.);
#1464 = VERTEX_POINT('',#1465);
#1465 = CARTESIAN_POINT('',(5.3,-0.99999995,2.3500001));
#1466 = SURFACE_CURVE('',#1467,(#1472,#1479),.PCURVE_S1.);
#1467 = CIRCLE('',#1468,1.7);
#1468 = AXIS2_PLACEMENT_3D('',#1469,#1470,#1471);
#1469 = CARTESIAN_POINT('',(7.,-0.99999995,2.3500001));
#1470 = DIRECTION('',(1.110223024625E-16,0.,1.));
#1471 = DIRECTION('',(-1.,0.,1.110223024625E-16));
#1472 = PCURVE('',#101,#1473);
#1473 = DEFINITIONAL_REPRESENTATION('',(#1474),#1478);
#1474 = LINE('',#1475,#1476);
#1475 = CARTESIAN_POINT('',(0.,3.35));
#1476 = VECTOR('',#1477,1.);
#1477 = DIRECTION('',(1.,0.));
#1478 = ( GEOMETRIC_REPRESENTATION_CONTEXT(2) 
PARAMETRIC_REPRESENTATION_CONTEXT() REPRESENTATION_CONTEXT('2D SPACE',''
  ) );
#1479 = PCURVE('',#723,#1480);
#1480 = DEFINITIONAL_REPRESENTATION('',(#1481),#1485);
#1481 = CIRCLE('',#1482,1.7);
#1482 = AXIS2_PLACEMENT_2D('',#1483,#1484);
#1483 = CARTESIAN_POINT('',(12.5,-3.));
#1484 = DIRECTION('',(1.,0.));
#1485 = ( GEOMETRIC_REPRESENTATION_CONTEXT(2) 
PARAMETRIC_REPRESENTATION_CONTEXT() REPRESENTATION_CONTEXT('2D SPACE',''
  ) );
#1486 = ORIENTED_EDGE('',*,*,#1487,.F.);
#1487 = EDGE_CURVE('',#85,#1464,#1488,.T.);
#1488 = SEAM_CURVE('',#1489,(#1493,#1500),.PCURVE_S1.);
#1489 = LINE('',#1490,#1491);
#1490 = CARTESIAN_POINT('',(5.3,-0.99999995,-0.9999999));
#1491 = VECTOR('',#1492,1.);
#1492 = DIRECTION('',(1.110223024625E-16,0.,1.));
#1493 = PCURVE('',#101,#1494);
#1494 = DEFINITIONAL_REPRESENTATION('',(#1495),#1499);
#1495 = LINE('',#1496,#1497);
#1496 = CARTESIAN_POINT('',(6.28318530718,-0.));
#1497 = VECTOR('',#1498,1.);
#1498 = DIRECTION('',(0.,1.));
#1499 = ( GEOMETRIC_REPRESENTATION_CONTEXT(2) 
PARAMETRIC_REPRESENTATION_CONTEXT() REPRESENTATION_CONTEXT('2D SPACE',''
  ) );
#1500 = PCURVE('',#101,#1501);
#1501 = DEFINITIONAL_REPRESENTATION('',(#1502),#1506);
#1502 = LINE('',#1503,#1504);
#1503 = CARTESIAN_POINT('',(0.,-0.));
#1504 = VECTOR('',#1505,1.);
#1505 = DIRECTION('',(0.,1.));
#1506 = ( GEOMETRIC_REPRESENTATION_CONTEXT(2) 
PARAMETRIC_REPRESENTATION_CONTEXT() REPRESENTATION_CONTEXT('2D SPACE',''
  ) );
#1507 = ORIENTED_EDGE('',*,*,#84,.T.);
#1508 = ORIENTED_EDGE('',*,*,#1155,.T.);
#1509 = ORIENTED_EDGE('',*,*,#113,.T.);
#1510 = ORIENTED_EDGE('',*,*,#1487,.T.);
#1511 = ADVANCED_FACE('',(#1512,#1538,#1569),#559,.T.);
#1512 = FACE_BOUND('',#1513,.T.);
#1513 = EDGE_LOOP('',(#1514,#1515,#1516,#1517));
#1514 = ORIENTED_EDGE('',*,*,#889,.F.);
#1515 = ORIENTED_EDGE('',*,*,#628,.T.);
#1516 = ORIENTED_EDGE('',*,*,#543,.T.);
#1517 = ORIENTED_EDGE('',*,*,#1518,.F.);
#1518 = EDGE_CURVE('',#866,#515,#1519,.T.);
#1519 = SURFACE_CURVE('',#1520,(#1524,#1531),.PCURVE_S1.);
#1520 = LINE('',#1521,#1522);
#1521 = CARTESIAN_POINT('',(19.,3.00000005,7.0000001));
#1522 = VECTOR('',#1523,1.);
#1523 = DIRECTION('',(-1.,0.,1.110223024625E-16));
#1524 = PCURVE('',#559,#1525);
#1525 = DEFINITIONAL_REPRESENTATION('',(#1526),#1530);
#1526 = LINE('',#1527,#1528);
#1527 = CARTESIAN_POINT('',(7.771561172376E-16,7.));
#1528 = VECTOR('',#1529,1.);
#1529 = DIRECTION('',(1.,0.));
#1530 = ( GEOMETRIC_REPRESENTATION_CONTEXT(2) 
PARAMETRIC_REPRESENTATION_CONTEXT() REPRESENTATION_CONTEXT('2D SPACE',''
  ) );
#1531 = PCURVE('',#531,#1532);
#1532 = DEFINITIONAL_REPRESENTATION('',(#1533),#1537);
#1533 = LINE('',#1534,#1535);
#1534 = CARTESIAN_POINT('',(1.570796326795,0.));
#1535 = VECTOR('',#1536,1.);
#1536 = DIRECTION('',(0.,1.));
#1537 = ( GEOMETRIC_REPRESENTATION_CONTEXT(2) 
PARAMETRIC_REPRESENTATION_CONTEXT() REPRESENTATION_CONTEXT('2D SPACE',''
  ) );
#1538 = FACE_BOUND('',#1539,.T.);
#1539 = EDGE_LOOP('',(#1540));
#1540 = ORIENTED_EDGE('',*,*,#1541,.F.);
#1541 = EDGE_CURVE('',#1542,#1542,#1544,.T.);
#1542 = VERTEX_POINT('',#1543);
#1543 = CARTESIAN_POINT('',(-9.7,3.00000005,4.0000001));
#1544 = SURFACE_CURVE('',#1545,(#1550,#1557),.PCURVE_S1.);
#1545 = CIRCLE('',#1546,1.7);
#1546 = AXIS2_PLACEMENT_3D('',#1547,#1548,#1549);
#1547 = CARTESIAN_POINT('',(-8.,3.00000005,4.0000001));
#1548 = DIRECTION('',(0.,1.,-0.));
#1549 = DIRECTION('',(-1.,0.,1.110223024625E-16));
#1550 = PCURVE('',#559,#1551);
#1551 = DEFINITIONAL_REPRESENTATION('',(#1552),#1556);
#1552 = CIRCLE('',#1553,1.7);
#1553 = AXIS2_PLACEMENT_2D('',#1554,#1555);
#1554 = CARTESIAN_POINT('',(27.,4.));
#1555 = DIRECTION('',(1.,0.));
#1556 = ( GEOMETRIC_REPRESENTATION_CONTEXT(2) 
PARAMETRIC_REPRESENTATION_CONTEXT() REPRESENTATION_CONTEXT('2D SPACE',''
  ) );
#1557 = PCURVE('',#1558,#1563);
#1558 = CYLINDRICAL_SURFACE('',#1559,1.7);
#1559 = AXIS2_PLACEMENT_3D('',#1560,#1561,#1562);
#1560 = CARTESIAN_POINT('',(-8.,-3.99999995,4.0000001));
#1561 = DIRECTION('',(0.,1.,0.));
#1562 = DIRECTION('',(-1.,0.,1.110223024625E-16));
#1563 = DEFINITIONAL_REPRESENTATION('',(#1564),#1568);
#1564 = LINE('',#1565,#1566);
#1565 = CARTESIAN_POINT('',(0.,7.));
#1566 = VECTOR('',#1567,1.);
#1567 = DIRECTION('',(1.,0.));
#1568 = ( GEOMETRIC_REPRESENTATION_CONTEXT(2) 
PARAMETRIC_REPRESENTATION_CONTEXT() REPRESENTATION_CONTEXT('2D SPACE',''
  ) );
#1569 = FACE_BOUND('',#1570,.T.);
#1570 = EDGE_LOOP('',(#1571));
#1571 = ORIENTED_EDGE('',*,*,#1572,.F.);
#1572 = EDGE_CURVE('',#1573,#1573,#1575,.T.);
#1573 = VERTEX_POINT('',#1574);
#1574 = CARTESIAN_POINT('',(-17.7,3.00000005,4.0000001));
#1575 = SURFACE_CURVE('',#1576,(#1581,#1588),.PCURVE_S1.);
#1576 = CIRCLE('',#1577,1.7);
#1577 = AXIS2_PLACEMENT_3D('',#1578,#1579,#1580);
#1578 = CARTESIAN_POINT('',(-16.,3.00000005,4.0000001));
#1579 = DIRECTION('',(0.,1.,-0.));
#1580 = DIRECTION('',(-1.,0.,1.110223024625E-16));
#1581 = PCURVE('',#559,#1582);
#1582 = DEFINITIONAL_REPRESENTATION('',(#1583),#1587);
#1583 = CIRCLE('',#1584,1.7);
#1584 = AXIS2_PLACEMENT_2D('',#1585,#1586);
#1585 = CARTESIAN_POINT('',(35.,4.));
#1586 = DIRECTION('',(1.,0.));
#1587 = ( GEOMETRIC_REPRESENTATION_CONTEXT(2) 
PARAMETRIC_REPRESENTATION_CONTEXT() REPRESENTATION_CONTEXT('2D SPACE',''
  ) );
#1588 = PCURVE('',#1589,#1594);
#1589 = CYLINDRICAL_SURFACE('',#1590,1.7);
#1590 = AXIS2_PLACEMENT_3D('',#1591,#1592,#1593);
#1591 = CARTESIAN_POINT('',(-16.,-3.99999995,4.0000001));
#1592 = DIRECTION('',(0.,1.,0.));
#1593 = DIRECTION('',(-1.,0.,1.110223024625E-16));
#1594 = DEFINITIONAL_REPRESENTATION('',(#1595),#1599);
#1595 = LINE('',#1596,#1597);
#1596 = CARTESIAN_POINT('',(0.,7.));
#1597 = VECTOR('',#1598,1.);
#1598 = DIRECTION('',(1.,0.));
#1599 = ( GEOMETRIC_REPRESENTATION_CONTEXT(2) 
PARAMETRIC_REPRESENTATION_CONTEXT() REPRESENTATION_CONTEXT('2D SPACE',''
  ) );
#1600 = ADVANCED_FACE('',(#1601),#531,.T.);
#1601 = FACE_BOUND('',#1602,.T.);
#1602 = EDGE_LOOP('',(#1603,#1604,#1605,#1606));
#1603 = ORIENTED_EDGE('',*,*,#865,.T.);
#1604 = ORIENTED_EDGE('',*,*,#1518,.T.);
#1605 = ORIENTED_EDGE('',*,*,#514,.F.);
#1606 = ORIENTED_EDGE('',*,*,#1607,.F.);
#1607 = EDGE_CURVE('',#843,#487,#1608,.T.);
#1608 = SURFACE_CURVE('',#1609,(#1613,#1620),.PCURVE_S1.);
#1609 = LINE('',#1610,#1611);
#1610 = CARTESIAN_POINT('',(19.,2.00000005,8.0000001));
#1611 = VECTOR('',#1612,1.);
#1612 = DIRECTION('',(-1.,0.,1.110223024625E-16));
#1613 = PCURVE('',#531,#1614);
#1614 = DEFINITIONAL_REPRESENTATION('',(#1615),#1619);
#1615 = LINE('',#1616,#1617);
#1616 = CARTESIAN_POINT('',(0.,0.));
#1617 = VECTOR('',#1618,1.);
#1618 = DIRECTION('',(0.,1.));
#1619 = ( GEOMETRIC_REPRESENTATION_CONTEXT(2) 
PARAMETRIC_REPRESENTATION_CONTEXT() REPRESENTATION_CONTEXT('2D SPACE',''
  ) );
#1620 = PCURVE('',#502,#1621);
#1621 = DEFINITIONAL_REPRESENTATION('',(#1622),#1626);
#1622 = LINE('',#1623,#1624);
#1623 = CARTESIAN_POINT('',(0.,-5.));
#1624 = VECTOR('',#1625,1.);
#1625 = DIRECTION('',(1.,0.));
#1626 = ( GEOMETRIC_REPRESENTATION_CONTEXT(2) 
PARAMETRIC_REPRESENTATION_CONTEXT() REPRESENTATION_CONTEXT('2D SPACE',''
  ) );
#1627 = ADVANCED_FACE('',(#1628),#502,.T.);
#1628 = FACE_BOUND('',#1629,.T.);
#1629 = EDGE_LOOP('',(#1630,#1631,#1654,#1683,#1707,#1730,#1759,#1783,
    #1804,#1805));
#1630 = ORIENTED_EDGE('',*,*,#486,.F.);
#1631 = ORIENTED_EDGE('',*,*,#1632,.F.);
#1632 = EDGE_CURVE('',#1633,#454,#1635,.T.);
#1633 = VERTEX_POINT('',#1634);
#1634 = CARTESIAN_POINT('',(5.625227291513,-1.99999995,8.0000001));
#1635 = SURFACE_CURVE('',#1636,(#1640,#1647),.PCURVE_S1.);
#1636 = LINE('',#1637,#1638);
#1637 = CARTESIAN_POINT('',(19.,-1.99999995,8.0000001));
#1638 = VECTOR('',#1639,1.);
#1639 = DIRECTION('',(-1.,0.,1.110223024625E-16));
#1640 = PCURVE('',#502,#1641);
#1641 = DEFINITIONAL_REPRESENTATION('',(#1642),#1646);
#1642 = LINE('',#1643,#1644);
#1643 = CARTESIAN_POINT('',(0.,-1.));
#1644 = VECTOR('',#1645,1.);
#1645 = DIRECTION('',(1.,0.));
#1646 = ( GEOMETRIC_REPRESENTATION_CONTEXT(2) 
PARAMETRIC_REPRESENTATION_CONTEXT() REPRESENTATION_CONTEXT('2D SPACE',''
  ) );
#1647 = PCURVE('',#474,#1648);
#1648 = DEFINITIONAL_REPRESENTATION('',(#1649),#1653);
#1649 = LINE('',#1650,#1651);
#1650 = CARTESIAN_POINT('',(-0.,0.));
#1651 = VECTOR('',#1652,1.);
#1652 = DIRECTION('',(-0.,1.));
#1653 = ( GEOMETRIC_REPRESENTATION_CONTEXT(2) 
PARAMETRIC_REPRESENTATION_CONTEXT() REPRESENTATION_CONTEXT('2D SPACE',''
  ) );
#1654 = ORIENTED_EDGE('',*,*,#1655,.F.);
#1655 = EDGE_CURVE('',#1656,#1633,#1658,.T.);
#1656 = VERTEX_POINT('',#1657);
#1657 = CARTESIAN_POINT('',(5.3,-0.99999995,8.0000001));
#1658 = SURFACE_CURVE('',#1659,(#1664,#1671),.PCURVE_S1.);
#1659 = CIRCLE('',#1660,1.7);
#1660 = AXIS2_PLACEMENT_3D('',#1661,#1662,#1663);
#1661 = CARTESIAN_POINT('',(7.,-0.99999995,8.0000001));
#1662 = DIRECTION('',(1.110223024625E-16,0.,1.));
#1663 = DIRECTION('',(-1.,0.,1.110223024625E-16));
#1664 = PCURVE('',#502,#1665);
#1665 = DEFINITIONAL_REPRESENTATION('',(#1666),#1670);
#1666 = CIRCLE('',#1667,1.7);
#1667 = AXIS2_PLACEMENT_2D('',#1668,#1669);
#1668 = CARTESIAN_POINT('',(12.,-2.));
#1669 = DIRECTION('',(1.,0.));
#1670 = ( GEOMETRIC_REPRESENTATION_CONTEXT(2) 
PARAMETRIC_REPRESENTATION_CONTEXT() REPRESENTATION_CONTEXT('2D SPACE',''
  ) );
#1671 = PCURVE('',#1672,#1677);
#1672 = CYLINDRICAL_SURFACE('',#1673,1.7);
#1673 = AXIS2_PLACEMENT_3D('',#1674,#1675,#1676);
#1674 = CARTESIAN_POINT('',(7.,-0.99999995,-0.9999999));
#1675 = DIRECTION('',(1.110223024625E-16,0.,1.));
#1676 = DIRECTION('',(-1.,0.,1.110223024625E-16));
#1677 = DEFINITIONAL_REPRESENTATION('',(#1678),#1682);
#1678 = LINE('',#1679,#1680);
#1679 = CARTESIAN_POINT('',(0.,9.));
#1680 = VECTOR('',#1681,1.);
#1681 = DIRECTION('',(1.,0.));
#1682 = ( GEOMETRIC_REPRESENTATION_CONTEXT(2) 
PARAMETRIC_REPRESENTATION_CONTEXT() REPRESENTATION_CONTEXT('2D SPACE',''
  ) );
#1683 = ORIENTED_EDGE('',*,*,#1684,.F.);
#1684 = EDGE_CURVE('',#1685,#1656,#1687,.T.);
#1685 = VERTEX_POINT('',#1686);
#1686 = CARTESIAN_POINT('',(8.374772708487,-1.99999995,8.0000001));
#1687 = SURFACE_CURVE('',#1688,(#1693,#1700),.PCURVE_S1.);
#1688 = CIRCLE('',#1689,1.7);
#1689 = AXIS2_PLACEMENT_3D('',#1690,#1691,#1692);
#1690 = CARTESIAN_POINT('',(7.,-0.99999995,8.0000001));
#1691 = DIRECTION('',(1.110223024625E-16,0.,1.));
#1692 = DIRECTION('',(-1.,0.,1.110223024625E-16));
#1693 = PCURVE('',#502,#1694);
#1694 = DEFINITIONAL_REPRESENTATION('',(#1695),#1699);
#1695 = CIRCLE('',#1696,1.7);
#1696 = AXIS2_PLACEMENT_2D('',#1697,#1698);
#1697 = CARTESIAN_POINT('',(12.,-2.));
#1698 = DIRECTION('',(1.,0.));
#1699 = ( GEOMETRIC_REPRESENTATION_CONTEXT(2) 
PARAMETRIC_REPRESENTATION_CONTEXT() REPRESENTATION_CONTEXT('2D SPACE',''
  ) );
#1700 = PCURVE('',#1672,#1701);
#1701 = DEFINITIONAL_REPRESENTATION('',(#1702),#1706);
#1702 = LINE('',#1703,#1704);
#1703 = CARTESIAN_POINT('',(0.,9.));
#1704 = VECTOR('',#1705,1.);
#1705 = DIRECTION('',(1.,0.));
#1706 = ( GEOMETRIC_REPRESENTATION_CONTEXT(2) 
PARAMETRIC_REPRESENTATION_CONTEXT() REPRESENTATION_CONTEXT('2D SPACE',''
  ) );
#1707 = ORIENTED_EDGE('',*,*,#1708,.F.);
#1708 = EDGE_CURVE('',#1709,#1685,#1711,.T.);
#1709 = VERTEX_POINT('',#1710);
#1710 = CARTESIAN_POINT('',(13.625227291513,-1.99999995,8.0000001));
#1711 = SURFACE_CURVE('',#1712,(#1716,#1723),.PCURVE_S1.);
#1712 = LINE('',#1713,#1714);
#1713 = CARTESIAN_POINT('',(19.,-1.99999995,8.0000001));
#1714 = VECTOR('',#1715,1.);
#1715 = DIRECTION('',(-1.,0.,1.110223024625E-16));
#1716 = PCURVE('',#502,#1717);
#1717 = DEFINITIONAL_REPRESENTATION('',(#1718),#1722);
#1718 = LINE('',#1719,#1720);
#1719 = CARTESIAN_POINT('',(0.,-1.));
#1720 = VECTOR('',#1721,1.);
#1721 = DIRECTION('',(1.,0.));
#1722 = ( GEOMETRIC_REPRESENTATION_CONTEXT(2) 
PARAMETRIC_REPRESENTATION_CONTEXT() REPRESENTATION_CONTEXT('2D SPACE',''
  ) );
#1723 = PCURVE('',#474,#1724);
#1724 = DEFINITIONAL_REPRESENTATION('',(#1725),#1729);
#1725 = LINE('',#1726,#1727);
#1726 = CARTESIAN_POINT('',(-0.,0.));
#1727 = VECTOR('',#1728,1.);
#1728 = DIRECTION('',(-0.,1.));
#1729 = ( GEOMETRIC_REPRESENTATION_CONTEXT(2) 
PARAMETRIC_REPRESENTATION_CONTEXT() REPRESENTATION_CONTEXT('2D SPACE',''
  ) );
#1730 = ORIENTED_EDGE('',*,*,#1731,.F.);
#1731 = EDGE_CURVE('',#1732,#1709,#1734,.T.);
#1732 = VERTEX_POINT('',#1733);
#1733 = CARTESIAN_POINT('',(13.3,-0.99999995,8.0000001));
#1734 = SURFACE_CURVE('',#1735,(#1740,#1747),.PCURVE_S1.);
#1735 = CIRCLE('',#1736,1.7);
#1736 = AXIS2_PLACEMENT_3D('',#1737,#1738,#1739);
#1737 = CARTESIAN_POINT('',(15.,-0.99999995,8.0000001));
#1738 = DIRECTION('',(1.110223024625E-16,0.,1.));
#1739 = DIRECTION('',(-1.,0.,1.110223024625E-16));
#1740 = PCURVE('',#502,#1741);
#1741 = DEFINITIONAL_REPRESENTATION('',(#1742),#1746);
#1742 = CIRCLE('',#1743,1.7);
#1743 = AXIS2_PLACEMENT_2D('',#1744,#1745);
#1744 = CARTESIAN_POINT('',(4.,-2.));
#1745 = DIRECTION('',(1.,0.));
#1746 = ( GEOMETRIC_REPRESENTATION_CONTEXT(2) 
PARAMETRIC_REPRESENTATION_CONTEXT() REPRESENTATION_CONTEXT('2D SPACE',''
  ) );
#1747 = PCURVE('',#1748,#1753);
#1748 = CYLINDRICAL_SURFACE('',#1749,1.7);
#1749 = AXIS2_PLACEMENT_3D('',#1750,#1751,#1752);
#1750 = CARTESIAN_POINT('',(15.,-0.99999995,-0.9999999));
#1751 = DIRECTION('',(1.110223024625E-16,0.,1.));
#1752 = DIRECTION('',(-1.,0.,1.110223024625E-16));
#1753 = DEFINITIONAL_REPRESENTATION('',(#1754),#1758);
#1754 = LINE('',#1755,#1756);
#1755 = CARTESIAN_POINT('',(0.,9.));
#1756 = VECTOR('',#1757,1.);
#1757 = DIRECTION('',(1.,0.));
#1758 = ( GEOMETRIC_REPRESENTATION_CONTEXT(2) 
PARAMETRIC_REPRESENTATION_CONTEXT() REPRESENTATION_CONTEXT('2D SPACE',''
  ) );
#1759 = ORIENTED_EDGE('',*,*,#1760,.F.);
#1760 = EDGE_CURVE('',#1761,#1732,#1763,.T.);
#1761 = VERTEX_POINT('',#1762);
#1762 = CARTESIAN_POINT('',(16.374772708487,-1.99999995,8.0000001));
#1763 = SURFACE_CURVE('',#1764,(#1769,#1776),.PCURVE_S1.);
#1764 = CIRCLE('',#1765,1.7);
#1765 = AXIS2_PLACEMENT_3D('',#1766,#1767,#1768);
#1766 = CARTESIAN_POINT('',(15.,-0.99999995,8.0000001));
#1767 = DIRECTION('',(1.110223024625E-16,0.,1.));
#1768 = DIRECTION('',(-1.,0.,1.110223024625E-16));
#1769 = PCURVE('',#502,#1770);
#1770 = DEFINITIONAL_REPRESENTATION('',(#1771),#1775);
#1771 = CIRCLE('',#1772,1.7);
#1772 = AXIS2_PLACEMENT_2D('',#1773,#1774);
#1773 = CARTESIAN_POINT('',(4.,-2.));
#1774 = DIRECTION('',(1.,0.));
#1775 = ( GEOMETRIC_REPRESENTATION_CONTEXT(2) 
PARAMETRIC_REPRESENTATION_CONTEXT() REPRESENTATION_CONTEXT('2D SPACE',''
  ) );
#1776 = PCURVE('',#1748,#1777);
#1777 = DEFINITIONAL_REPRESENTATION('',(#1778),#1782);
#1778 = LINE('',#1779,#1780);
#1779 = CARTESIAN_POINT('',(0.,9.));
#1780 = VECTOR('',#1781,1.);
#1781 = DIRECTION('',(1.,0.));
#1782 = ( GEOMETRIC_REPRESENTATION_CONTEXT(2) 
PARAMETRIC_REPRESENTATION_CONTEXT() REPRESENTATION_CONTEXT('2D SPACE',''
  ) );
#1783 = ORIENTED_EDGE('',*,*,#1784,.F.);
#1784 = EDGE_CURVE('',#815,#1761,#1785,.T.);
#1785 = SURFACE_CURVE('',#1786,(#1790,#1797),.PCURVE_S1.);
#1786 = LINE('',#1787,#1788);
#1787 = CARTESIAN_POINT('',(19.,-1.99999995,8.0000001));
#1788 = VECTOR('',#1789,1.);
#1789 = DIRECTION('',(-1.,0.,1.110223024625E-16));
#1790 = PCURVE('',#502,#1791);
#1791 = DEFINITIONAL_REPRESENTATION('',(#1792),#1796);
#1792 = LINE('',#1793,#1794);
#1793 = CARTESIAN_POINT('',(0.,-1.));
#1794 = VECTOR('',#1795,1.);
#1795 = DIRECTION('',(1.,0.));
#1796 = ( GEOMETRIC_REPRESENTATION_CONTEXT(2) 
PARAMETRIC_REPRESENTATION_CONTEXT() REPRESENTATION_CONTEXT('2D SPACE',''
  ) );
#1797 = PCURVE('',#474,#1798);
#1798 = DEFINITIONAL_REPRESENTATION('',(#1799),#1803);
#1799 = LINE('',#1800,#1801);
#1800 = CARTESIAN_POINT('',(-0.,0.));
#1801 = VECTOR('',#1802,1.);
#1802 = DIRECTION('',(-0.,1.));
#1803 = ( GEOMETRIC_REPRESENTATION_CONTEXT(2) 
PARAMETRIC_REPRESENTATION_CONTEXT() REPRESENTATION_CONTEXT('2D SPACE',''
  ) );
#1804 = ORIENTED_EDGE('',*,*,#842,.T.);
#1805 = ORIENTED_EDGE('',*,*,#1607,.T.);
#1806 = ADVANCED_FACE('',(#1807),#474,.T.);
#1807 = FACE_BOUND('',#1808,.F.);
#1808 = EDGE_LOOP('',(#1809,#1810,#1811,#1834,#1914,#1937,#2017,#2038,
    #2039,#2040,#2166,#2167));
#1809 = ORIENTED_EDGE('',*,*,#1784,.F.);
#1810 = ORIENTED_EDGE('',*,*,#814,.T.);
#1811 = ORIENTED_EDGE('',*,*,#1812,.T.);
#1812 = EDGE_CURVE('',#792,#1813,#1815,.T.);
#1813 = VERTEX_POINT('',#1814);
#1814 = CARTESIAN_POINT('',(-6.625227291513,-2.99999995,7.0000001));
#1815 = SURFACE_CURVE('',#1816,(#1820,#1827),.PCURVE_S1.);
#1816 = LINE('',#1817,#1818);
#1817 = CARTESIAN_POINT('',(19.,-2.99999995,7.0000001));
#1818 = VECTOR('',#1819,1.);
#1819 = DIRECTION('',(-1.,0.,1.110223024625E-16));
#1820 = PCURVE('',#474,#1821);
#1821 = DEFINITIONAL_REPRESENTATION('',(#1822),#1826);
#1822 = LINE('',#1823,#1824);
#1823 = CARTESIAN_POINT('',(-1.570796326795,0.));
#1824 = VECTOR('',#1825,1.);
#1825 = DIRECTION('',(-0.,1.));
#1826 = ( GEOMETRIC_REPRESENTATION_CONTEXT(2) 
PARAMETRIC_REPRESENTATION_CONTEXT() REPRESENTATION_CONTEXT('2D SPACE',''
  ) );
#1827 = PCURVE('',#695,#1828);
#1828 = DEFINITIONAL_REPRESENTATION('',(#1829),#1833);
#1829 = LINE('',#1830,#1831);
#1830 = CARTESIAN_POINT('',(7.771561172376E-16,7.));
#1831 = VECTOR('',#1832,1.);
#1832 = DIRECTION('',(1.,0.));
#1833 = ( GEOMETRIC_REPRESENTATION_CONTEXT(2) 
PARAMETRIC_REPRESENTATION_CONTEXT() REPRESENTATION_CONTEXT('2D SPACE',''
  ) );
#1834 = ORIENTED_EDGE('',*,*,#1835,.F.);
#1835 = EDGE_CURVE('',#1836,#1813,#1838,.T.);
#1836 = VERTEX_POINT('',#1837);
#1837 = CARTESIAN_POINT('',(-9.374772708487,-2.99999995,7.0000001));
#1838 = SURFACE_CURVE('',#1839,(#1862,#1888),.PCURVE_S1.);
#1839 = B_SPLINE_CURVE_WITH_KNOTS('',6,(#1840,#1841,#1842,#1843,#1844,
    #1845,#1846,#1847,#1848,#1849,#1850,#1851,#1852,#1853,#1854,#1855,
    #1856,#1857,#1858,#1859,#1860,#1861),.UNSPECIFIED.,.F.,.F.,(7,5,5,5,
    7),(0.,0.195497768814,0.500000547349,0.804244451852,1.),
  .UNSPECIFIED.);
#1840 = CARTESIAN_POINT('',(-9.374772708487,-2.99999995,7.0000001));
#1841 = CARTESIAN_POINT('',(-9.290736442582,-2.99999995,7.038510354963)
  );
#1842 = CARTESIAN_POINT('',(-9.20540768182,-2.998220577987,
    7.074194767078));
#1843 = CARTESIAN_POINT('',(-9.118949926334,-2.995150172346,
    7.106979140415));
#1844 = CARTESIAN_POINT('',(-9.031499320316,-2.991220603334,
    7.136820646379));
#1845 = CARTESIAN_POINT('',(-8.943164080359,-2.986810749007,
    7.163693806229));
#1846 = CARTESIAN_POINT('',(-8.715181288834,-2.975146209638,
    7.224775560941));
#1847 = CARTESIAN_POINT('',(-8.574146122554,-2.967663611747,
    7.254783878451));
#1848 = CARTESIAN_POINT('',(-8.431648193453,-2.961061417288,
    7.277354526626));
#1849 = CARTESIAN_POINT('',(-8.288211349098,-2.956317580483,
    7.29243669591));
#1850 = CARTESIAN_POINT('',(-8.144220681399,-2.953939151417,7.3000001));
#1851 = CARTESIAN_POINT('',(-7.855901928284,-2.953939151417,7.3000001));
#1852 = CARTESIAN_POINT('',(-7.712033058647,-2.956313539039,
    7.292449550228));
#1853 = CARTESIAN_POINT('',(-7.568716654369,-2.961049347,7.277392894867)
  );
#1854 = CARTESIAN_POINT('',(-7.42633699336,-2.967641244398,
    7.254860366725));
#1855 = CARTESIAN_POINT('',(-7.285416609175,-2.975114493009,
    7.224902680038));
#1856 = CARTESIAN_POINT('',(-7.057420002538,-2.986781584498,
    7.163871435722));
#1857 = CARTESIAN_POINT('',(-6.968963270758,-2.9911998066,7.136978466484
    ));
#1858 = CARTESIAN_POINT('',(-6.881393065508,-2.995137984389,
    7.107109185181));
#1859 = CARTESIAN_POINT('',(-6.794817980147,-2.998215870803,
    7.074289132901));
#1860 = CARTESIAN_POINT('',(-6.709374671892,-2.99999995,7.038561274012)
  );
#1861 = CARTESIAN_POINT('',(-6.625227291513,-2.99999995,7.0000001));
#1862 = PCURVE('',#474,#1863);
#1863 = DEFINITIONAL_REPRESENTATION('',(#1864),#1887);
#1864 = B_SPLINE_CURVE_WITH_KNOTS('',6,(#1865,#1866,#1867,#1868,#1869,
    #1870,#1871,#1872,#1873,#1874,#1875,#1876,#1877,#1878,#1879,#1880,
    #1881,#1882,#1883,#1884,#1885,#1886),.UNSPECIFIED.,.F.,.F.,(7,5,5,5,
    7),(0.,0.195497768814,0.500000547349,0.804244451852,1.),
  .UNSPECIFIED.);
#1865 = CARTESIAN_POINT('',(-1.570796326795,28.374772708487));
#1866 = CARTESIAN_POINT('',(-1.532286071832,28.290736442582));
#1867 = CARTESIAN_POINT('',(-1.496601442817,28.20540768182));
#1868 = CARTESIAN_POINT('',(-1.463714925728,28.118949926334));
#1869 = CARTESIAN_POINT('',(-1.433639558804,28.031499320316));
#1870 = CARTESIAN_POINT('',(-1.40641643217,27.94316408036));
#1871 = CARTESIAN_POINT('',(-1.344230885317,27.715181288834));
#1872 = CARTESIAN_POINT('',(-1.313352019496,27.574146122554));
#1873 = CARTESIAN_POINT('',(-1.289844013244,27.431648193453));
#1874 = CARTESIAN_POINT('',(-1.274031918728,27.288211349098));
#1875 = CARTESIAN_POINT('',(-1.266103672779,27.144220681399));
#1876 = CARTESIAN_POINT('',(-1.266103672779,26.855901928284));
#1877 = CARTESIAN_POINT('',(-1.274018445769,26.712033058647));
#1878 = CARTESIAN_POINT('',(-1.289803784548,26.568716654369));
#1879 = CARTESIAN_POINT('',(-1.313272359102,26.42633699336));
#1880 = CARTESIAN_POINT('',(-1.344100072587,26.285416609175));
#1881 = CARTESIAN_POINT('',(-1.406236485474,26.057420002538));
#1882 = CARTESIAN_POINT('',(-1.433480501499,25.968963270758));
#1883 = CARTESIAN_POINT('',(-1.463584475798,25.881393065508));
#1884 = CARTESIAN_POINT('',(-1.496507075502,25.794817980147));
#1885 = CARTESIAN_POINT('',(-1.532235152783,25.709374671892));
#1886 = CARTESIAN_POINT('',(-1.570796326795,25.625227291513));
#1887 = ( GEOMETRIC_REPRESENTATION_CONTEXT(2) 
PARAMETRIC_REPRESENTATION_CONTEXT() REPRESENTATION_CONTEXT('2D SPACE',''
  ) );
#1888 = PCURVE('',#993,#1889);
#1889 = DEFINITIONAL_REPRESENTATION('',(#1890),#1913);
#1890 = B_SPLINE_CURVE_WITH_KNOTS('',6,(#1891,#1892,#1893,#1894,#1895,
    #1896,#1897,#1898,#1899,#1900,#1901,#1902,#1903,#1904,#1905,#1906,
    #1907,#1908,#1909,#1910,#1911,#1912),.UNSPECIFIED.,.F.,.F.,(7,5,5,5,
    7),(0.,0.195497768814,0.500000547349,0.804244451852,1.),
  .UNSPECIFIED.);
#1891 = CARTESIAN_POINT('',(1.141096660643,1.));
#1892 = CARTESIAN_POINT('',(1.169108749279,1.));
#1893 = CARTESIAN_POINT('',(1.197120127805,1.001779372013));
#1894 = CARTESIAN_POINT('',(1.225116098189,1.004849777654));
#1895 = CARTESIAN_POINT('',(1.253093010836,1.008779346666));
#1896 = CARTESIAN_POINT('',(1.281056830016,1.013189200993));
#1897 = CARTESIAN_POINT('',(1.352579129345,1.024853740362));
#1898 = CARTESIAN_POINT('',(1.396214374099,1.032336338253));
#1899 = CARTESIAN_POINT('',(1.439843451878,1.038938532712));
#1900 = CARTESIAN_POINT('',(1.483459591938,1.043682369517));
#1901 = CARTESIAN_POINT('',(1.527093090007,1.046060798583));
#1902 = CARTESIAN_POINT('',(1.614462409133,1.046060798583));
#1903 = CARTESIAN_POINT('',(1.658058998869,1.043686410961));
#1904 = CARTESIAN_POINT('',(1.701638258229,1.038950603));
#1905 = CARTESIAN_POINT('',(1.745230363207,1.032358705602));
#1906 = CARTESIAN_POINT('',(1.788828545365,1.024885456991));
#1907 = CARTESIAN_POINT('',(1.860350929065,1.013218365502));
#1908 = CARTESIAN_POINT('',(1.888351655397,1.0088001434));
#1909 = CARTESIAN_POINT('',(1.916365492654,1.004861965611));
#1910 = CARTESIAN_POINT('',(1.944398447263,1.001784079197));
#1911 = CARTESIAN_POINT('',(1.972446866153,1.));
#1912 = CARTESIAN_POINT('',(2.000495992946,1.));
#1913 = ( GEOMETRIC_REPRESENTATION_CONTEXT(2) 
PARAMETRIC_REPRESENTATION_CONTEXT() REPRESENTATION_CONTEXT('2D SPACE',''
  ) );
#1914 = ORIENTED_EDGE('',*,*,#1915,.T.);
#1915 = EDGE_CURVE('',#1836,#1916,#1918,.T.);
#1916 = VERTEX_POINT('',#1917);
#1917 = CARTESIAN_POINT('',(-14.62522729151,-2.99999995,7.0000001));
#1918 = SURFACE_CURVE('',#1919,(#1923,#1930),.PCURVE_S1.);
#1919 = LINE('',#1920,#1921);
#1920 = CARTESIAN_POINT('',(19.,-2.99999995,7.0000001));
#1921 = VECTOR('',#1922,1.);
#1922 = DIRECTION('',(-1.,0.,1.110223024625E-16));
#1923 = PCURVE('',#474,#1924);
#1924 = DEFINITIONAL_REPRESENTATION('',(#1925),#1929);
#1925 = LINE('',#1926,#1927);
#1926 = CARTESIAN_POINT('',(-1.570796326795,0.));
#1927 = VECTOR('',#1928,1.);
#1928 = DIRECTION('',(-0.,1.));
#1929 = ( GEOMETRIC_REPRESENTATION_CONTEXT(2) 
PARAMETRIC_REPRESENTATION_CONTEXT() REPRESENTATION_CONTEXT('2D SPACE',''
  ) );
#1930 = PCURVE('',#1040,#1931);
#1931 = DEFINITIONAL_REPRESENTATION('',(#1932),#1936);
#1932 = LINE('',#1933,#1934);
#1933 = CARTESIAN_POINT('',(7.771561172376E-16,7.));
#1934 = VECTOR('',#1935,1.);
#1935 = DIRECTION('',(1.,0.));
#1936 = ( GEOMETRIC_REPRESENTATION_CONTEXT(2) 
PARAMETRIC_REPRESENTATION_CONTEXT() REPRESENTATION_CONTEXT('2D SPACE',''
  ) );
#1937 = ORIENTED_EDGE('',*,*,#1938,.F.);
#1938 = EDGE_CURVE('',#1939,#1916,#1941,.T.);
#1939 = VERTEX_POINT('',#1940);
#1940 = CARTESIAN_POINT('',(-17.37477270848,-2.99999995,7.0000001));
#1941 = SURFACE_CURVE('',#1942,(#1965,#1991),.PCURVE_S1.);
#1942 = B_SPLINE_CURVE_WITH_KNOTS('',6,(#1943,#1944,#1945,#1946,#1947,
    #1948,#1949,#1950,#1951,#1952,#1953,#1954,#1955,#1956,#1957,#1958,
    #1959,#1960,#1961,#1962,#1963,#1964),.UNSPECIFIED.,.F.,.F.,(7,5,5,5,
    7),(0.,0.195480098971,0.500000111111,0.804458513167,1.),
  .UNSPECIFIED.);
#1943 = CARTESIAN_POINT('',(-17.37477270848,-2.99999995,7.0000001));
#1944 = CARTESIAN_POINT('',(-17.29074397374,-2.99999995,7.038506903749)
  );
#1945 = CARTESIAN_POINT('',(-17.20542297656,-2.998220896803,
    7.074188370798));
#1946 = CARTESIAN_POINT('',(-17.11897317323,-2.995150997933,
    7.10697032513));
#1947 = CARTESIAN_POINT('',(-17.03153067315,-2.991222012249,
    7.13680994738));
#1948 = CARTESIAN_POINT('',(-16.94320366726,-2.986812725116,
    7.16368176309));
#1949 = CARTESIAN_POINT('',(-16.71522181374,-2.975148359856,
    7.224766940841));
#1950 = CARTESIAN_POINT('',(-16.57417886665,-2.967665128329,
    7.254778692097));
#1951 = CARTESIAN_POINT('',(-16.4316729197,-2.961062235603,
    7.277351925414));
#1952 = CARTESIAN_POINT('',(-16.28822791108,-2.956317854457,
    7.292435824497));
#1953 = CARTESIAN_POINT('',(-16.14422898961,-2.953939151417,7.3000001));
#1954 = CARTESIAN_POINT('',(-15.85580019059,-2.953939151417,7.3000001));
#1955 = CARTESIAN_POINT('',(-15.71183028038,-2.956316892219,
    7.292438884929));
#1956 = CARTESIAN_POINT('',(-15.56841396798,-2.961059360441,
    7.277361064928));
#1957 = CARTESIAN_POINT('',(-15.42593619897,-2.967659799083,
    7.254796916269));
#1958 = CARTESIAN_POINT('',(-15.2849205882,-2.975140804432,
    7.224797229842));
#1959 = CARTESIAN_POINT('',(-15.05693542389,-2.986805781622,
    7.16372407519));
#1960 = CARTESIAN_POINT('',(-14.96857948721,-2.991217061606,
    7.136847537579));
#1961 = CARTESIAN_POINT('',(-14.88110850764,-2.995148096856,
    7.107001297966));
#1962 = CARTESIAN_POINT('',(-14.79463076438,-2.998219776408,
    7.074210845072));
#1963 = CARTESIAN_POINT('',(-14.70928248816,-2.99999995,7.038519030122)
  );
#1964 = CARTESIAN_POINT('',(-14.62522729151,-2.99999995,7.0000001));
#1965 = PCURVE('',#474,#1966);
#1966 = DEFINITIONAL_REPRESENTATION('',(#1967),#1990);
#1967 = B_SPLINE_CURVE_WITH_KNOTS('',6,(#1968,#1969,#1970,#1971,#1972,
    #1973,#1974,#1975,#1976,#1977,#1978,#1979,#1980,#1981,#1982,#1983,
    #1984,#1985,#1986,#1987,#1988,#1989),.UNSPECIFIED.,.F.,.F.,(7,5,5,5,
    7),(0.,0.195480098971,0.500000111111,0.804458513167,1.),
  .UNSPECIFIED.);
#1968 = CARTESIAN_POINT('',(-1.570796326795,36.374772708487));
#1969 = CARTESIAN_POINT('',(-1.532289523046,36.290743973749));
#1970 = CARTESIAN_POINT('',(-1.4966078392,36.205422976567));
#1971 = CARTESIAN_POINT('',(-1.463723768437,36.118973173234));
#1972 = CARTESIAN_POINT('',(-1.433650341556,36.03153067315));
#1973 = CARTESIAN_POINT('',(-1.406428632217,35.94320366726));
#1974 = CARTESIAN_POINT('',(-1.344239755737,35.71522181374));
#1975 = CARTESIAN_POINT('',(-1.313357420907,35.574178866654));
#1976 = CARTESIAN_POINT('',(-1.289846740604,35.431672919702));
#1977 = CARTESIAN_POINT('',(-1.274032832072,35.28822791108));
#1978 = CARTESIAN_POINT('',(-1.266103672779,35.144228989619));
#1979 = CARTESIAN_POINT('',(-1.266103672779,34.855800190599));
#1980 = CARTESIAN_POINT('',(-1.274029624284,34.711830280382));
#1981 = CARTESIAN_POINT('',(-1.289837158028,34.56841396799));
#1982 = CARTESIAN_POINT('',(-1.313338440922,34.42593619897));
#1983 = CARTESIAN_POINT('',(-1.344208587129,34.284920588204));
#1984 = CARTESIAN_POINT('',(-1.406385768731,34.056935423893));
#1985 = CARTESIAN_POINT('',(-1.433612457,33.968579487219));
#1986 = CARTESIAN_POINT('',(-1.463692699223,33.881108507648));
#1987 = CARTESIAN_POINT('',(-1.49658536459,33.794630764387));
#1988 = CARTESIAN_POINT('',(-1.532277396673,33.709282488167));
#1989 = CARTESIAN_POINT('',(-1.570796326795,33.625227291513));
#1990 = ( GEOMETRIC_REPRESENTATION_CONTEXT(2) 
PARAMETRIC_REPRESENTATION_CONTEXT() REPRESENTATION_CONTEXT('2D SPACE',''
  ) );
#1991 = PCURVE('',#362,#1992);
#1992 = DEFINITIONAL_REPRESENTATION('',(#1993),#2016);
#1993 = B_SPLINE_CURVE_WITH_KNOTS('',6,(#1994,#1995,#1996,#1997,#1998,
    #1999,#2000,#2001,#2002,#2003,#2004,#2005,#2006,#2007,#2008,#2009,
    #2010,#2011,#2012,#2013,#2014,#2015),.UNSPECIFIED.,.F.,.F.,(7,5,5,5,
    7),(0.,0.195480098971,0.500000111111,0.804458513167,1.),
  .UNSPECIFIED.);
#1994 = CARTESIAN_POINT('',(1.141096660643,1.));
#1995 = CARTESIAN_POINT('',(1.16910623889,1.));
#1996 = CARTESIAN_POINT('',(1.197115106914,1.001779053197));
#1997 = CARTESIAN_POINT('',(1.225108570563,1.004848952067));
#1998 = CARTESIAN_POINT('',(1.253082980505,1.008777937751));
#1999 = CARTESIAN_POINT('',(1.281044298204,1.013187224884));
#2000 = CARTESIAN_POINT('',(1.352566591424,1.024851590144));
#2001 = CARTESIAN_POINT('',(1.396204348712,1.032334821671));
#2002 = CARTESIAN_POINT('',(1.439835933063,1.038937714397));
#2003 = CARTESIAN_POINT('',(1.483454573168,1.043682095543));
#2004 = CARTESIAN_POINT('',(1.527090572365,1.046060798583));
#2005 = CARTESIAN_POINT('',(1.614493238735,1.046060798583));
#2006 = CARTESIAN_POINT('',(1.658120446681,1.043683057781));
#2007 = CARTESIAN_POINT('',(1.701730299582,1.038940589559));
#2008 = CARTESIAN_POINT('',(1.745353074834,1.032340150917));
#2009 = CARTESIAN_POINT('',(1.788982004783,1.024859145568));
#2010 = CARTESIAN_POINT('',(1.860504324253,1.013194168378));
#2011 = CARTESIAN_POINT('',(1.888474430973,1.008782888394));
#2012 = CARTESIAN_POINT('',(1.916457633862,1.004851853144));
#2013 = CARTESIAN_POINT('',(1.944459904863,1.001780173592));
#2014 = CARTESIAN_POINT('',(1.972477594062,1.));
#2015 = CARTESIAN_POINT('',(2.000495992946,1.));
#2016 = ( GEOMETRIC_REPRESENTATION_CONTEXT(2) 
PARAMETRIC_REPRESENTATION_CONTEXT() REPRESENTATION_CONTEXT('2D SPACE',''
  ) );
#2017 = ORIENTED_EDGE('',*,*,#2018,.T.);
#2018 = EDGE_CURVE('',#1939,#426,#2019,.T.);
#2019 = SURFACE_CURVE('',#2020,(#2024,#2031),.PCURVE_S1.);
#2020 = LINE('',#2021,#2022);
#2021 = CARTESIAN_POINT('',(19.,-2.99999995,7.0000001));
#2022 = VECTOR('',#2023,1.);
#2023 = DIRECTION('',(-1.,0.,1.110223024625E-16));
#2024 = PCURVE('',#474,#2025);
#2025 = DEFINITIONAL_REPRESENTATION('',(#2026),#2030);
#2026 = LINE('',#2027,#2028);
#2027 = CARTESIAN_POINT('',(-1.570796326795,0.));
#2028 = VECTOR('',#2029,1.);
#2029 = DIRECTION('',(-0.,1.));
#2030 = ( GEOMETRIC_REPRESENTATION_CONTEXT(2) 
PARAMETRIC_REPRESENTATION_CONTEXT() REPRESENTATION_CONTEXT('2D SPACE',''
  ) );
#2031 = PCURVE('',#441,#2032);
#2032 = DEFINITIONAL_REPRESENTATION('',(#2033),#2037);
#2033 = LINE('',#2034,#2035);
#2034 = CARTESIAN_POINT('',(7.771561172376E-16,7.));
#2035 = VECTOR('',#2036,1.);
#2036 = DIRECTION('',(1.,0.));
#2037 = ( GEOMETRIC_REPRESENTATION_CONTEXT(2) 
PARAMETRIC_REPRESENTATION_CONTEXT() REPRESENTATION_CONTEXT('2D SPACE',''
  ) );
#2038 = ORIENTED_EDGE('',*,*,#453,.F.);
#2039 = ORIENTED_EDGE('',*,*,#1632,.F.);
#2040 = ORIENTED_EDGE('',*,*,#2041,.T.);
#2041 = EDGE_CURVE('',#1633,#1685,#2042,.T.);
#2042 = SURFACE_CURVE('',#2043,(#2082,#2124),.PCURVE_S1.);
#2043 = B_SPLINE_CURVE_WITH_KNOTS('',7,(#2044,#2045,#2046,#2047,#2048,
    #2049,#2050,#2051,#2052,#2053,#2054,#2055,#2056,#2057,#2058,#2059,
    #2060,#2061,#2062,#2063,#2064,#2065,#2066,#2067,#2068,#2069,#2070,
    #2071,#2072,#2073,#2074,#2075,#2076,#2077,#2078,#2079,#2080,#2081),
  .UNSPECIFIED.,.F.,.F.,(8,6,6,6,6,6,8),(0.,0.237381630603,
    0.383563515375,0.499993907703,0.617099055775,0.762747414782,1.),
  .UNSPECIFIED.);
#2044 = CARTESIAN_POINT('',(5.625227291513,-1.99999995,8.0000001));
#2045 = CARTESIAN_POINT('',(5.690920457563,-2.090313121819,8.0000001));
#2046 = CARTESIAN_POINT('',(5.76305394936,-2.174929314008,7.990484402878
    ));
#2047 = CARTESIAN_POINT('',(5.84082029485,-2.253124115893,7.973612574515
    ));
#2048 = CARTESIAN_POINT('',(5.9234201647,-2.324539806299,7.951233986659)
  );
#2049 = CARTESIAN_POINT('',(6.010158269725,-2.388993795089,
    7.925047967677));
#2050 = CARTESIAN_POINT('',(6.100470698337,-2.446414346232,
    7.896703687065));
#2051 = CARTESIAN_POINT('',(6.251480269375,-2.527740476787,
    7.850156150256));
#2052 = CARTESIAN_POINT('',(6.310390083633,-2.556135780678,
    7.832189455236));
#2053 = CARTESIAN_POINT('',(6.370618531625,-2.581917209533,
    7.814374998182));
#2054 = CARTESIAN_POINT('',(6.432120719747,-2.605044543749,
    7.797114237706));
#2055 = CARTESIAN_POINT('',(6.494861922969,-2.625466719112,
    7.780841854085));
#2056 = CARTESIAN_POINT('',(6.55883200494,-2.643120162415,7.76601713966)
  );
#2057 = CARTESIAN_POINT('',(6.676009552973,-2.669690907641,
    7.742804722678));
#2058 = CARTESIAN_POINT('',(6.728874560467,-2.679681484806,
    7.733697849477));
#2059 = CARTESIAN_POINT('',(6.78239858376,-2.687757813453,7.726069624977
    ));
#2060 = CARTESIAN_POINT('',(6.836394383038,-2.693857182451,
    7.720164120307));
#2061 = CARTESIAN_POINT('',(6.890725929749,-2.697945861178,
    7.716156325297));
#2062 = CARTESIAN_POINT('',(6.945290616703,-2.69999995,7.714142942854));
#2063 = CARTESIAN_POINT('',(7.055026443731,-2.69999995,7.714142942854));
#2064 = CARTESIAN_POINT('',(7.109904447312,-2.697921984224,
    7.716179728238));
#2065 = CARTESIAN_POINT('',(7.164545082096,-2.693786171053,
    7.720233728013));
#2066 = CARTESIAN_POINT('',(7.218844813805,-2.687616894498,
    7.726206045244));
#2067 = CARTESIAN_POINT('',(7.272665820135,-2.679448437623,
    7.733917912562));
#2068 = CARTESIAN_POINT('',(7.325817833314,-2.669344713189,
    7.743120201083));
#2069 = CARTESIAN_POINT('',(7.442994181288,-2.642618130898,
    7.766438901213));
#2070 = CARTESIAN_POINT('',(7.50669945577,-2.624963521304,7.78124392614)
  );
#2071 = CARTESIAN_POINT('',(7.569183811053,-2.604562059142,
    7.797476912018));
#2072 = CARTESIAN_POINT('',(7.630437240887,-2.581476472199,
    7.814683995618));
#2073 = CARTESIAN_POINT('',(7.69042580902,-2.555757013223,7.832435806571
    ));
#2074 = CARTESIAN_POINT('',(7.749105684988,-2.52744298659,7.850335729423
    ));
#2075 = CARTESIAN_POINT('',(7.8998306929,-2.446222436113,7.896798286158)
  );
#2076 = CARTESIAN_POINT('',(7.990082999395,-2.38881454902,7.925120762558
    ));
#2077 = CARTESIAN_POINT('',(8.076764685596,-2.32438027205,7.951284135231
    ));
#2078 = CARTESIAN_POINT('',(8.159311437729,-2.252991995696,
    7.973641306923));
#2079 = CARTESIAN_POINT('',(8.237028424296,-2.174832873914,
    7.990495390892));
#2080 = CARTESIAN_POINT('',(8.309117484421,-2.090260960215,8.0000001));
#2081 = CARTESIAN_POINT('',(8.374772708487,-1.99999995,8.0000001));
#2082 = PCURVE('',#474,#2083);
#2083 = DEFINITIONAL_REPRESENTATION('',(#2084),#2123);
#2084 = B_SPLINE_CURVE_WITH_KNOTS('',7,(#2085,#2086,#2087,#2088,#2089,
    #2090,#2091,#2092,#2093,#2094,#2095,#2096,#2097,#2098,#2099,#2100,
    #2101,#2102,#2103,#2104,#2105,#2106,#2107,#2108,#2109,#2110,#2111,
    #2112,#2113,#2114,#2115,#2116,#2117,#2118,#2119,#2120,#2121,#2122),
  .UNSPECIFIED.,.F.,.F.,(8,6,6,6,6,6,8),(0.,0.237381630603,
    0.383563515375,0.499993907703,0.617099055775,0.762747414782,1.),
  .UNSPECIFIED.);
#2085 = CARTESIAN_POINT('',(0.,13.374772708487));
#2086 = CARTESIAN_POINT('',(-9.031317181933E-02,13.309079542437));
#2087 = CARTESIAN_POINT('',(-0.174929489717,13.23694605064));
#2088 = CARTESIAN_POINT('',(-0.254326691949,13.15917970515));
#2089 = CARTESIAN_POINT('',(-0.328671597836,13.0765798353));
#2090 = CARTESIAN_POINT('',(-0.397937919856,12.989841730275));
#2091 = CARTESIAN_POINT('',(-0.461852772494,12.899529301663));
#2092 = CARTESIAN_POINT('',(-0.555557696026,12.748519730625));
#2093 = CARTESIAN_POINT('',(-0.589126849762,12.689609916367));
#2094 = CARTESIAN_POINT('',(-0.620425739278,12.629381468375));
#2095 = CARTESIAN_POINT('',(-0.649255624835,12.567879280253));
#2096 = CARTESIAN_POINT('',(-0.675353375485,12.505138077031));
#2097 = CARTESIAN_POINT('',(-0.698401526864,12.44116799506));
#2098 = CARTESIAN_POINT('',(-0.733683545005,12.323990447027));
#2099 = CARTESIAN_POINT('',(-0.747198846838,12.271125439533));
#2100 = CARTESIAN_POINT('',(-0.758306293938,12.21760141624));
#2101 = CARTESIAN_POINT('',(-0.766795715686,12.163605616962));
#2102 = CARTESIAN_POINT('',(-0.772521276438,12.109274070251));
#2103 = CARTESIAN_POINT('',(-0.775397496611,12.054709383297));
#2104 = CARTESIAN_POINT('',(-0.775397496611,11.944973556269));
#2105 = CARTESIAN_POINT('',(-0.772487845345,11.890095552688));
#2106 = CARTESIAN_POINT('',(-0.766696272002,11.835454917904));
#2107 = CARTESIAN_POINT('',(-0.758110168189,11.781155186195));
#2108 = CARTESIAN_POINT('',(-0.746878376281,11.727334179865));
#2109 = CARTESIAN_POINT('',(-0.73321527388,11.674182166686));
#2110 = CARTESIAN_POINT('',(-0.697745963531,11.557005818712));
#2111 = CARTESIAN_POINT('',(-0.674709598467,11.49330054423));
#2112 = CARTESIAN_POINT('',(-0.648652568536,11.430816188947));
#2113 = CARTESIAN_POINT('',(-0.619888057093,11.369562759113));
#2114 = CARTESIAN_POINT('',(-0.58867540824,11.30957419098));
#2115 = CARTESIAN_POINT('',(-0.555210301172,11.250894315012));
#2116 = CARTESIAN_POINT('',(-0.461639221248,11.1001693071));
#2117 = CARTESIAN_POINT('',(-0.397745296129,11.009917000605));
#2118 = CARTESIAN_POINT('',(-0.328505449587,10.923235314404));
#2119 = CARTESIAN_POINT('',(-0.254192493178,10.840688562271));
#2120 = CARTESIAN_POINT('',(-0.174833048359,10.762971575704));
#2121 = CARTESIAN_POINT('',(-9.026101021517E-02,10.690882515579));
#2122 = CARTESIAN_POINT('',(0.,10.625227291513));
#2123 = ( GEOMETRIC_REPRESENTATION_CONTEXT(2) 
PARAMETRIC_REPRESENTATION_CONTEXT() REPRESENTATION_CONTEXT('2D SPACE',''
  ) );
#2124 = PCURVE('',#1672,#2125);
#2125 = DEFINITIONAL_REPRESENTATION('',(#2126),#2165);
#2126 = B_SPLINE_CURVE_WITH_KNOTS('',7,(#2127,#2128,#2129,#2130,#2131,
    #2132,#2133,#2134,#2135,#2136,#2137,#2138,#2139,#2140,#2141,#2142,
    #2143,#2144,#2145,#2146,#2147,#2148,#2149,#2150,#2151,#2152,#2153,
    #2154,#2155,#2156,#2157,#2158,#2159,#2160,#2161,#2162,#2163,#2164),
  .UNSPECIFIED.,.F.,.F.,(8,6,6,6,6,6,8),(0.,0.237381630603,
    0.383563515375,0.499993907703,0.617099055775,0.762747414782,1.),
  .UNSPECIFIED.);
#2127 = CARTESIAN_POINT('',(0.628874925495,9.));
#2128 = CARTESIAN_POINT('',(0.694568091545,9.));
#2129 = CARTESIAN_POINT('',(0.759779650753,8.990484302878));
#2130 = CARTESIAN_POINT('',(0.82434897122,8.973612474515));
#2131 = CARTESIAN_POINT('',(0.888260555684,8.951233886658));
#2132 = CARTESIAN_POINT('',(0.951557357347,8.925047867677));
#2133 = CARTESIAN_POINT('',(1.014346284578,8.896703587065));
#2134 = CARTESIAN_POINT('',(1.115238206704,8.850156050256));
#2135 = CARTESIAN_POINT('',(1.153667893634,8.832189355236));
#2136 = CARTESIAN_POINT('',(1.192144121859,8.814374898182));
#2137 = CARTESIAN_POINT('',(1.230725352266,8.797114137706));
#2138 = CARTESIAN_POINT('',(1.269474090227,8.780841754085));
#2139 = CARTESIAN_POINT('',(1.308468372634,8.76601703966));
#2140 = CARTESIAN_POINT('',(1.379146213469,8.742804622678));
#2141 = CARTESIAN_POINT('',(1.410772945845,8.733697749477));
#2142 = CARTESIAN_POINT('',(1.442579102332,8.726069524977));
#2143 = CARTESIAN_POINT('',(1.47450321774,8.720164020307));
#2144 = CARTESIAN_POINT('',(1.506517490309,8.716156225297));
#2145 = CARTESIAN_POINT('',(1.53861433662,8.714142842854));
#2146 = CARTESIAN_POINT('',(1.603164823107,8.714142842854));
#2147 = CARTESIAN_POINT('',(1.635445972366,8.716179628238));
#2148 = CARTESIAN_POINT('',(1.667643016756,8.720233628013));
#2149 = CARTESIAN_POINT('',(1.699748718257,8.726205945244));
#2150 = CARTESIAN_POINT('',(1.73173511351,8.733917812562));
#2151 = CARTESIAN_POINT('',(1.763539768877,8.743120101083));
#2152 = CARTESIAN_POINT('',(1.834237249843,8.766438801213));
#2153 = CARTESIAN_POINT('',(1.873082071005,8.78124382614));
#2154 = CARTESIAN_POINT('',(1.911684109405,8.797476812018));
#2155 = CARTESIAN_POINT('',(1.950120522942,8.814683895618));
#2156 = CARTESIAN_POINT('',(1.988453378545,8.832435706571));
#2157 = CARTESIAN_POINT('',(2.026740889766,8.850335629423));
#2158 = CARTESIAN_POINT('',(2.127455990069,8.896798186158));
#2159 = CARTESIAN_POINT('',(2.19021136296,8.925120662558));
#2160 = CARTESIAN_POINT('',(2.253475022326,8.951284035231));
#2161 = CARTESIAN_POINT('',(2.317352918072,8.973641206924));
#2162 = CARTESIAN_POINT('',(2.38188738184,8.990495290892));
#2163 = CARTESIAN_POINT('',(2.447062504029,9.));
#2164 = CARTESIAN_POINT('',(2.512717728095,9.));
#2165 = ( GEOMETRIC_REPRESENTATION_CONTEXT(2) 
PARAMETRIC_REPRESENTATION_CONTEXT() REPRESENTATION_CONTEXT('2D SPACE',''
  ) );
#2166 = ORIENTED_EDGE('',*,*,#1708,.F.);
#2167 = ORIENTED_EDGE('',*,*,#2168,.T.);
#2168 = EDGE_CURVE('',#1709,#1761,#2169,.T.);
#2169 = SURFACE_CURVE('',#2170,(#2209,#2251),.PCURVE_S1.);
#2170 = B_SPLINE_CURVE_WITH_KNOTS('',7,(#2171,#2172,#2173,#2174,#2175,
    #2176,#2177,#2178,#2179,#2180,#2181,#2182,#2183,#2184,#2185,#2186,
    #2187,#2188,#2189,#2190,#2191,#2192,#2193,#2194,#2195,#2196,#2197,
    #2198,#2199,#2200,#2201,#2202,#2203,#2204,#2205,#2206,#2207,#2208),
  .UNSPECIFIED.,.F.,.F.,(8,6,6,6,6,6,8),(0.,0.237381630604,
    0.383563515376,0.499993907703,0.617099055775,0.762747414782,1.),
  .UNSPECIFIED.);
#2171 = CARTESIAN_POINT('',(13.625227291513,-1.99999995,8.0000001));
#2172 = CARTESIAN_POINT('',(13.690920457563,-2.090313121819,8.0000001));
#2173 = CARTESIAN_POINT('',(13.76305394936,-2.174929314008,
    7.990484402878));
#2174 = CARTESIAN_POINT('',(13.84082029485,-2.253124115893,
    7.973612574515));
#2175 = CARTESIAN_POINT('',(13.9234201647,-2.324539806299,7.951233986658
    ));
#2176 = CARTESIAN_POINT('',(14.010158269725,-2.388993795089,
    7.925047967677));
#2177 = CARTESIAN_POINT('',(14.100470698337,-2.446414346232,
    7.896703687065));
#2178 = CARTESIAN_POINT('',(14.251480269375,-2.527740476787,
    7.850156150256));
#2179 = CARTESIAN_POINT('',(14.310390083633,-2.556135780678,
    7.832189455236));
#2180 = CARTESIAN_POINT('',(14.370618531626,-2.581917209533,
    7.814374998181));
#2181 = CARTESIAN_POINT('',(14.432120719747,-2.605044543749,
    7.797114237706));
#2182 = CARTESIAN_POINT('',(14.494861922969,-2.625466719112,
    7.780841854085));
#2183 = CARTESIAN_POINT('',(14.55883200494,-2.643120162415,7.76601713966
    ));
#2184 = CARTESIAN_POINT('',(14.676009552973,-2.669690907641,
    7.742804722678));
#2185 = CARTESIAN_POINT('',(14.728874560467,-2.679681484806,
    7.733697849477));
#2186 = CARTESIAN_POINT('',(14.78239858376,-2.687757813453,
    7.726069624977));
#2187 = CARTESIAN_POINT('',(14.836394383038,-2.693857182451,
    7.720164120307));
#2188 = CARTESIAN_POINT('',(14.890725929749,-2.697945861178,
    7.716156325297));
#2189 = CARTESIAN_POINT('',(14.945290616703,-2.69999995,7.714142942854)
  );
#2190 = CARTESIAN_POINT('',(15.055026443731,-2.69999995,7.714142942854)
  );
#2191 = CARTESIAN_POINT('',(15.109904447312,-2.697921984224,
    7.716179728238));
#2192 = CARTESIAN_POINT('',(15.164545082096,-2.693786171053,
    7.720233728013));
#2193 = CARTESIAN_POINT('',(15.218844813805,-2.687616894498,
    7.726206045244));
#2194 = CARTESIAN_POINT('',(15.272665820135,-2.679448437623,
    7.733917912562));
#2195 = CARTESIAN_POINT('',(15.325817833314,-2.669344713189,
    7.743120201084));
#2196 = CARTESIAN_POINT('',(15.442994181288,-2.642618130898,
    7.766438901213));
#2197 = CARTESIAN_POINT('',(15.50669945577,-2.624963521304,7.78124392614
    ));
#2198 = CARTESIAN_POINT('',(15.569183811053,-2.604562059142,
    7.797476912018));
#2199 = CARTESIAN_POINT('',(15.630437240887,-2.581476472199,
    7.814683995618));
#2200 = CARTESIAN_POINT('',(15.69042580902,-2.555757013223,
    7.832435806571));
#2201 = CARTESIAN_POINT('',(15.749105684988,-2.52744298659,
    7.850335729423));
#2202 = CARTESIAN_POINT('',(15.8998306929,-2.446222436113,7.896798286158
    ));
#2203 = CARTESIAN_POINT('',(15.990082999395,-2.38881454902,
    7.925120762558));
#2204 = CARTESIAN_POINT('',(16.076764685596,-2.32438027205,
    7.951284135231));
#2205 = CARTESIAN_POINT('',(16.159311437729,-2.252991995696,
    7.973641306924));
#2206 = CARTESIAN_POINT('',(16.237028424296,-2.174832873914,
    7.990495390892));
#2207 = CARTESIAN_POINT('',(16.309117484421,-2.090260960215,8.0000001));
#2208 = CARTESIAN_POINT('',(16.374772708487,-1.99999995,8.0000001));
#2209 = PCURVE('',#474,#2210);
#2210 = DEFINITIONAL_REPRESENTATION('',(#2211),#2250);
#2211 = B_SPLINE_CURVE_WITH_KNOTS('',7,(#2212,#2213,#2214,#2215,#2216,
    #2217,#2218,#2219,#2220,#2221,#2222,#2223,#2224,#2225,#2226,#2227,
    #2228,#2229,#2230,#2231,#2232,#2233,#2234,#2235,#2236,#2237,#2238,
    #2239,#2240,#2241,#2242,#2243,#2244,#2245,#2246,#2247,#2248,#2249),
  .UNSPECIFIED.,.F.,.F.,(8,6,6,6,6,6,8),(0.,0.237381630604,
    0.383563515376,0.499993907703,0.617099055775,0.762747414782,1.),
  .UNSPECIFIED.);
#2212 = CARTESIAN_POINT('',(0.,5.374772708487));
#2213 = CARTESIAN_POINT('',(-9.031317181911E-02,5.309079542437));
#2214 = CARTESIAN_POINT('',(-0.174929489717,5.23694605064));
#2215 = CARTESIAN_POINT('',(-0.254326691949,5.15917970515));
#2216 = CARTESIAN_POINT('',(-0.328671597836,5.0765798353));
#2217 = CARTESIAN_POINT('',(-0.397937919856,4.989841730275));
#2218 = CARTESIAN_POINT('',(-0.461852772494,4.899529301663));
#2219 = CARTESIAN_POINT('',(-0.555557696026,4.748519730625));
#2220 = CARTESIAN_POINT('',(-0.589126849762,4.689609916367));
#2221 = CARTESIAN_POINT('',(-0.620425739278,4.629381468374));
#2222 = CARTESIAN_POINT('',(-0.649255624835,4.567879280253));
#2223 = CARTESIAN_POINT('',(-0.675353375485,4.505138077031));
#2224 = CARTESIAN_POINT('',(-0.698401526864,4.44116799506));
#2225 = CARTESIAN_POINT('',(-0.733683545005,4.323990447027));
#2226 = CARTESIAN_POINT('',(-0.747198846838,4.271125439533));
#2227 = CARTESIAN_POINT('',(-0.758306293938,4.21760141624));
#2228 = CARTESIAN_POINT('',(-0.766795715686,4.163605616962));
#2229 = CARTESIAN_POINT('',(-0.772521276438,4.109274070251));
#2230 = CARTESIAN_POINT('',(-0.775397496611,4.054709383297));
#2231 = CARTESIAN_POINT('',(-0.775397496611,3.944973556269));
#2232 = CARTESIAN_POINT('',(-0.772487845345,3.890095552689));
#2233 = CARTESIAN_POINT('',(-0.766696272002,3.835454917904));
#2234 = CARTESIAN_POINT('',(-0.758110168189,3.781155186195));
#2235 = CARTESIAN_POINT('',(-0.746878376281,3.727334179865));
#2236 = CARTESIAN_POINT('',(-0.73321527388,3.674182166686));
#2237 = CARTESIAN_POINT('',(-0.697745963531,3.557005818712));
#2238 = CARTESIAN_POINT('',(-0.674709598467,3.49330054423));
#2239 = CARTESIAN_POINT('',(-0.648652568536,3.430816188947));
#2240 = CARTESIAN_POINT('',(-0.619888057093,3.369562759113));
#2241 = CARTESIAN_POINT('',(-0.58867540824,3.30957419098));
#2242 = CARTESIAN_POINT('',(-0.555210301172,3.250894315012));
#2243 = CARTESIAN_POINT('',(-0.461639221248,3.1001693071));
#2244 = CARTESIAN_POINT('',(-0.397745296129,3.009917000605));
#2245 = CARTESIAN_POINT('',(-0.328505449586,2.923235314404));
#2246 = CARTESIAN_POINT('',(-0.254192493178,2.840688562271));
#2247 = CARTESIAN_POINT('',(-0.174833048359,2.762971575704));
#2248 = CARTESIAN_POINT('',(-9.026101021519E-02,2.690882515579));
#2249 = CARTESIAN_POINT('',(0.,2.625227291513));
#2250 = ( GEOMETRIC_REPRESENTATION_CONTEXT(2) 
PARAMETRIC_REPRESENTATION_CONTEXT() REPRESENTATION_CONTEXT('2D SPACE',''
  ) );
#2251 = PCURVE('',#1748,#2252);
#2252 = DEFINITIONAL_REPRESENTATION('',(#2253),#2292);
#2253 = B_SPLINE_CURVE_WITH_KNOTS('',7,(#2254,#2255,#2256,#2257,#2258,
    #2259,#2260,#2261,#2262,#2263,#2264,#2265,#2266,#2267,#2268,#2269,
    #2270,#2271,#2272,#2273,#2274,#2275,#2276,#2277,#2278,#2279,#2280,
    #2281,#2282,#2283,#2284,#2285,#2286,#2287,#2288,#2289,#2290,#2291),
  .UNSPECIFIED.,.F.,.F.,(8,6,6,6,6,6,8),(0.,0.237381630604,
    0.383563515376,0.499993907703,0.617099055775,0.762747414782,1.),
  .UNSPECIFIED.);
#2254 = CARTESIAN_POINT('',(0.628874925495,9.));
#2255 = CARTESIAN_POINT('',(0.694568091545,9.));
#2256 = CARTESIAN_POINT('',(0.759779650754,8.990484302878));
#2257 = CARTESIAN_POINT('',(0.82434897122,8.973612474515));
#2258 = CARTESIAN_POINT('',(0.888260555684,8.951233886658));
#2259 = CARTESIAN_POINT('',(0.951557357347,8.925047867677));
#2260 = CARTESIAN_POINT('',(1.014346284578,8.896703587065));
#2261 = CARTESIAN_POINT('',(1.115238206704,8.850156050256));
#2262 = CARTESIAN_POINT('',(1.153667893634,8.832189355236));
#2263 = CARTESIAN_POINT('',(1.192144121859,8.814374898181));
#2264 = CARTESIAN_POINT('',(1.230725352266,8.797114137706));
#2265 = CARTESIAN_POINT('',(1.269474090227,8.780841754085));
#2266 = CARTESIAN_POINT('',(1.308468372634,8.76601703966));
#2267 = CARTESIAN_POINT('',(1.379146213469,8.742804622678));
#2268 = CARTESIAN_POINT('',(1.410772945845,8.733697749477));
#2269 = CARTESIAN_POINT('',(1.442579102332,8.726069524977));
#2270 = CARTESIAN_POINT('',(1.47450321774,8.720164020307));
#2271 = CARTESIAN_POINT('',(1.506517490309,8.716156225297));
#2272 = CARTESIAN_POINT('',(1.53861433662,8.714142842854));
#2273 = CARTESIAN_POINT('',(1.603164823107,8.714142842854));
#2274 = CARTESIAN_POINT('',(1.635445972366,8.716179628238));
#2275 = CARTESIAN_POINT('',(1.667643016756,8.720233628013));
#2276 = CARTESIAN_POINT('',(1.699748718257,8.726205945244));
#2277 = CARTESIAN_POINT('',(1.73173511351,8.733917812562));
#2278 = CARTESIAN_POINT('',(1.763539768877,8.743120101083));
#2279 = CARTESIAN_POINT('',(1.834237249843,8.766438801213));
#2280 = CARTESIAN_POINT('',(1.873082071005,8.78124382614));
#2281 = CARTESIAN_POINT('',(1.911684109405,8.797476812018));
#2282 = CARTESIAN_POINT('',(1.950120522942,8.814683895618));
#2283 = CARTESIAN_POINT('',(1.988453378545,8.832435706571));
#2284 = CARTESIAN_POINT('',(2.026740889766,8.850335629423));
#2285 = CARTESIAN_POINT('',(2.127455990069,8.896798186158));
#2286 = CARTESIAN_POINT('',(2.19021136296,8.925120662558));
#2287 = CARTESIAN_POINT('',(2.253475022327,8.951284035231));
#2288 = CARTESIAN_POINT('',(2.317352918072,8.973641206923));
#2289 = CARTESIAN_POINT('',(2.38188738184,8.990495290892));
#2290 = CARTESIAN_POINT('',(2.447062504029,9.));
#2291 = CARTESIAN_POINT('',(2.512717728095,9.));
#2292 = ( GEOMETRIC_REPRESENTATION_CONTEXT(2) 
PARAMETRIC_REPRESENTATION_CONTEXT() REPRESENTATION_CONTEXT('2D SPACE',''
  ) );
#2293 = ADVANCED_FACE('',(#2294),#441,.F.);
#2294 = FACE_BOUND('',#2295,.F.);
#2295 = EDGE_LOOP('',(#2296,#2297,#2319));
#2296 = ORIENTED_EDGE('',*,*,#2018,.F.);
#2297 = ORIENTED_EDGE('',*,*,#2298,.F.);
#2298 = EDGE_CURVE('',#403,#1939,#2299,.T.);
#2299 = SURFACE_CURVE('',#2300,(#2305,#2312),.PCURVE_S1.);
#2300 = CIRCLE('',#2301,3.3);
#2301 = AXIS2_PLACEMENT_3D('',#2302,#2303,#2304);
#2302 = CARTESIAN_POINT('',(-16.,-2.99999995,4.0000001));
#2303 = DIRECTION('',(0.,1.,-0.));
#2304 = DIRECTION('',(-1.,0.,1.110223024625E-16));
#2305 = PCURVE('',#441,#2306);
#2306 = DEFINITIONAL_REPRESENTATION('',(#2307),#2311);
#2307 = CIRCLE('',#2308,3.3);
#2308 = AXIS2_PLACEMENT_2D('',#2309,#2310);
#2309 = CARTESIAN_POINT('',(35.,4.));
#2310 = DIRECTION('',(1.,0.));
#2311 = ( GEOMETRIC_REPRESENTATION_CONTEXT(2) 
PARAMETRIC_REPRESENTATION_CONTEXT() REPRESENTATION_CONTEXT('2D SPACE',''
  ) );
#2312 = PCURVE('',#362,#2313);
#2313 = DEFINITIONAL_REPRESENTATION('',(#2314),#2318);
#2314 = LINE('',#2315,#2316);
#2315 = CARTESIAN_POINT('',(0.,1.));
#2316 = VECTOR('',#2317,1.);
#2317 = DIRECTION('',(1.,0.));
#2318 = ( GEOMETRIC_REPRESENTATION_CONTEXT(2) 
PARAMETRIC_REPRESENTATION_CONTEXT() REPRESENTATION_CONTEXT('2D SPACE',''
  ) );
#2319 = ORIENTED_EDGE('',*,*,#425,.T.);
#2320 = ADVANCED_FACE('',(#2321),#362,.F.);
#2321 = FACE_BOUND('',#2322,.F.);
#2322 = EDGE_LOOP('',(#2323,#2345,#2346,#2347,#2348,#2370,#2371,#2393));
#2323 = ORIENTED_EDGE('',*,*,#2324,.F.);
#2324 = EDGE_CURVE('',#375,#347,#2325,.T.);
#2325 = SURFACE_CURVE('',#2326,(#2331,#2338),.PCURVE_S1.);
#2326 = CIRCLE('',#2327,3.3);
#2327 = AXIS2_PLACEMENT_3D('',#2328,#2329,#2330);
#2328 = CARTESIAN_POINT('',(-16.,5.00000005843E-08,4.0000001));
#2329 = DIRECTION('',(0.,1.,-0.));
#2330 = DIRECTION('',(-1.,0.,1.110223024625E-16));
#2331 = PCURVE('',#362,#2332);
#2332 = DEFINITIONAL_REPRESENTATION('',(#2333),#2337);
#2333 = LINE('',#2334,#2335);
#2334 = CARTESIAN_POINT('',(0.,4.));
#2335 = VECTOR('',#2336,1.);
#2336 = DIRECTION('',(1.,0.));
#2337 = ( GEOMETRIC_REPRESENTATION_CONTEXT(2) 
PARAMETRIC_REPRESENTATION_CONTEXT() REPRESENTATION_CONTEXT('2D SPACE',''
  ) );
#2338 = PCURVE('',#390,#2339);
#2339 = DEFINITIONAL_REPRESENTATION('',(#2340),#2344);
#2340 = CIRCLE('',#2341,3.3);
#2341 = AXIS2_PLACEMENT_2D('',#2342,#2343);
#2342 = CARTESIAN_POINT('',(0.,0.));
#2343 = DIRECTION('',(1.,0.));
#2344 = ( GEOMETRIC_REPRESENTATION_CONTEXT(2) 
PARAMETRIC_REPRESENTATION_CONTEXT() REPRESENTATION_CONTEXT('2D SPACE',''
  ) );
#2345 = ORIENTED_EDGE('',*,*,#402,.F.);
#2346 = ORIENTED_EDGE('',*,*,#2298,.T.);
#2347 = ORIENTED_EDGE('',*,*,#1938,.T.);
#2348 = ORIENTED_EDGE('',*,*,#2349,.T.);
#2349 = EDGE_CURVE('',#1916,#1025,#2350,.T.);
#2350 = SURFACE_CURVE('',#2351,(#2356,#2363),.PCURVE_S1.);
#2351 = CIRCLE('',#2352,3.3);
#2352 = AXIS2_PLACEMENT_3D('',#2353,#2354,#2355);
#2353 = CARTESIAN_POINT('',(-16.,-2.99999995,4.0000001));
#2354 = DIRECTION('',(0.,1.,-0.));
#2355 = DIRECTION('',(-1.,0.,1.110223024625E-16));
#2356 = PCURVE('',#362,#2357);
#2357 = DEFINITIONAL_REPRESENTATION('',(#2358),#2362);
#2358 = LINE('',#2359,#2360);
#2359 = CARTESIAN_POINT('',(0.,1.));
#2360 = VECTOR('',#2361,1.);
#2361 = DIRECTION('',(1.,0.));
#2362 = ( GEOMETRIC_REPRESENTATION_CONTEXT(2) 
PARAMETRIC_REPRESENTATION_CONTEXT() REPRESENTATION_CONTEXT('2D SPACE',''
  ) );
#2363 = PCURVE('',#1040,#2364);
#2364 = DEFINITIONAL_REPRESENTATION('',(#2365),#2369);
#2365 = CIRCLE('',#2366,3.3);
#2366 = AXIS2_PLACEMENT_2D('',#2367,#2368);
#2367 = CARTESIAN_POINT('',(35.,4.));
#2368 = DIRECTION('',(1.,0.));
#2369 = ( GEOMETRIC_REPRESENTATION_CONTEXT(2) 
PARAMETRIC_REPRESENTATION_CONTEXT() REPRESENTATION_CONTEXT('2D SPACE',''
  ) );
#2370 = ORIENTED_EDGE('',*,*,#1052,.T.);
#2371 = ORIENTED_EDGE('',*,*,#2372,.T.);
#2372 = EDGE_CURVE('',#1053,#319,#2373,.T.);
#2373 = SURFACE_CURVE('',#2374,(#2379,#2386),.PCURVE_S1.);
#2374 = CIRCLE('',#2375,3.3);
#2375 = AXIS2_PLACEMENT_3D('',#2376,#2377,#2378);
#2376 = CARTESIAN_POINT('',(-16.,-2.99999995,4.0000001));
#2377 = DIRECTION('',(0.,1.,-0.));
#2378 = DIRECTION('',(-1.,0.,1.110223024625E-16));
#2379 = PCURVE('',#362,#2380);
#2380 = DEFINITIONAL_REPRESENTATION('',(#2381),#2385);
#2381 = LINE('',#2382,#2383);
#2382 = CARTESIAN_POINT('',(0.,1.));
#2383 = VECTOR('',#2384,1.);
#2384 = DIRECTION('',(1.,0.));
#2385 = ( GEOMETRIC_REPRESENTATION_CONTEXT(2) 
PARAMETRIC_REPRESENTATION_CONTEXT() REPRESENTATION_CONTEXT('2D SPACE',''
  ) );
#2386 = PCURVE('',#334,#2387);
#2387 = DEFINITIONAL_REPRESENTATION('',(#2388),#2392);
#2388 = CIRCLE('',#2389,3.3);
#2389 = AXIS2_PLACEMENT_2D('',#2390,#2391);
#2390 = CARTESIAN_POINT('',(35.,4.));
#2391 = DIRECTION('',(1.,0.));
#2392 = ( GEOMETRIC_REPRESENTATION_CONTEXT(2) 
PARAMETRIC_REPRESENTATION_CONTEXT() REPRESENTATION_CONTEXT('2D SPACE',''
  ) );
#2393 = ORIENTED_EDGE('',*,*,#346,.T.);
#2394 = ADVANCED_FACE('',(#2395,#2399),#390,.F.);
#2395 = FACE_BOUND('',#2396,.F.);
#2396 = EDGE_LOOP('',(#2397,#2398));
#2397 = ORIENTED_EDGE('',*,*,#374,.F.);
#2398 = ORIENTED_EDGE('',*,*,#2324,.T.);
#2399 = FACE_BOUND('',#2400,.F.);
#2400 = EDGE_LOOP('',(#2401));
#2401 = ORIENTED_EDGE('',*,*,#2402,.F.);
#2402 = EDGE_CURVE('',#2403,#2403,#2405,.T.);
#2403 = VERTEX_POINT('',#2404);
#2404 = CARTESIAN_POINT('',(-17.7,5.00000005843E-08,4.0000001));
#2405 = SURFACE_CURVE('',#2406,(#2411,#2418),.PCURVE_S1.);
#2406 = CIRCLE('',#2407,1.7);
#2407 = AXIS2_PLACEMENT_3D('',#2408,#2409,#2410);
#2408 = CARTESIAN_POINT('',(-16.,5.00000005843E-08,4.0000001));
#2409 = DIRECTION('',(0.,1.,-0.));
#2410 = DIRECTION('',(-1.,0.,1.110223024625E-16));
#2411 = PCURVE('',#390,#2412);
#2412 = DEFINITIONAL_REPRESENTATION('',(#2413),#2417);
#2413 = CIRCLE('',#2414,1.7);
#2414 = AXIS2_PLACEMENT_2D('',#2415,#2416);
#2415 = CARTESIAN_POINT('',(0.,0.));
#2416 = DIRECTION('',(1.,0.));
#2417 = ( GEOMETRIC_REPRESENTATION_CONTEXT(2) 
PARAMETRIC_REPRESENTATION_CONTEXT() REPRESENTATION_CONTEXT('2D SPACE',''
  ) );
#2418 = PCURVE('',#1589,#2419);
#2419 = DEFINITIONAL_REPRESENTATION('',(#2420),#2424);
#2420 = LINE('',#2421,#2422);
#2421 = CARTESIAN_POINT('',(0.,4.));
#2422 = VECTOR('',#2423,1.);
#2423 = DIRECTION('',(1.,0.));
#2424 = ( GEOMETRIC_REPRESENTATION_CONTEXT(2) 
PARAMETRIC_REPRESENTATION_CONTEXT() REPRESENTATION_CONTEXT('2D SPACE',''
  ) );
#2425 = ADVANCED_FACE('',(#2426),#334,.F.);
#2426 = FACE_BOUND('',#2427,.F.);
#2427 = EDGE_LOOP('',(#2428,#2429,#2430));
#2428 = ORIENTED_EDGE('',*,*,#2372,.F.);
#2429 = ORIENTED_EDGE('',*,*,#1132,.T.);
#2430 = ORIENTED_EDGE('',*,*,#318,.T.);
#2431 = ADVANCED_FACE('',(#2432),#695,.F.);
#2432 = FACE_BOUND('',#2433,.F.);
#2433 = EDGE_LOOP('',(#2434,#2435,#2436,#2458,#2459,#2460,#2483,#2511));
#2434 = ORIENTED_EDGE('',*,*,#679,.F.);
#2435 = ORIENTED_EDGE('',*,*,#916,.T.);
#2436 = ORIENTED_EDGE('',*,*,#2437,.F.);
#2437 = EDGE_CURVE('',#1813,#917,#2438,.T.);
#2438 = SURFACE_CURVE('',#2439,(#2444,#2451),.PCURVE_S1.);
#2439 = CIRCLE('',#2440,3.3);
#2440 = AXIS2_PLACEMENT_3D('',#2441,#2442,#2443);
#2441 = CARTESIAN_POINT('',(-8.,-2.99999995,4.0000001));
#2442 = DIRECTION('',(0.,1.,-0.));
#2443 = DIRECTION('',(-1.,0.,1.110223024625E-16));
#2444 = PCURVE('',#695,#2445);
#2445 = DEFINITIONAL_REPRESENTATION('',(#2446),#2450);
#2446 = CIRCLE('',#2447,3.3);
#2447 = AXIS2_PLACEMENT_2D('',#2448,#2449);
#2448 = CARTESIAN_POINT('',(27.,4.));
#2449 = DIRECTION('',(1.,0.));
#2450 = ( GEOMETRIC_REPRESENTATION_CONTEXT(2) 
PARAMETRIC_REPRESENTATION_CONTEXT() REPRESENTATION_CONTEXT('2D SPACE',''
  ) );
#2451 = PCURVE('',#993,#2452);
#2452 = DEFINITIONAL_REPRESENTATION('',(#2453),#2457);
#2453 = LINE('',#2454,#2455);
#2454 = CARTESIAN_POINT('',(0.,1.));
#2455 = VECTOR('',#2456,1.);
#2456 = DIRECTION('',(1.,0.));
#2457 = ( GEOMETRIC_REPRESENTATION_CONTEXT(2) 
PARAMETRIC_REPRESENTATION_CONTEXT() REPRESENTATION_CONTEXT('2D SPACE',''
  ) );
#2458 = ORIENTED_EDGE('',*,*,#1812,.F.);
#2459 = ORIENTED_EDGE('',*,*,#791,.F.);
#2460 = ORIENTED_EDGE('',*,*,#2461,.F.);
#2461 = EDGE_CURVE('',#2462,#764,#2464,.T.);
#2462 = VERTEX_POINT('',#2463);
#2463 = CARTESIAN_POINT('',(2.5,-2.99999995,5.6500001));
#2464 = SURFACE_CURVE('',#2465,(#2469,#2476),.PCURVE_S1.);
#2465 = LINE('',#2466,#2467);
#2466 = CARTESIAN_POINT('',(19.25,-2.99999995,5.6500001));
#2467 = VECTOR('',#2468,1.);
#2468 = DIRECTION('',(1.,0.,-1.110223024625E-16));
#2469 = PCURVE('',#695,#2470);
#2470 = DEFINITIONAL_REPRESENTATION('',(#2471),#2475);
#2471 = LINE('',#2472,#2473);
#2472 = CARTESIAN_POINT('',(-0.25,5.65));
#2473 = VECTOR('',#2474,1.);
#2474 = DIRECTION('',(-1.,0.));
#2475 = ( GEOMETRIC_REPRESENTATION_CONTEXT(2) 
PARAMETRIC_REPRESENTATION_CONTEXT() REPRESENTATION_CONTEXT('2D SPACE',''
  ) );
#2476 = PCURVE('',#779,#2477);
#2477 = DEFINITIONAL_REPRESENTATION('',(#2478),#2482);
#2478 = LINE('',#2479,#2480);
#2479 = CARTESIAN_POINT('',(0.25,-1.));
#2480 = VECTOR('',#2481,1.);
#2481 = DIRECTION('',(-1.,0.));
#2482 = ( GEOMETRIC_REPRESENTATION_CONTEXT(2) 
PARAMETRIC_REPRESENTATION_CONTEXT() REPRESENTATION_CONTEXT('2D SPACE',''
  ) );
#2483 = ORIENTED_EDGE('',*,*,#2484,.F.);
#2484 = EDGE_CURVE('',#2485,#2462,#2487,.T.);
#2485 = VERTEX_POINT('',#2486);
#2486 = CARTESIAN_POINT('',(2.5,-2.99999995,2.3500001));
#2487 = SURFACE_CURVE('',#2488,(#2492,#2499),.PCURVE_S1.);
#2488 = LINE('',#2489,#2490);
#2489 = CARTESIAN_POINT('',(2.5,-2.99999995,1.1750001));
#2490 = VECTOR('',#2491,1.);
#2491 = DIRECTION('',(1.110223024625E-16,0.,1.));
#2492 = PCURVE('',#695,#2493);
#2493 = DEFINITIONAL_REPRESENTATION('',(#2494),#2498);
#2494 = LINE('',#2495,#2496);
#2495 = CARTESIAN_POINT('',(16.5,1.175));
#2496 = VECTOR('',#2497,1.);
#2497 = DIRECTION('',(0.,1.));
#2498 = ( GEOMETRIC_REPRESENTATION_CONTEXT(2) 
PARAMETRIC_REPRESENTATION_CONTEXT() REPRESENTATION_CONTEXT('2D SPACE',''
  ) );
#2499 = PCURVE('',#2500,#2505);
#2500 = PLANE('',#2501);
#2501 = AXIS2_PLACEMENT_3D('',#2502,#2503,#2504);
#2502 = CARTESIAN_POINT('',(2.5,-3.99999995,2.3500001));
#2503 = DIRECTION('',(-1.,0.,1.110223024625E-16));
#2504 = DIRECTION('',(1.110223024625E-16,0.,1.));
#2505 = DEFINITIONAL_REPRESENTATION('',(#2506),#2510);
#2506 = LINE('',#2507,#2508);
#2507 = CARTESIAN_POINT('',(-1.175,1.));
#2508 = VECTOR('',#2509,1.);
#2509 = DIRECTION('',(1.,0.));
#2510 = ( GEOMETRIC_REPRESENTATION_CONTEXT(2) 
PARAMETRIC_REPRESENTATION_CONTEXT() REPRESENTATION_CONTEXT('2D SPACE',''
  ) );
#2511 = ORIENTED_EDGE('',*,*,#2512,.T.);
#2512 = EDGE_CURVE('',#2485,#680,#2513,.T.);
#2513 = SURFACE_CURVE('',#2514,(#2518,#2525),.PCURVE_S1.);
#2514 = LINE('',#2515,#2516);
#2515 = CARTESIAN_POINT('',(19.25,-2.99999995,2.3500001));
#2516 = VECTOR('',#2517,1.);
#2517 = DIRECTION('',(1.,0.,-1.110223024625E-16));
#2518 = PCURVE('',#695,#2519);
#2519 = DEFINITIONAL_REPRESENTATION('',(#2520),#2524);
#2520 = LINE('',#2521,#2522);
#2521 = CARTESIAN_POINT('',(-0.25,2.35));
#2522 = VECTOR('',#2523,1.);
#2523 = DIRECTION('',(-1.,0.));
#2524 = ( GEOMETRIC_REPRESENTATION_CONTEXT(2) 
PARAMETRIC_REPRESENTATION_CONTEXT() REPRESENTATION_CONTEXT('2D SPACE',''
  ) );
#2525 = PCURVE('',#723,#2526);
#2526 = DEFINITIONAL_REPRESENTATION('',(#2527),#2531);
#2527 = LINE('',#2528,#2529);
#2528 = CARTESIAN_POINT('',(0.25,-1.));
#2529 = VECTOR('',#2530,1.);
#2530 = DIRECTION('',(-1.,0.));
#2531 = ( GEOMETRIC_REPRESENTATION_CONTEXT(2) 
PARAMETRIC_REPRESENTATION_CONTEXT() REPRESENTATION_CONTEXT('2D SPACE',''
  ) );
#2532 = ADVANCED_FACE('',(#2533,#2581,#2607),#779,.F.);
#2533 = FACE_BOUND('',#2534,.F.);
#2534 = EDGE_LOOP('',(#2535,#2558,#2559,#2560));
#2535 = ORIENTED_EDGE('',*,*,#2536,.F.);
#2536 = EDGE_CURVE('',#2462,#2537,#2539,.T.);
#2537 = VERTEX_POINT('',#2538);
#2538 = CARTESIAN_POINT('',(2.5,1.00000005,5.6500001));
#2539 = SURFACE_CURVE('',#2540,(#2544,#2551),.PCURVE_S1.);
#2540 = LINE('',#2541,#2542);
#2541 = CARTESIAN_POINT('',(2.5,-3.99999995,5.6500001));
#2542 = VECTOR('',#2543,1.);
#2543 = DIRECTION('',(0.,1.,0.));
#2544 = PCURVE('',#779,#2545);
#2545 = DEFINITIONAL_REPRESENTATION('',(#2546),#2550);
#2546 = LINE('',#2547,#2548);
#2547 = CARTESIAN_POINT('',(17.,0.));
#2548 = VECTOR('',#2549,1.);
#2549 = DIRECTION('',(0.,-1.));
#2550 = ( GEOMETRIC_REPRESENTATION_CONTEXT(2) 
PARAMETRIC_REPRESENTATION_CONTEXT() REPRESENTATION_CONTEXT('2D SPACE',''
  ) );
#2551 = PCURVE('',#2500,#2552);
#2552 = DEFINITIONAL_REPRESENTATION('',(#2553),#2557);
#2553 = LINE('',#2554,#2555);
#2554 = CARTESIAN_POINT('',(3.3,0.));
#2555 = VECTOR('',#2556,1.);
#2556 = DIRECTION('',(0.,1.));
#2557 = ( GEOMETRIC_REPRESENTATION_CONTEXT(2) 
PARAMETRIC_REPRESENTATION_CONTEXT() REPRESENTATION_CONTEXT('2D SPACE',''
  ) );
#2558 = ORIENTED_EDGE('',*,*,#2461,.T.);
#2559 = ORIENTED_EDGE('',*,*,#763,.T.);
#2560 = ORIENTED_EDGE('',*,*,#2561,.T.);
#2561 = EDGE_CURVE('',#736,#2537,#2562,.T.);
#2562 = SURFACE_CURVE('',#2563,(#2567,#2574),.PCURVE_S1.);
#2563 = LINE('',#2564,#2565);
#2564 = CARTESIAN_POINT('',(19.5,1.00000005,5.6500001));
#2565 = VECTOR('',#2566,1.);
#2566 = DIRECTION('',(-1.,0.,1.110223024625E-16));
#2567 = PCURVE('',#779,#2568);
#2568 = DEFINITIONAL_REPRESENTATION('',(#2569),#2573);
#2569 = LINE('',#2570,#2571);
#2570 = CARTESIAN_POINT('',(0.,-5.));
#2571 = VECTOR('',#2572,1.);
#2572 = DIRECTION('',(1.,0.));
#2573 = ( GEOMETRIC_REPRESENTATION_CONTEXT(2) 
PARAMETRIC_REPRESENTATION_CONTEXT() REPRESENTATION_CONTEXT('2D SPACE',''
  ) );
#2574 = PCURVE('',#751,#2575);
#2575 = DEFINITIONAL_REPRESENTATION('',(#2576),#2580);
#2576 = LINE('',#2577,#2578);
#2577 = CARTESIAN_POINT('',(3.663735981263E-16,3.3));
#2578 = VECTOR('',#2579,1.);
#2579 = DIRECTION('',(1.,0.));
#2580 = ( GEOMETRIC_REPRESENTATION_CONTEXT(2) 
PARAMETRIC_REPRESENTATION_CONTEXT() REPRESENTATION_CONTEXT('2D SPACE',''
  ) );
#2581 = FACE_BOUND('',#2582,.F.);
#2582 = EDGE_LOOP('',(#2583));
#2583 = ORIENTED_EDGE('',*,*,#2584,.F.);
#2584 = EDGE_CURVE('',#2585,#2585,#2587,.T.);
#2585 = VERTEX_POINT('',#2586);
#2586 = CARTESIAN_POINT('',(13.3,-0.99999995,5.6500001));
#2587 = SURFACE_CURVE('',#2588,(#2593,#2600),.PCURVE_S1.);
#2588 = CIRCLE('',#2589,1.7);
#2589 = AXIS2_PLACEMENT_3D('',#2590,#2591,#2592);
#2590 = CARTESIAN_POINT('',(15.,-0.99999995,5.6500001));
#2591 = DIRECTION('',(1.110223024625E-16,0.,1.));
#2592 = DIRECTION('',(-1.,0.,1.110223024625E-16));
#2593 = PCURVE('',#779,#2594);
#2594 = DEFINITIONAL_REPRESENTATION('',(#2595),#2599);
#2595 = CIRCLE('',#2596,1.7);
#2596 = AXIS2_PLACEMENT_2D('',#2597,#2598);
#2597 = CARTESIAN_POINT('',(4.5,-3.));
#2598 = DIRECTION('',(1.,0.));
#2599 = ( GEOMETRIC_REPRESENTATION_CONTEXT(2) 
PARAMETRIC_REPRESENTATION_CONTEXT() REPRESENTATION_CONTEXT('2D SPACE',''
  ) );
#2600 = PCURVE('',#1748,#2601);
#2601 = DEFINITIONAL_REPRESENTATION('',(#2602),#2606);
#2602 = LINE('',#2603,#2604);
#2603 = CARTESIAN_POINT('',(0.,6.65));
#2604 = VECTOR('',#2605,1.);
#2605 = DIRECTION('',(1.,0.));
#2606 = ( GEOMETRIC_REPRESENTATION_CONTEXT(2) 
PARAMETRIC_REPRESENTATION_CONTEXT() REPRESENTATION_CONTEXT('2D SPACE',''
  ) );
#2607 = FACE_BOUND('',#2608,.F.);
#2608 = EDGE_LOOP('',(#2609));
#2609 = ORIENTED_EDGE('',*,*,#2610,.F.);
#2610 = EDGE_CURVE('',#2611,#2611,#2613,.T.);
#2611 = VERTEX_POINT('',#2612);
#2612 = CARTESIAN_POINT('',(5.3,-0.99999995,5.6500001));
#2613 = SURFACE_CURVE('',#2614,(#2619,#2626),.PCURVE_S1.);
#2614 = CIRCLE('',#2615,1.7);
#2615 = AXIS2_PLACEMENT_3D('',#2616,#2617,#2618);
#2616 = CARTESIAN_POINT('',(7.,-0.99999995,5.6500001));
#2617 = DIRECTION('',(1.110223024625E-16,0.,1.));
#2618 = DIRECTION('',(-1.,0.,1.110223024625E-16));
#2619 = PCURVE('',#779,#2620);
#2620 = DEFINITIONAL_REPRESENTATION('',(#2621),#2625);
#2621 = CIRCLE('',#2622,1.7);
#2622 = AXIS2_PLACEMENT_2D('',#2623,#2624);
#2623 = CARTESIAN_POINT('',(12.5,-3.));
#2624 = DIRECTION('',(1.,0.));
#2625 = ( GEOMETRIC_REPRESENTATION_CONTEXT(2) 
PARAMETRIC_REPRESENTATION_CONTEXT() REPRESENTATION_CONTEXT('2D SPACE',''
  ) );
#2626 = PCURVE('',#1672,#2627);
#2627 = DEFINITIONAL_REPRESENTATION('',(#2628),#2632);
#2628 = LINE('',#2629,#2630);
#2629 = CARTESIAN_POINT('',(0.,6.65));
#2630 = VECTOR('',#2631,1.);
#2631 = DIRECTION('',(1.,0.));
#2632 = ( GEOMETRIC_REPRESENTATION_CONTEXT(2) 
PARAMETRIC_REPRESENTATION_CONTEXT() REPRESENTATION_CONTEXT('2D SPACE',''
  ) );
#2633 = ADVANCED_FACE('',(#2634),#751,.F.);
#2634 = FACE_BOUND('',#2635,.F.);
#2635 = EDGE_LOOP('',(#2636,#2637,#2638,#2661));
#2636 = ORIENTED_EDGE('',*,*,#2561,.F.);
#2637 = ORIENTED_EDGE('',*,*,#735,.T.);
#2638 = ORIENTED_EDGE('',*,*,#2639,.T.);
#2639 = EDGE_CURVE('',#708,#2640,#2642,.T.);
#2640 = VERTEX_POINT('',#2641);
#2641 = CARTESIAN_POINT('',(2.5,1.00000005,2.3500001));
#2642 = SURFACE_CURVE('',#2643,(#2647,#2654),.PCURVE_S1.);
#2643 = LINE('',#2644,#2645);
#2644 = CARTESIAN_POINT('',(19.5,1.00000005,2.3500001));
#2645 = VECTOR('',#2646,1.);
#2646 = DIRECTION('',(-1.,0.,1.110223024625E-16));
#2647 = PCURVE('',#751,#2648);
#2648 = DEFINITIONAL_REPRESENTATION('',(#2649),#2653);
#2649 = LINE('',#2650,#2651);
#2650 = CARTESIAN_POINT('',(0.,0.));
#2651 = VECTOR('',#2652,1.);
#2652 = DIRECTION('',(1.,0.));
#2653 = ( GEOMETRIC_REPRESENTATION_CONTEXT(2) 
PARAMETRIC_REPRESENTATION_CONTEXT() REPRESENTATION_CONTEXT('2D SPACE',''
  ) );
#2654 = PCURVE('',#723,#2655);
#2655 = DEFINITIONAL_REPRESENTATION('',(#2656),#2660);
#2656 = LINE('',#2657,#2658);
#2657 = CARTESIAN_POINT('',(0.,-5.));
#2658 = VECTOR('',#2659,1.);
#2659 = DIRECTION('',(1.,0.));
#2660 = ( GEOMETRIC_REPRESENTATION_CONTEXT(2) 
PARAMETRIC_REPRESENTATION_CONTEXT() REPRESENTATION_CONTEXT('2D SPACE',''
  ) );
#2661 = ORIENTED_EDGE('',*,*,#2662,.T.);
#2662 = EDGE_CURVE('',#2640,#2537,#2663,.T.);
#2663 = SURFACE_CURVE('',#2664,(#2668,#2675),.PCURVE_S1.);
#2664 = LINE('',#2665,#2666);
#2665 = CARTESIAN_POINT('',(2.5,1.00000005,2.3500001));
#2666 = VECTOR('',#2667,1.);
#2667 = DIRECTION('',(1.110223024625E-16,0.,1.));
#2668 = PCURVE('',#751,#2669);
#2669 = DEFINITIONAL_REPRESENTATION('',(#2670),#2674);
#2670 = LINE('',#2671,#2672);
#2671 = CARTESIAN_POINT('',(17.,-1.887379141863E-15));
#2672 = VECTOR('',#2673,1.);
#2673 = DIRECTION('',(0.,1.));
#2674 = ( GEOMETRIC_REPRESENTATION_CONTEXT(2) 
PARAMETRIC_REPRESENTATION_CONTEXT() REPRESENTATION_CONTEXT('2D SPACE',''
  ) );
#2675 = PCURVE('',#2500,#2676);
#2676 = DEFINITIONAL_REPRESENTATION('',(#2677),#2681);
#2677 = LINE('',#2678,#2679);
#2678 = CARTESIAN_POINT('',(0.,5.));
#2679 = VECTOR('',#2680,1.);
#2680 = DIRECTION('',(1.,0.));
#2681 = ( GEOMETRIC_REPRESENTATION_CONTEXT(2) 
PARAMETRIC_REPRESENTATION_CONTEXT() REPRESENTATION_CONTEXT('2D SPACE',''
  ) );
#2682 = ADVANCED_FACE('',(#2683,#2709,#2712),#723,.T.);
#2683 = FACE_BOUND('',#2684,.T.);
#2684 = EDGE_LOOP('',(#2685,#2706,#2707,#2708));
#2685 = ORIENTED_EDGE('',*,*,#2686,.F.);
#2686 = EDGE_CURVE('',#2485,#2640,#2687,.T.);
#2687 = SURFACE_CURVE('',#2688,(#2692,#2699),.PCURVE_S1.);
#2688 = LINE('',#2689,#2690);
#2689 = CARTESIAN_POINT('',(2.5,-3.99999995,2.3500001));
#2690 = VECTOR('',#2691,1.);
#2691 = DIRECTION('',(0.,1.,0.));
#2692 = PCURVE('',#723,#2693);
#2693 = DEFINITIONAL_REPRESENTATION('',(#2694),#2698);
#2694 = LINE('',#2695,#2696);
#2695 = CARTESIAN_POINT('',(17.,0.));
#2696 = VECTOR('',#2697,1.);
#2697 = DIRECTION('',(0.,-1.));
#2698 = ( GEOMETRIC_REPRESENTATION_CONTEXT(2) 
PARAMETRIC_REPRESENTATION_CONTEXT() REPRESENTATION_CONTEXT('2D SPACE',''
  ) );
#2699 = PCURVE('',#2500,#2700);
#2700 = DEFINITIONAL_REPRESENTATION('',(#2701),#2705);
#2701 = LINE('',#2702,#2703);
#2702 = CARTESIAN_POINT('',(0.,0.));
#2703 = VECTOR('',#2704,1.);
#2704 = DIRECTION('',(0.,1.));
#2705 = ( GEOMETRIC_REPRESENTATION_CONTEXT(2) 
PARAMETRIC_REPRESENTATION_CONTEXT() REPRESENTATION_CONTEXT('2D SPACE',''
  ) );
#2706 = ORIENTED_EDGE('',*,*,#2512,.T.);
#2707 = ORIENTED_EDGE('',*,*,#707,.T.);
#2708 = ORIENTED_EDGE('',*,*,#2639,.T.);
#2709 = FACE_BOUND('',#2710,.T.);
#2710 = EDGE_LOOP('',(#2711));
#2711 = ORIENTED_EDGE('',*,*,#1411,.F.);
#2712 = FACE_BOUND('',#2713,.T.);
#2713 = EDGE_LOOP('',(#2714));
#2714 = ORIENTED_EDGE('',*,*,#1463,.F.);
#2715 = ADVANCED_FACE('',(#2716),#1040,.F.);
#2716 = FACE_BOUND('',#2717,.F.);
#2717 = EDGE_LOOP('',(#2718,#2742,#2743,#2744,#2745));
#2718 = ORIENTED_EDGE('',*,*,#2719,.F.);
#2719 = EDGE_CURVE('',#940,#2720,#2722,.T.);
#2720 = VERTEX_POINT('',#2721);
#2721 = CARTESIAN_POINT('',(-11.3,-2.99999995,4.0000001));
#2722 = SURFACE_CURVE('',#2723,(#2728,#2735),.PCURVE_S1.);
#2723 = CIRCLE('',#2724,3.3);
#2724 = AXIS2_PLACEMENT_3D('',#2725,#2726,#2727);
#2725 = CARTESIAN_POINT('',(-8.,-2.99999995,4.0000001));
#2726 = DIRECTION('',(0.,1.,-0.));
#2727 = DIRECTION('',(-1.,0.,1.110223024625E-16));
#2728 = PCURVE('',#1040,#2729);
#2729 = DEFINITIONAL_REPRESENTATION('',(#2730),#2734);
#2730 = CIRCLE('',#2731,3.3);
#2731 = AXIS2_PLACEMENT_2D('',#2732,#2733);
#2732 = CARTESIAN_POINT('',(27.,4.));
#2733 = DIRECTION('',(1.,0.));
#2734 = ( GEOMETRIC_REPRESENTATION_CONTEXT(2) 
PARAMETRIC_REPRESENTATION_CONTEXT() REPRESENTATION_CONTEXT('2D SPACE',''
  ) );
#2735 = PCURVE('',#993,#2736);
#2736 = DEFINITIONAL_REPRESENTATION('',(#2737),#2741);
#2737 = LINE('',#2738,#2739);
#2738 = CARTESIAN_POINT('',(0.,1.));
#2739 = VECTOR('',#2740,1.);
#2740 = DIRECTION('',(1.,0.));
#2741 = ( GEOMETRIC_REPRESENTATION_CONTEXT(2) 
PARAMETRIC_REPRESENTATION_CONTEXT() REPRESENTATION_CONTEXT('2D SPACE',''
  ) );
#2742 = ORIENTED_EDGE('',*,*,#1024,.T.);
#2743 = ORIENTED_EDGE('',*,*,#2349,.F.);
#2744 = ORIENTED_EDGE('',*,*,#1915,.F.);
#2745 = ORIENTED_EDGE('',*,*,#2746,.F.);
#2746 = EDGE_CURVE('',#2720,#1836,#2747,.T.);
#2747 = SURFACE_CURVE('',#2748,(#2753,#2760),.PCURVE_S1.);
#2748 = CIRCLE('',#2749,3.3);
#2749 = AXIS2_PLACEMENT_3D('',#2750,#2751,#2752);
#2750 = CARTESIAN_POINT('',(-8.,-2.99999995,4.0000001));
#2751 = DIRECTION('',(0.,1.,-0.));
#2752 = DIRECTION('',(-1.,0.,1.110223024625E-16));
#2753 = PCURVE('',#1040,#2754);
#2754 = DEFINITIONAL_REPRESENTATION('',(#2755),#2759);
#2755 = CIRCLE('',#2756,3.3);
#2756 = AXIS2_PLACEMENT_2D('',#2757,#2758);
#2757 = CARTESIAN_POINT('',(27.,4.));
#2758 = DIRECTION('',(1.,0.));
#2759 = ( GEOMETRIC_REPRESENTATION_CONTEXT(2) 
PARAMETRIC_REPRESENTATION_CONTEXT() REPRESENTATION_CONTEXT('2D SPACE',''
  ) );
#2760 = PCURVE('',#993,#2761);
#2761 = DEFINITIONAL_REPRESENTATION('',(#2762),#2766);
#2762 = LINE('',#2763,#2764);
#2763 = CARTESIAN_POINT('',(0.,1.));
#2764 = VECTOR('',#2765,1.);
#2765 = DIRECTION('',(1.,0.));
#2766 = ( GEOMETRIC_REPRESENTATION_CONTEXT(2) 
PARAMETRIC_REPRESENTATION_CONTEXT() REPRESENTATION_CONTEXT('2D SPACE',''
  ) );
#2767 = ADVANCED_FACE('',(#2768),#993,.F.);
#2768 = FACE_BOUND('',#2769,.F.);
#2769 = EDGE_LOOP('',(#2770,#2793,#2820,#2821,#2822,#2823,#2824,#2825));
#2770 = ORIENTED_EDGE('',*,*,#2771,.T.);
#2771 = EDGE_CURVE('',#2720,#2772,#2774,.T.);
#2772 = VERTEX_POINT('',#2773);
#2773 = CARTESIAN_POINT('',(-11.3,5.00000005843E-08,4.0000001));
#2774 = SEAM_CURVE('',#2775,(#2779,#2786),.PCURVE_S1.);
#2775 = LINE('',#2776,#2777);
#2776 = CARTESIAN_POINT('',(-11.3,-3.99999995,4.0000001));
#2777 = VECTOR('',#2778,1.);
#2778 = DIRECTION('',(0.,1.,0.));
#2779 = PCURVE('',#993,#2780);
#2780 = DEFINITIONAL_REPRESENTATION('',(#2781),#2785);
#2781 = LINE('',#2782,#2783);
#2782 = CARTESIAN_POINT('',(6.28318530718,-0.));
#2783 = VECTOR('',#2784,1.);
#2784 = DIRECTION('',(0.,1.));
#2785 = ( GEOMETRIC_REPRESENTATION_CONTEXT(2) 
PARAMETRIC_REPRESENTATION_CONTEXT() REPRESENTATION_CONTEXT('2D SPACE',''
  ) );
#2786 = PCURVE('',#993,#2787);
#2787 = DEFINITIONAL_REPRESENTATION('',(#2788),#2792);
#2788 = LINE('',#2789,#2790);
#2789 = CARTESIAN_POINT('',(0.,-0.));
#2790 = VECTOR('',#2791,1.);
#2791 = DIRECTION('',(0.,1.));
#2792 = ( GEOMETRIC_REPRESENTATION_CONTEXT(2) 
PARAMETRIC_REPRESENTATION_CONTEXT() REPRESENTATION_CONTEXT('2D SPACE',''
  ) );
#2793 = ORIENTED_EDGE('',*,*,#2794,.F.);
#2794 = EDGE_CURVE('',#2772,#2772,#2795,.T.);
#2795 = SURFACE_CURVE('',#2796,(#2801,#2808),.PCURVE_S1.);
#2796 = CIRCLE('',#2797,3.3);
#2797 = AXIS2_PLACEMENT_3D('',#2798,#2799,#2800);
#2798 = CARTESIAN_POINT('',(-8.,5.00000005843E-08,4.0000001));
#2799 = DIRECTION('',(0.,1.,-0.));
#2800 = DIRECTION('',(-1.,0.,1.110223024625E-16));
#2801 = PCURVE('',#993,#2802);
#2802 = DEFINITIONAL_REPRESENTATION('',(#2803),#2807);
#2803 = LINE('',#2804,#2805);
#2804 = CARTESIAN_POINT('',(0.,4.));
#2805 = VECTOR('',#2806,1.);
#2806 = DIRECTION('',(1.,0.));
#2807 = ( GEOMETRIC_REPRESENTATION_CONTEXT(2) 
PARAMETRIC_REPRESENTATION_CONTEXT() REPRESENTATION_CONTEXT('2D SPACE',''
  ) );
#2808 = PCURVE('',#2809,#2814);
#2809 = PLANE('',#2810);
#2810 = AXIS2_PLACEMENT_3D('',#2811,#2812,#2813);
#2811 = CARTESIAN_POINT('',(-8.,5.00000005843E-08,4.0000001));
#2812 = DIRECTION('',(0.,1.,0.));
#2813 = DIRECTION('',(-1.,0.,1.110223024625E-16));
#2814 = DEFINITIONAL_REPRESENTATION('',(#2815),#2819);
#2815 = CIRCLE('',#2816,3.3);
#2816 = AXIS2_PLACEMENT_2D('',#2817,#2818);
#2817 = CARTESIAN_POINT('',(0.,0.));
#2818 = DIRECTION('',(1.,0.));
#2819 = ( GEOMETRIC_REPRESENTATION_CONTEXT(2) 
PARAMETRIC_REPRESENTATION_CONTEXT() REPRESENTATION_CONTEXT('2D SPACE',''
  ) );
#2820 = ORIENTED_EDGE('',*,*,#2771,.F.);
#2821 = ORIENTED_EDGE('',*,*,#2746,.T.);
#2822 = ORIENTED_EDGE('',*,*,#1835,.T.);
#2823 = ORIENTED_EDGE('',*,*,#2437,.T.);
#2824 = ORIENTED_EDGE('',*,*,#939,.T.);
#2825 = ORIENTED_EDGE('',*,*,#2719,.T.);
#2826 = ADVANCED_FACE('',(#2827),#1558,.F.);
#2827 = FACE_BOUND('',#2828,.F.);
#2828 = EDGE_LOOP('',(#2829,#2830,#2853,#2875));
#2829 = ORIENTED_EDGE('',*,*,#1541,.F.);
#2830 = ORIENTED_EDGE('',*,*,#2831,.F.);
#2831 = EDGE_CURVE('',#2832,#1542,#2834,.T.);
#2832 = VERTEX_POINT('',#2833);
#2833 = CARTESIAN_POINT('',(-9.7,5.00000005843E-08,4.0000001));
#2834 = SEAM_CURVE('',#2835,(#2839,#2846),.PCURVE_S1.);
#2835 = LINE('',#2836,#2837);
#2836 = CARTESIAN_POINT('',(-9.7,-3.99999995,4.0000001));
#2837 = VECTOR('',#2838,1.);
#2838 = DIRECTION('',(0.,1.,0.));
#2839 = PCURVE('',#1558,#2840);
#2840 = DEFINITIONAL_REPRESENTATION('',(#2841),#2845);
#2841 = LINE('',#2842,#2843);
#2842 = CARTESIAN_POINT('',(6.28318530718,-0.));
#2843 = VECTOR('',#2844,1.);
#2844 = DIRECTION('',(0.,1.));
#2845 = ( GEOMETRIC_REPRESENTATION_CONTEXT(2) 
PARAMETRIC_REPRESENTATION_CONTEXT() REPRESENTATION_CONTEXT('2D SPACE',''
  ) );
#2846 = PCURVE('',#1558,#2847);
#2847 = DEFINITIONAL_REPRESENTATION('',(#2848),#2852);
#2848 = LINE('',#2849,#2850);
#2849 = CARTESIAN_POINT('',(0.,-0.));
#2850 = VECTOR('',#2851,1.);
#2851 = DIRECTION('',(0.,1.));
#2852 = ( GEOMETRIC_REPRESENTATION_CONTEXT(2) 
PARAMETRIC_REPRESENTATION_CONTEXT() REPRESENTATION_CONTEXT('2D SPACE',''
  ) );
#2853 = ORIENTED_EDGE('',*,*,#2854,.T.);
#2854 = EDGE_CURVE('',#2832,#2832,#2855,.T.);
#2855 = SURFACE_CURVE('',#2856,(#2861,#2868),.PCURVE_S1.);
#2856 = CIRCLE('',#2857,1.7);
#2857 = AXIS2_PLACEMENT_3D('',#2858,#2859,#2860);
#2858 = CARTESIAN_POINT('',(-8.,5.00000005843E-08,4.0000001));
#2859 = DIRECTION('',(0.,1.,-0.));
#2860 = DIRECTION('',(-1.,0.,1.110223024625E-16));
#2861 = PCURVE('',#1558,#2862);
#2862 = DEFINITIONAL_REPRESENTATION('',(#2863),#2867);
#2863 = LINE('',#2864,#2865);
#2864 = CARTESIAN_POINT('',(0.,4.));
#2865 = VECTOR('',#2866,1.);
#2866 = DIRECTION('',(1.,0.));
#2867 = ( GEOMETRIC_REPRESENTATION_CONTEXT(2) 
PARAMETRIC_REPRESENTATION_CONTEXT() REPRESENTATION_CONTEXT('2D SPACE',''
  ) );
#2868 = PCURVE('',#2809,#2869);
#2869 = DEFINITIONAL_REPRESENTATION('',(#2870),#2874);
#2870 = CIRCLE('',#2871,1.7);
#2871 = AXIS2_PLACEMENT_2D('',#2872,#2873);
#2872 = CARTESIAN_POINT('',(0.,0.));
#2873 = DIRECTION('',(1.,0.));
#2874 = ( GEOMETRIC_REPRESENTATION_CONTEXT(2) 
PARAMETRIC_REPRESENTATION_CONTEXT() REPRESENTATION_CONTEXT('2D SPACE',''
  ) );
#2875 = ORIENTED_EDGE('',*,*,#2831,.T.);
#2876 = ADVANCED_FACE('',(#2877),#1589,.F.);
#2877 = FACE_BOUND('',#2878,.F.);
#2878 = EDGE_LOOP('',(#2879,#2880,#2901,#2902));
#2879 = ORIENTED_EDGE('',*,*,#1572,.F.);
#2880 = ORIENTED_EDGE('',*,*,#2881,.F.);
#2881 = EDGE_CURVE('',#2403,#1573,#2882,.T.);
#2882 = SEAM_CURVE('',#2883,(#2887,#2894),.PCURVE_S1.);
#2883 = LINE('',#2884,#2885);
#2884 = CARTESIAN_POINT('',(-17.7,-3.99999995,4.0000001));
#2885 = VECTOR('',#2886,1.);
#2886 = DIRECTION('',(0.,1.,0.));
#2887 = PCURVE('',#1589,#2888);
#2888 = DEFINITIONAL_REPRESENTATION('',(#2889),#2893);
#2889 = LINE('',#2890,#2891);
#2890 = CARTESIAN_POINT('',(6.28318530718,-0.));
#2891 = VECTOR('',#2892,1.);
#2892 = DIRECTION('',(0.,1.));
#2893 = ( GEOMETRIC_REPRESENTATION_CONTEXT(2) 
PARAMETRIC_REPRESENTATION_CONTEXT() REPRESENTATION_CONTEXT('2D SPACE',''
  ) );
#2894 = PCURVE('',#1589,#2895);
#2895 = DEFINITIONAL_REPRESENTATION('',(#2896),#2900);
#2896 = LINE('',#2897,#2898);
#2897 = CARTESIAN_POINT('',(0.,-0.));
#2898 = VECTOR('',#2899,1.);
#2899 = DIRECTION('',(0.,1.));
#2900 = ( GEOMETRIC_REPRESENTATION_CONTEXT(2) 
PARAMETRIC_REPRESENTATION_CONTEXT() REPRESENTATION_CONTEXT('2D SPACE',''
  ) );
#2901 = ORIENTED_EDGE('',*,*,#2402,.T.);
#2902 = ORIENTED_EDGE('',*,*,#2881,.T.);
#2903 = ADVANCED_FACE('',(#2904),#1748,.F.);
#2904 = FACE_BOUND('',#2905,.F.);
#2905 = EDGE_LOOP('',(#2906,#2907,#2928,#2929,#2930,#2931));
#2906 = ORIENTED_EDGE('',*,*,#1731,.F.);
#2907 = ORIENTED_EDGE('',*,*,#2908,.F.);
#2908 = EDGE_CURVE('',#2585,#1732,#2909,.T.);
#2909 = SEAM_CURVE('',#2910,(#2914,#2921),.PCURVE_S1.);
#2910 = LINE('',#2911,#2912);
#2911 = CARTESIAN_POINT('',(13.3,-0.99999995,-0.9999999));
#2912 = VECTOR('',#2913,1.);
#2913 = DIRECTION('',(1.110223024625E-16,0.,1.));
#2914 = PCURVE('',#1748,#2915);
#2915 = DEFINITIONAL_REPRESENTATION('',(#2916),#2920);
#2916 = LINE('',#2917,#2918);
#2917 = CARTESIAN_POINT('',(6.28318530718,-0.));
#2918 = VECTOR('',#2919,1.);
#2919 = DIRECTION('',(0.,1.));
#2920 = ( GEOMETRIC_REPRESENTATION_CONTEXT(2) 
PARAMETRIC_REPRESENTATION_CONTEXT() REPRESENTATION_CONTEXT('2D SPACE',''
  ) );
#2921 = PCURVE('',#1748,#2922);
#2922 = DEFINITIONAL_REPRESENTATION('',(#2923),#2927);
#2923 = LINE('',#2924,#2925);
#2924 = CARTESIAN_POINT('',(0.,-0.));
#2925 = VECTOR('',#2926,1.);
#2926 = DIRECTION('',(0.,1.));
#2927 = ( GEOMETRIC_REPRESENTATION_CONTEXT(2) 
PARAMETRIC_REPRESENTATION_CONTEXT() REPRESENTATION_CONTEXT('2D SPACE',''
  ) );
#2928 = ORIENTED_EDGE('',*,*,#2584,.T.);
#2929 = ORIENTED_EDGE('',*,*,#2908,.T.);
#2930 = ORIENTED_EDGE('',*,*,#1760,.F.);
#2931 = ORIENTED_EDGE('',*,*,#2168,.F.);
#2932 = ADVANCED_FACE('',(#2933),#1672,.F.);
#2933 = FACE_BOUND('',#2934,.F.);
#2934 = EDGE_LOOP('',(#2935,#2936,#2957,#2958,#2959,#2960));
#2935 = ORIENTED_EDGE('',*,*,#1655,.F.);
#2936 = ORIENTED_EDGE('',*,*,#2937,.F.);
#2937 = EDGE_CURVE('',#2611,#1656,#2938,.T.);
#2938 = SEAM_CURVE('',#2939,(#2943,#2950),.PCURVE_S1.);
#2939 = LINE('',#2940,#2941);
#2940 = CARTESIAN_POINT('',(5.3,-0.99999995,-0.9999999));
#2941 = VECTOR('',#2942,1.);
#2942 = DIRECTION('',(1.110223024625E-16,0.,1.));
#2943 = PCURVE('',#1672,#2944);
#2944 = DEFINITIONAL_REPRESENTATION('',(#2945),#2949);
#2945 = LINE('',#2946,#2947);
#2946 = CARTESIAN_POINT('',(6.28318530718,-0.));
#2947 = VECTOR('',#2948,1.);
#2948 = DIRECTION('',(0.,1.));
#2949 = ( GEOMETRIC_REPRESENTATION_CONTEXT(2) 
PARAMETRIC_REPRESENTATION_CONTEXT() REPRESENTATION_CONTEXT('2D SPACE',''
  ) );
#2950 = PCURVE('',#1672,#2951);
#2951 = DEFINITIONAL_REPRESENTATION('',(#2952),#2956);
#2952 = LINE('',#2953,#2954);
#2953 = CARTESIAN_POINT('',(0.,-0.));
#2954 = VECTOR('',#2955,1.);
#2955 = DIRECTION('',(0.,1.));
#2956 = ( GEOMETRIC_REPRESENTATION_CONTEXT(2) 
PARAMETRIC_REPRESENTATION_CONTEXT() REPRESENTATION_CONTEXT('2D SPACE',''
  ) );
#2957 = ORIENTED_EDGE('',*,*,#2610,.T.);
#2958 = ORIENTED_EDGE('',*,*,#2937,.T.);
#2959 = ORIENTED_EDGE('',*,*,#1684,.F.);
#2960 = ORIENTED_EDGE('',*,*,#2041,.F.);
#2961 = ADVANCED_FACE('',(#2962),#2500,.F.);
#2962 = FACE_BOUND('',#2963,.F.);
#2963 = EDGE_LOOP('',(#2964,#2965,#2966,#2967));
#2964 = ORIENTED_EDGE('',*,*,#2686,.F.);
#2965 = ORIENTED_EDGE('',*,*,#2484,.T.);
#2966 = ORIENTED_EDGE('',*,*,#2536,.T.);
#2967 = ORIENTED_EDGE('',*,*,#2662,.F.);
#2968 = ADVANCED_FACE('',(#2969,#2972),#2809,.F.);
#2969 = FACE_BOUND('',#2970,.F.);
#2970 = EDGE_LOOP('',(#2971));
#2971 = ORIENTED_EDGE('',*,*,#2794,.T.);
#2972 = FACE_BOUND('',#2973,.F.);
#2973 = EDGE_LOOP('',(#2974));
#2974 = ORIENTED_EDGE('',*,*,#2854,.F.);
#2975 = ( GEOMETRIC_REPRESENTATION_CONTEXT(3) 
GLOBAL_UNCERTAINTY_ASSIGNED_CONTEXT((#2979)) 
GLOBAL_UNIT_ASSIGNED_CONTEXT((#2976,#2977,#2978)) REPRESENTATION_CONTEXT
('Context #1','3D Context with UNIT and UNCERTAINTY') );
#2976 = ( LENGTH_UNIT() NAMED_UNIT(*) SI_UNIT(.MILLI.,.METRE.) );
#2977 = ( NAMED_UNIT(*) PLANE_ANGLE_UNIT() SI_UNIT($,.RADIAN.) );
#2978 = ( NAMED_UNIT(*) SI_UNIT($,.STERADIAN.) SOLID_ANGLE_UNIT() );
#2979 = UNCERTAINTY_MEASURE_WITH_UNIT(LENGTH_MEASURE(1.E-07),#2976,
  'distance_accuracy_value','confusion accuracy');
#2980 = PRODUCT_RELATED_PRODUCT_CATEGORY('part',$,(#7));
ENDSEC;
END-ISO-10303-21;
